  Step      1/3814 | ELBO Loss:  70.77 | CE: 6.947 | LR: 2.00e-06 |   0.3 st/s |    34,848 tok/s | Metal Unified GPU: 0.83GB (Peak: 4.51GB) | Swap: 5442.12M | ETA: 239.0m
  Step     50/3814 | ELBO Loss:  65.45 | CE: 6.311 | LR: 5.10e-05 |   0.3 st/s |    35,060 tok/s | Metal Unified GPU: 0.83GB (Peak: 4.51GB) | Swap: 4639.06M | ETA: 234.5m
  Step    100/3814 | ELBO Loss:  61.99 | CE: 6.407 | LR: 1.01e-04 |   0.3 st/s |    35,336 tok/s | Metal Unified GPU: 0.83GB (Peak: 4.51GB) | Swap: 4607.06M | ETA: 229.6m
  Step    150/3814 | ELBO Loss:  67.94 | CE: 6.478 | LR: 1.51e-04 |   0.3 st/s |    35,457 tok/s | Metal Unified GPU: 0.83GB (Peak: 4.51GB) | Swap: 4543.06M | ETA: 225.7m
  Step    200/3814 | ELBO Loss:  68.25 | CE: 6.478 | LR: 2.01e-04 |   0.3 st/s |    35,388 tok/s | Metal Unified GPU: 0.83GB (Peak: 4.51GB) | Swap: 4519.06M | ETA: 223.1m
  Step    250/3814 | ELBO Loss:  63.40 | CE: 6.315 | LR: 2.51e-04 |   0.3 st/s |    35,356 tok/s | Metal Unified GPU: 0.83GB (Peak: 4.51GB) | Swap: 4455.06M | ETA: 220.2m
  Step    300/3814 | ELBO Loss:  64.31 | CE: 6.469 | LR: 3.00e-04 |   0.3 st/s |    35,323 tok/s | Metal Unified GPU: 0.83GB (Peak: 4.51GB) | Swap: 4407.06M | ETA: 217.3m
  Step    350/3814 | ELBO Loss:  67.88 | CE: 6.573 | LR: 3.00e-04 |   0.3 st/s |    35,334 tok/s | Metal Unified GPU: 0.83GB (Peak: 4.51GB) | Swap: 4183.75M | ETA: 214.2m
  Step    400/3814 | ELBO Loss:  64.55 | CE: 6.404 | LR: 2.99e-04 |   0.3 st/s |    35,355 tok/s | Metal Unified GPU: 0.83GB (Peak: 4.51GB) | Swap: 4175.75M | ETA: 210.9m
  Step    450/3814 | ELBO Loss:  67.79 | CE: 6.524 | LR: 2.99e-04 |   0.3 st/s |    35,378 tok/s | Metal Unified GPU: 0.83GB (Peak: 4.51GB) | Swap: 4167.75M | ETA: 207.7m
  Step    500/3814 | ELBO Loss:  63.03 | CE: 6.358 | LR: 2.98e-04 |   0.3 st/s |    35,393 tok/s | Metal Unified GPU: 0.83GB (Peak: 4.51GB) | Swap: 4167.75M | ETA: 204.5m
  Step    550/3814 | ELBO Loss:  61.53 | CE: 6.296 | LR: 2.97e-04 |   0.3 st/s |    35,408 tok/s | Metal Unified GPU: 0.83GB (Peak: 4.51GB) | Swap: 4167.75M | ETA: 201.4m
  Step    600/3814 | ELBO Loss:  66.36 | CE: 6.363 | LR: 2.95e-04 |   0.3 st/s |    35,420 tok/s | Metal Unified GPU: 0.83GB (Peak: 4.51GB) | Swap: 4167.75M | ETA: 198.2m
  Step    650/3814 | ELBO Loss:  66.82 | CE: 6.530 | LR: 2.93e-04 |   0.3 st/s |    35,431 tok/s | Metal Unified GPU: 0.83GB (Peak: 4.51GB) | Swap: 4159.75M | ETA: 195.1m
  Step    700/3814 | ELBO Loss:  66.76 | CE: 6.402 | LR: 2.91e-04 |   0.3 st/s |    35,438 tok/s | Metal Unified GPU: 0.83GB (Peak: 4.51GB) | Swap: 4151.75M | ETA: 192.0m
  Step    750/3814 | ELBO Loss:  68.76 | CE: 6.628 | LR: 2.89e-04 |   0.3 st/s |    35,444 tok/s | Metal Unified GPU: 0.83GB (Peak: 4.51GB) | Swap: 4151.75M | ETA: 188.8m
  Step    800/3814 | ELBO Loss:  66.76 | CE: 6.501 | LR: 2.87e-04 |   0.3 st/s |    35,449 tok/s | Metal Unified GPU: 0.83GB (Peak: 4.51GB) | Swap: 4127.75M | ETA: 185.7m
  Step    850/3814 | ELBO Loss:  62.83 | CE: 6.318 | LR: 2.84e-04 |   0.3 st/s |    35,454 tok/s | Metal Unified GPU: 0.83GB (Peak: 4.51GB) | Swap: 4119.75M | ETA: 182.6m
  Step    900/3814 | ELBO Loss:  61.43 | CE: 6.219 | LR: 2.81e-04 |   0.3 st/s |    35,458 tok/s | Metal Unified GPU: 0.83GB (Peak: 4.51GB) | Swap: 4119.75M | ETA: 179.5m
  Step    950/3814 | ELBO Loss:  59.11 | CE: 6.209 | LR: 2.78e-04 |   0.3 st/s |    35,462 tok/s | Metal Unified GPU: 0.83GB (Peak: 4.51GB) | Swap: 4103.75M | ETA: 176.4m
  Step   1000/3814 | ELBO Loss:  68.65 | CE: 6.451 | LR: 2.74e-04 |   0.3 st/s |    35,464 tok/s | Metal Unified GPU: 0.83GB (Peak: 4.51GB) | Swap: 4103.75M | ETA: 173.3m
  Step   1050/3814 | ELBO Loss:  60.56 | CE: 6.353 | LR: 2.71e-04 |   0.3 st/s |    35,468 tok/s | Metal Unified GPU: 0.83GB (Peak: 4.51GB) | Swap: 4103.75M | ETA: 170.2m
  Step   1100/3814 | ELBO Loss:  65.38 | CE: 6.264 | LR: 2.67e-04 |   0.3 st/s |    35,470 tok/s | Metal Unified GPU: 0.83GB (Peak: 4.51GB) | Swap: 4103.75M | ETA: 167.1m
  Step   1150/3814 | ELBO Loss:  65.09 | CE: 6.375 | LR: 2.63e-04 |   0.3 st/s |    35,473 tok/s | Metal Unified GPU: 0.83GB (Peak: 4.51GB) | Swap: 4095.75M | ETA: 164.1m
  Step   1200/3814 | ELBO Loss:  67.34 | CE: 6.349 | LR: 2.59e-04 |   0.3 st/s |    35,475 tok/s | Metal Unified GPU: 0.83GB (Peak: 4.51GB) | Swap: 4095.75M | ETA: 161.0m
  Step   1250/3814 | ELBO Loss:  63.80 | CE: 6.249 | LR: 2.54e-04 |   0.3 st/s |    35,476 tok/s | Metal Unified GPU: 0.83GB (Peak: 4.51GB) | Swap: 4095.75M | ETA: 157.9m
  Step   1300/3814 | ELBO Loss:  64.29 | CE: 6.342 | LR: 2.50e-04 |   0.3 st/s |    35,478 tok/s | Metal Unified GPU: 0.83GB (Peak: 4.51GB) | Swap: 4087.75M | ETA: 154.8m
  Step   1350/3814 | ELBO Loss:  61.07 | CE: 6.301 | LR: 2.45e-04 |   0.3 st/s |    35,479 tok/s | Metal Unified GPU: 0.83GB (Peak: 4.51GB) | Swap: 4087.75M | ETA: 151.7m
  Step   1400/3814 | ELBO Loss:  68.02 | CE: 7.406 | LR: 2.40e-04 |   0.3 st/s |    35,479 tok/s | Metal Unified GPU: 0.83GB (Peak: 4.51GB) | Swap: 4087.75M | ETA: 148.6m
  Step   1450/3814 | ELBO Loss:  61.60 | CE: 6.213 | LR: 2.35e-04 |   0.3 st/s |    35,480 tok/s | Metal Unified GPU: 0.83GB (Peak: 4.51GB) | Swap: 4087.75M | ETA: 145.6m
  Step   1500/3814 | ELBO Loss:  60.07 | CE: 6.224 | LR: 2.29e-04 |   0.3 st/s |    35,480 tok/s | Metal Unified GPU: 0.83GB (Peak: 4.51GB) | Swap: 4087.75M | ETA: 142.5m
  Step   1550/3814 | ELBO Loss:  65.93 | CE: 6.441 | LR: 2.24e-04 |   0.3 st/s |    35,480 tok/s | Metal Unified GPU: 0.83GB (Peak: 4.51GB) | Swap: 4087.75M | ETA: 139.4m
  Step   1600/3814 | ELBO Loss:  61.25 | CE: 6.166 | LR: 2.19e-04 |   0.3 st/s |    35,481 tok/s | Metal Unified GPU: 0.83GB (Peak: 4.51GB) | Swap: 4087.75M | ETA: 136.3m
  Step   1650/3814 | ELBO Loss:  65.47 | CE: 6.367 | LR: 2.13e-04 |   0.3 st/s |    35,482 tok/s | Metal Unified GPU: 0.83GB (Peak: 4.51GB) | Swap: 4087.75M | ETA: 133.2m
  Step   1700/3814 | ELBO Loss:  62.19 | CE: 6.224 | LR: 2.07e-04 |   0.3 st/s |    35,483 tok/s | Metal Unified GPU: 0.83GB (Peak: 4.51GB) | Swap: 4087.75M | ETA: 130.2m
  Step   1750/3814 | ELBO Loss:  61.46 | CE: 6.146 | LR: 2.02e-04 |   0.3 st/s |    35,482 tok/s | Metal Unified GPU: 0.83GB (Peak: 4.51GB) | Swap: 3951.75M | ETA: 127.1m
  Step   1800/3814 | ELBO Loss:  60.06 | CE: 6.198 | LR: 1.96e-04 |   0.3 st/s |    35,482 tok/s | Metal Unified GPU: 0.83GB (Peak: 4.51GB) | Swap: 3951.75M | ETA: 124.0m
  Step   1850/3814 | ELBO Loss:  53.43 | CE: 5.883 | LR: 1.90e-04 |   0.3 st/s |    35,482 tok/s | Metal Unified GPU: 0.83GB (Peak: 4.51GB) | Swap: 3951.75M | ETA: 120.9m
  Step   1900/3814 | ELBO Loss:  67.72 | CE: 6.468 | LR: 1.84e-04 |   0.3 st/s |    35,483 tok/s | Metal Unified GPU: 0.83GB (Peak: 4.51GB) | Swap: 3951.75M | ETA: 117.8m
  Step   1950/3814 | ELBO Loss:  62.83 | CE: 6.295 | LR: 1.78e-04 |   0.3 st/s |    35,483 tok/s | Metal Unified GPU: 0.83GB (Peak: 4.51GB) | Swap: 3951.75M | ETA: 114.8m
  Step   2000/3814 | ELBO Loss:  63.04 | CE: 6.172 | LR: 1.72e-04 |   0.3 st/s |    35,483 tok/s | Metal Unified GPU: 0.83GB (Peak: 4.51GB) | Swap: 3943.75M | ETA: 111.7m
  Step   2050/3814 | ELBO Loss:  56.33 | CE: 6.007 | LR: 1.66e-04 |   0.3 st/s |    35,483 tok/s | Metal Unified GPU: 0.83GB (Peak: 4.51GB) | Swap: 3943.75M | ETA: 108.6m
  Step   2100/3814 | ELBO Loss:  62.28 | CE: 6.231 | LR: 1.60e-04 |   0.3 st/s |    35,484 tok/s | Metal Unified GPU: 0.83GB (Peak: 4.51GB) | Swap: 3943.75M | ETA: 105.5m
  Step   2150/3814 | ELBO Loss:  63.73 | CE: 6.306 | LR: 1.54e-04 |   0.3 st/s |    35,484 tok/s | Metal Unified GPU: 0.83GB (Peak: 4.51GB) | Swap: 3943.75M | ETA: 102.4m
  Step   2200/3814 | ELBO Loss:  63.34 | CE: 6.314 | LR: 1.48e-04 |   0.3 st/s |    35,485 tok/s | Metal Unified GPU: 0.83GB (Peak: 4.51GB) | Swap: 3927.75M | ETA: 99.4m
  Step   2250/3814 | ELBO Loss:  57.75 | CE: 5.875 | LR: 1.42e-04 |   0.3 st/s |    35,485 tok/s | Metal Unified GPU: 0.83GB (Peak: 4.51GB) | Swap: 3927.75M | ETA: 96.3m
  Step   2300/3814 | ELBO Loss:  62.35 | CE: 6.246 | LR: 1.36e-04 |   0.3 st/s |    35,485 tok/s | Metal Unified GPU: 0.83GB (Peak: 4.51GB) | Swap: 3927.75M | ETA: 93.2m
  Step   2350/3814 | ELBO Loss:  63.81 | CE: 6.243 | LR: 1.30e-04 |   0.3 st/s |    35,485 tok/s | Metal Unified GPU: 0.83GB (Peak: 4.51GB) | Swap: 3927.75M | ETA: 90.1m
  Step   2400/3814 | ELBO Loss:  64.82 | CE: 6.347 | LR: 1.24e-04 |   0.3 st/s |    35,485 tok/s | Metal Unified GPU: 0.83GB (Peak: 4.51GB) | Swap: 3927.75M | ETA: 87.0m
  Step   2450/3814 | ELBO Loss:  57.76 | CE: 6.143 | LR: 1.19e-04 |   0.3 st/s |    35,485 tok/s | Metal Unified GPU: 0.83GB (Peak: 4.51GB) | Swap: 3927.75M | ETA: 84.0m
  Step   2500/3814 | ELBO Loss:  62.38 | CE: 6.267 | LR: 1.13e-04 |   0.3 st/s |    35,485 tok/s | Metal Unified GPU: 0.83GB (Peak: 4.51GB) | Swap: 3919.75M | ETA: 80.9m
  Step   2550/3814 | ELBO Loss:  60.89 | CE: 6.404 | LR: 1.07e-04 |   0.3 st/s |    35,484 tok/s | Metal Unified GPU: 0.83GB (Peak: 4.51GB) | Swap: 3919.75M | ETA: 77.8m
  Step   2600/3814 | ELBO Loss:  62.39 | CE: 6.194 | LR: 1.02e-04 |   0.3 st/s |    35,484 tok/s | Metal Unified GPU: 0.83GB (Peak: 4.51GB) | Swap: 3919.75M | ETA: 74.7m
  Step   2650/3814 | ELBO Loss:  64.97 | CE: 6.427 | LR: 9.67e-05 |   0.3 st/s |    35,482 tok/s | Metal Unified GPU: 0.83GB (Peak: 4.51GB) | Swap: 3919.75M | ETA: 71.7m
  Step   2700/3814 | ELBO Loss:  65.45 | CE: 6.258 | LR: 9.16e-05 |   0.3 st/s |    35,482 tok/s | Metal Unified GPU: 0.83GB (Peak: 4.51GB) | Swap: 3863.75M | ETA: 68.6m
  Step   2750/3814 | ELBO Loss:  61.48 | CE: 6.164 | LR: 8.66e-05 |   0.3 st/s |    35,481 tok/s | Metal Unified GPU: 0.83GB (Peak: 4.51GB) | Swap: 3863.75M | ETA: 65.5m
  Step   2800/3814 | ELBO Loss:  65.47 | CE: 6.353 | LR: 8.18e-05 |   0.3 st/s |    35,481 tok/s | Metal Unified GPU: 0.83GB (Peak: 4.51GB) | Swap: 3863.75M | ETA: 62.4m
  Step   2850/3814 | ELBO Loss:  61.82 | CE: 6.251 | LR: 7.71e-05 |   0.3 st/s |    35,481 tok/s | Metal Unified GPU: 0.83GB (Peak: 4.51GB) | Swap: 3847.75M | ETA: 59.4m
  Step   2900/3814 | ELBO Loss:  66.48 | CE: 6.335 | LR: 7.26e-05 |   0.3 st/s |    35,480 tok/s | Metal Unified GPU: 0.83GB (Peak: 4.51GB) | Swap: 3847.75M | ETA: 56.3m
  Step   2950/3814 | ELBO Loss:  65.93 | CE: 6.239 | LR: 6.83e-05 |   0.3 st/s |    35,480 tok/s | Metal Unified GPU: 0.83GB (Peak: 4.51GB) | Swap: 3823.75M | ETA: 53.2m
  Step   3000/3814 | ELBO Loss:  55.85 | CE: 5.981 | LR: 6.42e-05 |   0.3 st/s |    35,479 tok/s | Metal Unified GPU: 0.83GB (Peak: 4.51GB) | Swap: 3823.75M | ETA: 50.1m
  Step   3050/3814 | ELBO Loss:  57.40 | CE: 6.048 | LR: 6.03e-05 |   0.3 st/s |    35,479 tok/s | Metal Unified GPU: 0.83GB (Peak: 4.51GB) | Swap: 3815.75M | ETA: 47.0m
  Step   3100/3814 | ELBO Loss:  64.21 | CE: 6.334 | LR: 5.66e-05 |   0.3 st/s |    35,478 tok/s | Metal Unified GPU: 0.83GB (Peak: 4.51GB) | Swap: 3815.75M | ETA: 44.0m
  Step   3150/3814 | ELBO Loss:  60.96 | CE: 6.243 | LR: 5.31e-05 |   0.3 st/s |    35,478 tok/s | Metal Unified GPU: 0.83GB (Peak: 4.51GB) | Swap: 3815.75M | ETA: 40.9m
  Step   3200/3814 | ELBO Loss:  63.43 | CE: 6.325 | LR: 4.98e-05 |   0.3 st/s |    35,478 tok/s | Metal Unified GPU: 0.83GB (Peak: 4.51GB) | Swap: 3799.75M | ETA: 37.8m
  Step   3250/3814 | ELBO Loss:  64.88 | CE: 6.210 | LR: 4.68e-05 |   0.3 st/s |    35,478 tok/s | Metal Unified GPU: 0.83GB (Peak: 4.51GB) | Swap: 3799.75M | ETA: 34.7m
  Step   3300/3814 | ELBO Loss:  65.77 | CE: 6.315 | LR: 4.40e-05 |   0.3 st/s |    35,478 tok/s | Metal Unified GPU: 0.83GB (Peak: 4.51GB) | Swap: 3799.75M | ETA: 31.6m
  Step   3350/3814 | ELBO Loss:  67.74 | CE: 6.434 | LR: 4.14e-05 |   0.3 st/s |    35,478 tok/s | Metal Unified GPU: 0.83GB (Peak: 4.51GB) | Swap: 3799.75M | ETA: 28.6m
  Step   3400/3814 | ELBO Loss:  57.51 | CE: 6.133 | LR: 3.91e-05 |   0.3 st/s |    35,478 tok/s | Metal Unified GPU: 0.83GB (Peak: 4.51GB) | Swap: 3799.75M | ETA: 25.5m
  Step   3450/3814 | ELBO Loss:  65.84 | CE: 6.320 | LR: 3.71e-05 |   0.3 st/s |    35,477 tok/s | Metal Unified GPU: 0.83GB (Peak: 4.51GB) | Swap: 3799.75M | ETA: 22.4m
  Step   3500/3814 | ELBO Loss:  62.74 | CE: 6.212 | LR: 3.53e-05 |   0.3 st/s |    35,477 tok/s | Metal Unified GPU: 0.83GB (Peak: 4.51GB) | Swap: 3799.75M | ETA: 19.3m
  Step   3550/3814 | ELBO Loss:  59.02 | CE: 6.029 | LR: 3.37e-05 |   0.3 st/s |    35,477 tok/s | Metal Unified GPU: 0.83GB (Peak: 4.51GB) | Swap: 3799.75M | ETA: 16.3m
  Step   3600/3814 | ELBO Loss:  61.06 | CE: 6.182 | LR: 3.25e-05 |   0.3 st/s |    35,476 tok/s | Metal Unified GPU: 0.83GB (Peak: 4.51GB) | Swap: 3799.75M | ETA: 13.2m
  Step   3650/3814 | ELBO Loss:  67.95 | CE: 6.399 | LR: 3.14e-05 |   0.3 st/s |    35,476 tok/s | Metal Unified GPU: 0.83GB (Peak: 4.51GB) | Swap: 3799.75M | ETA: 10.1m
  Step   3700/3814 | ELBO Loss:  54.07 | CE: 5.919 | LR: 3.07e-05 |   0.3 st/s |    35,475 tok/s | Metal Unified GPU: 0.83GB (Peak: 4.51GB) | Swap: 3799.75M | ETA:  7.0m
  Step   3750/3814 | ELBO Loss:  60.82 | CE: 6.130 | LR: 3.02e-05 |   0.3 st/s |    35,475 tok/s | Metal Unified GPU: 0.83GB (Peak: 4.51GB) | Swap: 3799.75M | ETA:  3.9m
  Step   3800/3814 | ELBO Loss:  65.16 | CE: 6.324 | LR: 3.00e-05 |   0.3 st/s |    35,474 tok/s | Metal Unified GPU: 0.83GB (Peak: 4.51GB) | Swap: 3799.75M | ETA:  0.9m
  Step   3814/3814 | ELBO Loss:  70.20 | CE: 6.448 | LR: 3.00e-05 |   0.3 st/s |    35,474 tok/s | Metal Unified GPU: 0.83GB (Peak: 4.51GB) | Swap: 3799.75M | ETA:  0.0m
  Step      1/6502 | ELBO Loss: 112.20 | CE: 8.534 | LR: 2.40e-06 |   0.5 st/s |    60,954 tok/s | Metal Unified GPU: 0.41GB (Peak: 4.51GB) | Swap: 3799.75M | ETA: 233.0m
  Step     50/6502 | ELBO Loss:  96.12 | CE: 6.486 | LR: 6.12e-05 |   0.5 st/s |    61,694 tok/s | Metal Unified GPU: 0.41GB (Peak: 4.51GB) | Swap: 3799.75M | ETA: 228.5m
  Step    100/6502 | ELBO Loss:  92.22 | CE: 6.392 | LR: 1.21e-04 |   0.5 st/s |    61,298 tok/s | Metal Unified GPU: 0.41GB (Peak: 4.51GB) | Swap: 3799.75M | ETA: 228.2m
  Step    150/6502 | ELBO Loss:  69.80 | CE: 6.290 | LR: 1.81e-04 |   0.5 st/s |    61,064 tok/s | Metal Unified GPU: 0.41GB (Peak: 4.51GB) | Swap: 3799.75M | ETA: 227.2m
  Step    200/6502 | ELBO Loss:  79.70 | CE: 6.220 | LR: 2.41e-04 |   0.5 st/s |    60,886 tok/s | Metal Unified GPU: 0.41GB (Peak: 4.51GB) | Swap: 3799.75M | ETA: 226.1m
  Step    250/6502 | ELBO Loss:  78.13 | CE: 6.198 | LR: 3.00e-04 |   0.5 st/s |    60,814 tok/s | Metal Unified GPU: 0.41GB (Peak: 4.51GB) | Swap: 3799.75M | ETA: 224.6m
  Step    300/6502 | ELBO Loss:  73.64 | CE: 6.329 | LR: 3.00e-04 |   0.5 st/s |    60,755 tok/s | Metal Unified GPU: 0.41GB (Peak: 4.51GB) | Swap: 3799.75M | ETA: 223.0m
  Step    350/6502 | ELBO Loss:  65.09 | CE: 6.204 | LR: 3.00e-04 |   0.5 st/s |    60,715 tok/s | Metal Unified GPU: 0.41GB (Peak: 4.51GB) | Swap: 3799.75M | ETA: 221.4m
  Step    400/6502 | ELBO Loss:  81.09 | CE: 6.260 | LR: 3.00e-04 |   0.5 st/s |    60,687 tok/s | Metal Unified GPU: 0.41GB (Peak: 4.51GB) | Swap: 3799.75M | ETA: 219.7m
  Step    450/6502 | ELBO Loss:  83.05 | CE: 6.256 | LR: 2.99e-04 |   0.5 st/s |    60,666 tok/s | Metal Unified GPU: 0.41GB (Peak: 4.51GB) | Swap: 3799.75M | ETA: 217.9m
  Step    500/6502 | ELBO Loss:  63.45 | CE: 6.084 | LR: 2.99e-04 |   0.5 st/s |    60,647 tok/s | Metal Unified GPU: 0.41GB (Peak: 4.51GB) | Swap: 3799.75M | ETA: 216.2m
  Step    550/6502 | ELBO Loss:  57.51 | CE: 6.009 | LR: 2.98e-04 |   0.5 st/s |    60,632 tok/s | Metal Unified GPU: 0.41GB (Peak: 4.51GB) | Swap: 3799.75M | ETA: 214.4m
  Step    600/6502 | ELBO Loss:  66.51 | CE: 5.990 | LR: 2.98e-04 |   0.5 st/s |    60,623 tok/s | Metal Unified GPU: 0.41GB (Peak: 4.51GB) | Swap: 3799.75M | ETA: 212.7m
  Step    650/6502 | ELBO Loss:  70.85 | CE: 6.196 | LR: 2.97e-04 |   0.5 st/s |    60,610 tok/s | Metal Unified GPU: 0.41GB (Peak: 4.51GB) | Swap: 3799.75M | ETA: 210.9m
  Step    700/6502 | ELBO Loss:  62.19 | CE: 5.993 | LR: 2.97e-04 |   0.5 st/s |    60,600 tok/s | Metal Unified GPU: 0.41GB (Peak: 4.51GB) | Swap: 3799.75M | ETA: 209.2m
  Step    750/6502 | ELBO Loss:  77.09 | CE: 6.364 | LR: 2.96e-04 |   0.5 st/s |    60,590 tok/s | Metal Unified GPU: 0.41GB (Peak: 4.51GB) | Swap: 3799.75M | ETA: 207.4m
  Step    800/6502 | ELBO Loss:  60.88 | CE: 6.172 | LR: 2.95e-04 |   0.5 st/s |    60,581 tok/s | Metal Unified GPU: 0.41GB (Peak: 4.51GB) | Swap: 3799.75M | ETA: 205.6m
  Step    850/6502 | ELBO Loss:  73.38 | CE: 6.144 | LR: 2.94e-04 |   0.5 st/s |    60,575 tok/s | Metal Unified GPU: 0.41GB (Peak: 4.51GB) | Swap: 3799.75M | ETA: 203.8m
  Step    900/6502 | ELBO Loss:  58.25 | CE: 5.984 | LR: 2.93e-04 |   0.5 st/s |    60,568 tok/s | Metal Unified GPU: 0.41GB (Peak: 4.51GB) | Swap: 3799.75M | ETA: 202.0m
  Step    950/6502 | ELBO Loss:  89.71 | CE: 6.283 | LR: 2.92e-04 |   0.5 st/s |    60,560 tok/s | Metal Unified GPU: 0.41GB (Peak: 4.51GB) | Swap: 3799.75M | ETA: 200.3m
  Step   1000/6502 | ELBO Loss:  66.22 | CE: 6.051 | LR: 2.91e-04 |   0.5 st/s |    60,550 tok/s | Metal Unified GPU: 0.41GB (Peak: 4.51GB) | Swap: 3799.75M | ETA: 198.5m
  Step   1050/6502 | ELBO Loss:  83.83 | CE: 6.340 | LR: 2.89e-04 |   0.5 st/s |    60,543 tok/s | Metal Unified GPU: 0.41GB (Peak: 4.51GB) | Swap: 3799.75M | ETA: 196.7m
  Step   1100/6502 | ELBO Loss:  76.21 | CE: 6.071 | LR: 2.88e-04 |   0.5 st/s |    60,539 tok/s | Metal Unified GPU: 0.41GB (Peak: 4.51GB) | Swap: 3799.75M | ETA: 194.9m
  Step   1150/6502 | ELBO Loss:  67.55 | CE: 5.982 | LR: 2.86e-04 |   0.5 st/s |    60,533 tok/s | Metal Unified GPU: 0.41GB (Peak: 4.51GB) | Swap: 3799.75M | ETA: 193.1m
  Step   1200/6502 | ELBO Loss:  55.24 | CE: 5.736 | LR: 2.85e-04 |   0.5 st/s |    60,528 tok/s | Metal Unified GPU: 0.41GB (Peak: 4.51GB) | Swap: 3799.75M | ETA: 191.4m
  Step   1250/6502 | ELBO Loss:  66.59 | CE: 5.907 | LR: 2.83e-04 |   0.5 st/s |    60,522 tok/s | Metal Unified GPU: 0.41GB (Peak: 4.51GB) | Swap: 3799.75M | ETA: 189.6m
  Step   1300/6502 | ELBO Loss:  88.04 | CE: 6.190 | LR: 2.82e-04 |   0.5 st/s |    60,517 tok/s | Metal Unified GPU: 0.41GB (Peak: 4.51GB) | Swap: 3799.75M | ETA: 187.8m
  Step   1350/6502 | ELBO Loss:  77.78 | CE: 6.046 | LR: 2.80e-04 |   0.5 st/s |    60,512 tok/s | Metal Unified GPU: 0.41GB (Peak: 4.51GB) | Swap: 3791.75M | ETA: 186.0m
  Step   1400/6502 | ELBO Loss:  56.03 | CE: 8.133 | LR: 2.78e-04 |   0.5 st/s |    60,508 tok/s | Metal Unified GPU: 0.41GB (Peak: 4.51GB) | Swap: 3791.75M | ETA: 184.2m
  Step   1450/6502 | ELBO Loss:  81.97 | CE: 6.071 | LR: 2.76e-04 |   0.5 st/s |    60,497 tok/s | Metal Unified GPU: 0.41GB (Peak: 4.51GB) | Swap: 3783.75M | ETA: 182.4m
  Step   1500/6502 | ELBO Loss:  54.07 | CE: 5.831 | LR: 2.74e-04 |   0.5 st/s |    60,491 tok/s | Metal Unified GPU: 0.41GB (Peak: 4.51GB) | Swap: 3783.75M | ETA: 180.6m
  Step   1550/6502 | ELBO Loss:  93.88 | CE: 6.269 | LR: 2.72e-04 |   0.5 st/s |    60,487 tok/s | Metal Unified GPU: 0.41GB (Peak: 4.51GB) | Swap: 3783.75M | ETA: 178.8m
  Step   1600/6502 | ELBO Loss:  63.78 | CE: 5.848 | LR: 2.70e-04 |   0.5 st/s |    60,482 tok/s | Metal Unified GPU: 0.41GB (Peak: 4.51GB) | Swap: 3783.75M | ETA: 177.1m
  Step   1650/6502 | ELBO Loss:  71.99 | CE: 6.129 | LR: 2.68e-04 |   0.5 st/s |    60,478 tok/s | Metal Unified GPU: 0.41GB (Peak: 4.51GB) | Swap: 3783.75M | ETA: 175.3m
  Step   1700/6502 | ELBO Loss:  95.51 | CE: 6.193 | LR: 2.66e-04 |   0.5 st/s |    60,474 tok/s | Metal Unified GPU: 0.41GB (Peak: 4.51GB) | Swap: 3783.75M | ETA: 173.5m
  Step   1750/6502 | ELBO Loss:  73.18 | CE: 6.065 | LR: 2.63e-04 |   0.5 st/s |    60,471 tok/s | Metal Unified GPU: 0.41GB (Peak: 4.51GB) | Swap: 3783.75M | ETA: 171.7m
  Step   1800/6502 | ELBO Loss:  77.40 | CE: 6.071 | LR: 2.61e-04 |   0.5 st/s |    60,466 tok/s | Metal Unified GPU: 0.41GB (Peak: 4.51GB) | Swap: 3783.75M | ETA: 169.9m
  Step   1850/6502 | ELBO Loss:  69.42 | CE: 5.886 | LR: 2.59e-04 |   0.5 st/s |    60,461 tok/s | Metal Unified GPU: 0.41GB (Peak: 4.51GB) | Swap: 3783.75M | ETA: 168.1m
  Step   1900/6502 | ELBO Loss:  63.42 | CE: 5.865 | LR: 2.56e-04 |   0.5 st/s |    60,459 tok/s | Metal Unified GPU: 0.41GB (Peak: 4.51GB) | Swap: 3783.75M | ETA: 166.3m
  Step   1950/6502 | ELBO Loss:  61.05 | CE: 5.991 | LR: 2.54e-04 |   0.5 st/s |    60,456 tok/s | Metal Unified GPU: 0.41GB (Peak: 4.51GB) | Swap: 3783.75M | ETA: 164.5m
  Step   2000/6502 | ELBO Loss:  93.70 | CE: 6.165 | LR: 2.51e-04 |   0.5 st/s |    60,452 tok/s | Metal Unified GPU: 0.41GB (Peak: 4.51GB) | Swap: 3775.75M | ETA: 162.7m
  Step   2050/6502 | ELBO Loss:  67.43 | CE: 5.882 | LR: 2.48e-04 |   0.5 st/s |    60,449 tok/s | Metal Unified GPU: 0.41GB (Peak: 4.51GB) | Swap: 3775.75M | ETA: 160.9m
  Step   2100/6502 | ELBO Loss:  70.90 | CE: 5.974 | LR: 2.46e-04 |   0.5 st/s |    60,446 tok/s | Metal Unified GPU: 0.41GB (Peak: 4.51GB) | Swap: 3775.75M | ETA: 159.1m
  Step   2150/6502 | ELBO Loss:  81.21 | CE: 6.100 | LR: 2.43e-04 |   0.5 st/s |    60,444 tok/s | Metal Unified GPU: 0.41GB (Peak: 4.51GB) | Swap: 3775.75M | ETA: 157.3m
  Step   2200/6502 | ELBO Loss:  76.80 | CE: 6.093 | LR: 2.40e-04 |   0.5 st/s |    60,442 tok/s | Metal Unified GPU: 0.41GB (Peak: 4.51GB) | Swap: 3775.75M | ETA: 155.5m
  Step   2250/6502 | ELBO Loss:  57.81 | CE: 5.798 | LR: 2.37e-04 |   0.5 st/s |    60,440 tok/s | Metal Unified GPU: 0.41GB (Peak: 4.51GB) | Swap: 3775.75M | ETA: 153.7m
  Step   2300/6502 | ELBO Loss:  53.31 | CE: 5.882 | LR: 2.34e-04 |   0.5 st/s |    60,437 tok/s | Metal Unified GPU: 0.41GB (Peak: 4.51GB) | Swap: 3775.75M | ETA: 151.9m
  Step   2350/6502 | ELBO Loss:  78.87 | CE: 6.021 | LR: 2.32e-04 |   0.5 st/s |    60,435 tok/s | Metal Unified GPU: 0.41GB (Peak: 4.51GB) | Swap: 3775.75M | ETA: 150.1m
  Step   2400/6502 | ELBO Loss:  74.99 | CE: 5.970 | LR: 2.29e-04 |   0.5 st/s |    60,432 tok/s | Metal Unified GPU: 0.41GB (Peak: 4.51GB) | Swap: 3775.75M | ETA: 148.3m
  Step   2450/6502 | ELBO Loss:  95.25 | CE: 6.248 | LR: 2.26e-04 |   0.5 st/s |    60,431 tok/s | Metal Unified GPU: 0.41GB (Peak: 4.51GB) | Swap: 3775.75M | ETA: 146.5m
  Step   2500/6502 | ELBO Loss:  97.39 | CE: 6.176 | LR: 2.23e-04 |   0.5 st/s |    60,429 tok/s | Metal Unified GPU: 0.41GB (Peak: 4.51GB) | Swap: 3775.75M | ETA: 144.7m
  Step   2550/6502 | ELBO Loss:  64.65 | CE: 6.113 | LR: 2.19e-04 |   0.5 st/s |    60,426 tok/s | Metal Unified GPU: 0.41GB (Peak: 4.51GB) | Swap: 3775.75M | ETA: 142.9m
  Step   2600/6502 | ELBO Loss:  89.99 | CE: 6.115 | LR: 2.16e-04 |   0.5 st/s |    60,424 tok/s | Metal Unified GPU: 0.41GB (Peak: 4.51GB) | Swap: 3775.75M | ETA: 141.1m
  Step   2650/6502 | ELBO Loss:  55.32 | CE: 5.949 | LR: 2.13e-04 |   0.5 st/s |    60,422 tok/s | Metal Unified GPU: 0.41GB (Peak: 4.51GB) | Swap: 3775.75M | ETA: 139.3m
  Step   2700/6502 | ELBO Loss: 104.80 | CE: 6.132 | LR: 2.10e-04 |   0.5 st/s |    60,420 tok/s | Metal Unified GPU: 0.41GB (Peak: 4.51GB) | Swap: 3759.75M | ETA: 137.5m
  Step   2750/6502 | ELBO Loss:  61.54 | CE: 5.877 | LR: 2.07e-04 |   0.5 st/s |    60,418 tok/s | Metal Unified GPU: 0.41GB (Peak: 4.51GB) | Swap: 3759.75M | ETA: 135.7m
  Step   2800/6502 | ELBO Loss:  50.04 | CE: 5.794 | LR: 2.04e-04 |   0.5 st/s |    60,415 tok/s | Metal Unified GPU: 0.41GB (Peak: 4.51GB) | Swap: 3759.75M | ETA: 133.9m
  Step   2850/6502 | ELBO Loss:  72.17 | CE: 6.029 | LR: 2.00e-04 |   0.5 st/s |    60,414 tok/s | Metal Unified GPU: 0.41GB (Peak: 4.51GB) | Swap: 3759.75M | ETA: 132.1m
  Step   2900/6502 | ELBO Loss:  76.48 | CE: 6.007 | LR: 1.97e-04 |   0.5 st/s |    60,412 tok/s | Metal Unified GPU: 0.41GB (Peak: 4.51GB) | Swap: 3759.75M | ETA: 130.3m
  Step   2950/6502 | ELBO Loss:  86.18 | CE: 6.078 | LR: 1.94e-04 |   0.5 st/s |    60,410 tok/s | Metal Unified GPU: 0.41GB (Peak: 4.51GB) | Swap: 3759.75M | ETA: 128.4m
  Step   3000/6502 | ELBO Loss:  65.57 | CE: 5.891 | LR: 1.90e-04 |   0.5 st/s |    60,409 tok/s | Metal Unified GPU: 0.41GB (Peak: 4.51GB) | Swap: 3759.75M | ETA: 126.6m
  Step   3050/6502 | ELBO Loss:  58.06 | CE: 5.833 | LR: 1.87e-04 |   0.5 st/s |    60,408 tok/s | Metal Unified GPU: 0.41GB (Peak: 4.51GB) | Swap: 3759.75M | ETA: 124.8m
  Step   3100/6502 | ELBO Loss:  90.94 | CE: 6.186 | LR: 1.84e-04 |   0.5 st/s |    60,406 tok/s | Metal Unified GPU: 0.41GB (Peak: 4.51GB) | Swap: 3759.75M | ETA: 123.0m
  Step   3150/6502 | ELBO Loss:  68.48 | CE: 5.921 | LR: 1.80e-04 |   0.5 st/s |    60,405 tok/s | Metal Unified GPU: 0.41GB (Peak: 4.51GB) | Swap: 3759.75M | ETA: 121.2m
  Step   3200/6502 | ELBO Loss:  87.34 | CE: 6.084 | LR: 1.77e-04 |   0.5 st/s |    60,405 tok/s | Metal Unified GPU: 0.41GB (Peak: 4.51GB) | Swap: 3759.75M | ETA: 119.4m
  Step   3250/6502 | ELBO Loss:  78.03 | CE: 5.917 | LR: 1.74e-04 |   0.5 st/s |    60,405 tok/s | Metal Unified GPU: 0.41GB (Peak: 4.51GB) | Swap: 3759.75M | ETA: 117.6m
  Step   3300/6502 | ELBO Loss:  66.22 | CE: 6.034 | LR: 1.70e-04 |   0.5 st/s |    60,403 tok/s | Metal Unified GPU: 0.41GB (Peak: 4.51GB) | Swap: 3759.75M | ETA: 115.8m
  Step   3350/6502 | ELBO Loss:  57.21 | CE: 5.893 | LR: 1.67e-04 |   0.5 st/s |    60,401 tok/s | Metal Unified GPU: 0.41GB (Peak: 4.51GB) | Swap: 3759.75M | ETA: 114.0m
  Step   3400/6502 | ELBO Loss:  89.60 | CE: 6.114 | LR: 1.63e-04 |   0.5 st/s |    60,400 tok/s | Metal Unified GPU: 0.41GB (Peak: 4.51GB) | Swap: 3759.75M | ETA: 112.2m
  Step   3450/6502 | ELBO Loss:  70.44 | CE: 5.979 | LR: 1.60e-04 |   0.5 st/s |    60,398 tok/s | Metal Unified GPU: 0.41GB (Peak: 4.51GB) | Swap: 3759.75M | ETA: 110.4m
  Step   3500/6502 | ELBO Loss:  55.73 | CE: 5.770 | LR: 1.57e-04 |   0.5 st/s |    60,396 tok/s | Metal Unified GPU: 0.41GB (Peak: 4.51GB) | Swap: 3759.75M | ETA: 108.6m
  Step   3550/6502 | ELBO Loss:  82.10 | CE: 5.886 | LR: 1.53e-04 |   0.5 st/s |    60,395 tok/s | Metal Unified GPU: 0.41GB (Peak: 4.51GB) | Swap: 3759.75M | ETA: 106.8m
  Step   3600/6502 | ELBO Loss:  71.14 | CE: 6.018 | LR: 1.50e-04 |   0.5 st/s |    60,394 tok/s | Metal Unified GPU: 0.41GB (Peak: 4.51GB) | Swap: 3759.75M | ETA: 105.0m
  Step   3650/6502 | ELBO Loss:  58.79 | CE: 5.929 | LR: 1.46e-04 |   0.5 st/s |    60,392 tok/s | Metal Unified GPU: 0.41GB (Peak: 4.51GB) | Swap: 3759.75M | ETA: 103.2m
  Step   3700/6502 | ELBO Loss:  64.03 | CE: 5.711 | LR: 1.43e-04 |   0.5 st/s |    60,391 tok/s | Metal Unified GPU: 0.41GB (Peak: 4.51GB) | Swap: 3759.75M | ETA: 101.4m
  Step   3750/6502 | ELBO Loss:  60.64 | CE: 5.863 | LR: 1.40e-04 |   0.5 st/s |    60,390 tok/s | Metal Unified GPU: 0.41GB (Peak: 4.51GB) | Swap: 3759.75M | ETA: 99.6m
  Step   3800/6502 | ELBO Loss:  75.66 | CE: 5.993 | LR: 1.36e-04 |   0.5 st/s |    60,389 tok/s | Metal Unified GPU: 0.41GB (Peak: 4.51GB) | Swap: 3759.75M | ETA: 97.7m
  Step   3850/6502 | ELBO Loss:  83.05 | CE: 6.279 | LR: 1.33e-04 |   0.5 st/s |    60,388 tok/s | Metal Unified GPU: 0.41GB (Peak: 4.51GB) | Swap: 3759.75M | ETA: 95.9m
  Step   3900/6502 | ELBO Loss:  72.13 | CE: 6.075 | LR: 1.30e-04 |   0.5 st/s |    60,387 tok/s | Metal Unified GPU: 0.41GB (Peak: 4.51GB) | Swap: 3759.75M | ETA: 94.1m
  Step   3950/6502 | ELBO Loss:  60.92 | CE: 5.889 | LR: 1.27e-04 |   0.5 st/s |    60,385 tok/s | Metal Unified GPU: 0.41GB (Peak: 4.51GB) | Swap: 3759.75M | ETA: 92.3m
  Step   4000/6502 | ELBO Loss:  60.24 | CE: 5.824 | LR: 1.23e-04 |   0.5 st/s |    60,384 tok/s | Metal Unified GPU: 0.41GB (Peak: 4.51GB) | Swap: 3759.75M | ETA: 90.5m
  Step   4050/6502 | ELBO Loss:  56.84 | CE: 5.913 | LR: 1.20e-04 |   0.5 st/s |    60,382 tok/s | Metal Unified GPU: 0.41GB (Peak: 4.51GB) | Swap: 3759.75M | ETA: 88.7m
  Step   4100/6502 | ELBO Loss:  69.72 | CE: 5.988 | LR: 1.17e-04 |   0.5 st/s |    60,382 tok/s | Metal Unified GPU: 0.41GB (Peak: 4.51GB) | Swap: 3759.75M | ETA: 86.9m
  Step   4150/6502 | ELBO Loss:  55.99 | CE: 5.828 | LR: 1.14e-04 |   0.5 st/s |    60,381 tok/s | Metal Unified GPU: 0.41GB (Peak: 4.51GB) | Swap: 3759.75M | ETA: 85.1m
  Step   4200/6502 | ELBO Loss:  46.44 | CE: 5.673 | LR: 1.11e-04 |   0.5 st/s |    60,380 tok/s | Metal Unified GPU: 0.41GB (Peak: 4.51GB) | Swap: 3759.75M | ETA: 83.3m
  Step   4250/6502 | ELBO Loss:  78.29 | CE: 6.023 | LR: 1.08e-04 |   0.5 st/s |    60,379 tok/s | Metal Unified GPU: 0.41GB (Peak: 4.51GB) | Swap: 3759.75M | ETA: 81.5m
  Step   4300/6502 | ELBO Loss:  76.86 | CE: 6.050 | LR: 1.05e-04 |   0.5 st/s |    60,379 tok/s | Metal Unified GPU: 0.41GB (Peak: 4.51GB) | Swap: 3759.75M | ETA: 79.7m
  Step   4350/6502 | ELBO Loss:  59.08 | CE: 5.844 | LR: 1.02e-04 |   0.5 st/s |    60,378 tok/s | Metal Unified GPU: 0.41GB (Peak: 4.51GB) | Swap: 3751.75M | ETA: 77.9m
  Step   4400/6502 | ELBO Loss:  75.90 | CE: 6.054 | LR: 9.86e-05 |   0.5 st/s |    60,378 tok/s | Metal Unified GPU: 0.41GB (Peak: 4.51GB) | Swap: 3751.75M | ETA: 76.1m
  Step   4450/6502 | ELBO Loss:  63.88 | CE: 5.940 | LR: 9.56e-05 |   0.5 st/s |    60,377 tok/s | Metal Unified GPU: 0.41GB (Peak: 4.51GB) | Swap: 3751.75M | ETA: 74.2m
  Step   4500/6502 | ELBO Loss:  63.43 | CE: 5.889 | LR: 9.27e-05 |   0.5 st/s |    60,377 tok/s | Metal Unified GPU: 0.41GB (Peak: 4.51GB) | Swap: 3751.75M | ETA: 72.4m
  Step   4550/6502 | ELBO Loss:  67.32 | CE: 5.723 | LR: 8.99e-05 |   0.5 st/s |    60,376 tok/s | Metal Unified GPU: 0.41GB (Peak: 4.51GB) | Swap: 3751.75M | ETA: 70.6m
  Step   4600/6502 | ELBO Loss:  70.10 | CE: 7.054 | LR: 8.71e-05 |   0.5 st/s |    60,375 tok/s | Metal Unified GPU: 0.41GB (Peak: 4.51GB) | Swap: 3751.75M | ETA: 68.8m
  Step   4650/6502 | ELBO Loss:  57.48 | CE: 5.845 | LR: 8.44e-05 |   0.5 st/s |    60,374 tok/s | Metal Unified GPU: 0.41GB (Peak: 4.51GB) | Swap: 3751.75M | ETA: 67.0m
  Step   4700/6502 | ELBO Loss:  88.25 | CE: 6.130 | LR: 8.17e-05 |   0.5 st/s |    60,374 tok/s | Metal Unified GPU: 0.41GB (Peak: 4.51GB) | Swap: 3751.75M | ETA: 65.2m
  Step   4750/6502 | ELBO Loss:  56.83 | CE: 5.704 | LR: 7.90e-05 |   0.5 st/s |    60,371 tok/s | Metal Unified GPU: 0.41GB (Peak: 4.51GB) | Swap: 3751.75M | ETA: 63.4m
  Step   4800/6502 | ELBO Loss:  57.44 | CE: 5.753 | LR: 7.64e-05 |   0.5 st/s |    60,370 tok/s | Metal Unified GPU: 0.41GB (Peak: 4.51GB) | Swap: 3743.75M | ETA: 61.6m
  Step   4850/6502 | ELBO Loss:  86.61 | CE: 5.959 | LR: 7.39e-05 |   0.5 st/s |    60,369 tok/s | Metal Unified GPU: 0.41GB (Peak: 4.51GB) | Swap: 3743.75M | ETA: 59.8m
  Step   4900/6502 | ELBO Loss:  77.01 | CE: 5.910 | LR: 7.14e-05 |   0.5 st/s |    60,369 tok/s | Metal Unified GPU: 0.41GB (Peak: 4.51GB) | Swap: 3743.75M | ETA: 58.0m
  Step   4950/6502 | ELBO Loss:  87.60 | CE: 6.022 | LR: 6.90e-05 |   0.5 st/s |    60,368 tok/s | Metal Unified GPU: 0.41GB (Peak: 4.51GB) | Swap: 3743.75M | ETA: 56.2m
  Step   5000/6502 | ELBO Loss:  65.97 | CE: 5.969 | LR: 6.67e-05 |   0.5 st/s |    60,368 tok/s | Metal Unified GPU: 0.41GB (Peak: 4.51GB) | Swap: 3743.75M | ETA: 54.4m
  Step   5050/6502 | ELBO Loss:  52.65 | CE: 5.788 | LR: 6.44e-05 |   0.5 st/s |    60,367 tok/s | Metal Unified GPU: 0.41GB (Peak: 4.51GB) | Swap: 3743.75M | ETA: 52.5m
  Step   5100/6502 | ELBO Loss:  77.12 | CE: 5.958 | LR: 6.21e-05 |   0.5 st/s |    60,367 tok/s | Metal Unified GPU: 0.41GB (Peak: 4.51GB) | Swap: 3743.75M | ETA: 50.7m
  Step   5150/6502 | ELBO Loss:  58.06 | CE: 6.091 | LR: 6.00e-05 |   0.5 st/s |    60,366 tok/s | Metal Unified GPU: 0.41GB (Peak: 4.51GB) | Swap: 3743.75M | ETA: 48.9m
  Step   5200/6502 | ELBO Loss:  68.51 | CE: 6.021 | LR: 5.79e-05 |   0.5 st/s |    60,365 tok/s | Metal Unified GPU: 0.41GB (Peak: 4.51GB) | Swap: 3743.75M | ETA: 47.1m
  Step   5250/6502 | ELBO Loss:  61.70 | CE: 6.007 | LR: 5.58e-05 |   0.5 st/s |    60,365 tok/s | Metal Unified GPU: 0.41GB (Peak: 4.51GB) | Swap: 3743.75M | ETA: 45.3m
  Step   5300/6502 | ELBO Loss:  67.77 | CE: 5.970 | LR: 5.39e-05 |   0.5 st/s |    60,364 tok/s | Metal Unified GPU: 0.41GB (Peak: 4.51GB) | Swap: 3743.75M | ETA: 43.5m
  Step   5350/6502 | ELBO Loss:  69.59 | CE: 5.926 | LR: 5.20e-05 |   0.5 st/s |    60,364 tok/s | Metal Unified GPU: 0.41GB (Peak: 4.51GB) | Swap: 3743.75M | ETA: 41.7m
  Step   5400/6502 | ELBO Loss:  61.66 | CE: 6.157 | LR: 5.02e-05 |   0.5 st/s |    60,364 tok/s | Metal Unified GPU: 0.41GB (Peak: 4.51GB) | Swap: 3743.75M | ETA: 39.9m
  Step   5450/6502 | ELBO Loss:  52.31 | CE: 5.802 | LR: 4.84e-05 |   0.5 st/s |    60,364 tok/s | Metal Unified GPU: 0.41GB (Peak: 4.51GB) | Swap: 3743.75M | ETA: 38.1m
  Step   5500/6502 | ELBO Loss:  47.79 | CE: 5.705 | LR: 4.68e-05 |   0.5 st/s |    60,363 tok/s | Metal Unified GPU: 0.41GB (Peak: 4.51GB) | Swap: 3743.75M | ETA: 36.3m
  Step   5550/6502 | ELBO Loss:  61.89 | CE: 5.789 | LR: 4.52e-05 |   0.5 st/s |    60,363 tok/s | Metal Unified GPU: 0.41GB (Peak: 4.51GB) | Swap: 3743.75M | ETA: 34.5m
  Step   5600/6502 | ELBO Loss:  61.37 | CE: 5.835 | LR: 4.36e-05 |   0.5 st/s |    60,363 tok/s | Metal Unified GPU: 0.41GB (Peak: 4.51GB) | Swap: 3743.75M | ETA: 32.6m
  Step   5650/6502 | ELBO Loss:  78.74 | CE: 6.041 | LR: 4.22e-05 |   0.5 st/s |    60,363 tok/s | Metal Unified GPU: 0.41GB (Peak: 4.51GB) | Swap: 3743.75M | ETA: 30.8m
  Step   5700/6502 | ELBO Loss:  52.05 | CE: 5.898 | LR: 4.08e-05 |   0.5 st/s |    60,363 tok/s | Metal Unified GPU: 0.41GB (Peak: 4.51GB) | Swap: 3743.75M | ETA: 29.0m
  Step   5750/6502 | ELBO Loss:  73.04 | CE: 6.021 | LR: 3.95e-05 |   0.5 st/s |    60,363 tok/s | Metal Unified GPU: 0.41GB (Peak: 4.51GB) | Swap: 3743.75M | ETA: 27.2m
  Step   5800/6502 | ELBO Loss:  81.40 | CE: 6.029 | LR: 3.83e-05 |   0.5 st/s |    60,363 tok/s | Metal Unified GPU: 0.41GB (Peak: 4.51GB) | Swap: 3743.75M | ETA: 25.4m
  Step   5850/6502 | ELBO Loss:  89.15 | CE: 6.231 | LR: 3.72e-05 |   0.5 st/s |    60,362 tok/s | Metal Unified GPU: 0.41GB (Peak: 4.51GB) | Swap: 3743.75M | ETA: 23.6m
  Step   5900/6502 | ELBO Loss:  79.93 | CE: 5.998 | LR: 3.61e-05 |   0.5 st/s |    60,362 tok/s | Metal Unified GPU: 0.41GB (Peak: 4.51GB) | Swap: 3743.75M | ETA: 21.8m
  Step   5950/6502 | ELBO Loss:  63.34 | CE: 5.867 | LR: 3.52e-05 |   0.5 st/s |    60,362 tok/s | Metal Unified GPU: 0.41GB (Peak: 4.51GB) | Swap: 3743.75M | ETA: 20.0m
  Step   6000/6502 | ELBO Loss:  70.97 | CE: 6.109 | LR: 3.43e-05 |   0.5 st/s |    60,361 tok/s | Metal Unified GPU: 0.41GB (Peak: 4.51GB) | Swap: 3743.75M | ETA: 18.2m
  Step   6050/6502 | ELBO Loss:  54.74 | CE: 5.932 | LR: 3.35e-05 |   0.5 st/s |    60,361 tok/s | Metal Unified GPU: 0.41GB (Peak: 4.51GB) | Swap: 3743.75M | ETA: 16.4m
  Step   6100/6502 | ELBO Loss:  93.30 | CE: 5.968 | LR: 3.27e-05 |   0.5 st/s |    60,360 tok/s | Metal Unified GPU: 0.41GB (Peak: 4.51GB) | Swap: 3743.75M | ETA: 14.5m
  Step   6150/6502 | ELBO Loss:  71.94 | CE: 5.918 | LR: 3.21e-05 |   0.5 st/s |    60,360 tok/s | Metal Unified GPU: 0.41GB (Peak: 4.51GB) | Swap: 3743.75M | ETA: 12.7m
  Step   6200/6502 | ELBO Loss:  53.98 | CE: 5.827 | LR: 3.16e-05 |   0.5 st/s |    60,360 tok/s | Metal Unified GPU: 0.41GB (Peak: 4.51GB) | Swap: 3743.75M | ETA: 10.9m
  Step   6250/6502 | ELBO Loss:  69.62 | CE: 6.075 | LR: 3.11e-05 |   0.5 st/s |    60,360 tok/s | Metal Unified GPU: 0.41GB (Peak: 4.51GB) | Swap: 3743.75M | ETA:  9.1m
  Step   6300/6502 | ELBO Loss:  50.94 | CE: 5.838 | LR: 3.07e-05 |   0.5 st/s |    60,360 tok/s | Metal Unified GPU: 0.41GB (Peak: 4.51GB) | Swap: 3743.75M | ETA:  7.3m
  Step   6350/6502 | ELBO Loss:  60.65 | CE: 6.017 | LR: 3.04e-05 |   0.5 st/s |    60,359 tok/s | Metal Unified GPU: 0.41GB (Peak: 4.51GB) | Swap: 3743.75M | ETA:  5.5m
  Step   6400/6502 | ELBO Loss:  81.31 | CE: 6.084 | LR: 3.02e-05 |   0.5 st/s |    60,359 tok/s | Metal Unified GPU: 0.41GB (Peak: 4.51GB) | Swap: 3743.75M | ETA:  3.7m
  Step   6450/6502 | ELBO Loss:  76.52 | CE: 5.994 | LR: 3.00e-05 |   0.5 st/s |    60,358 tok/s | Metal Unified GPU: 0.41GB (Peak: 4.51GB) | Swap: 3743.75M | ETA:  1.9m
  Step   6500/6502 | ELBO Loss:  61.26 | CE: 5.862 | LR: 3.00e-05 |   0.5 st/s |    60,358 tok/s | Metal Unified GPU: 0.41GB (Peak: 4.51GB) | Swap: 3743.75M | ETA:  0.1m
  Step   6502/6502 | ELBO Loss:  53.57 | CE: 5.898 | LR: 3.00e-05 |   0.5 st/s |    60,357 tok/s | Metal Unified GPU: 0.41GB (Peak: 4.51GB) | Swap: 3743.75M | ETA:  0.0m
  Step      1/3051 | ELBO Loss: 150.20 | CE: 9.613 | LR: 2.00e-06 |   0.3 st/s |    34,533 tok/s | Metal Unified GPU: 0.83GB (Peak: 4.51GB) | Swap: 3743.75M | ETA: 192.9m
  Step     50/3051 | ELBO Loss: 111.53 | CE: 6.115 | LR: 5.10e-05 |   0.3 st/s |    35,495 tok/s | Metal Unified GPU: 0.83GB (Peak: 4.51GB) | Swap: 3743.75M | ETA: 184.7m
  Step    100/3051 | ELBO Loss: 113.50 | CE: 6.287 | LR: 1.01e-04 |   0.3 st/s |    35,473 tok/s | Metal Unified GPU: 0.83GB (Peak: 4.51GB) | Swap: 3743.75M | ETA: 181.7m
  Step    150/3051 | ELBO Loss:  99.40 | CE: 6.212 | LR: 1.51e-04 |   0.3 st/s |    35,451 tok/s | Metal Unified GPU: 0.83GB (Peak: 4.51GB) | Swap: 3743.75M | ETA: 178.8m
  Step    200/3051 | ELBO Loss: 121.52 | CE: 6.249 | LR: 2.01e-04 |   0.3 st/s |    35,424 tok/s | Metal Unified GPU: 0.83GB (Peak: 4.51GB) | Swap: 3743.75M | ETA: 175.8m
  Step    250/3051 | ELBO Loss: 123.07 | CE: 6.358 | LR: 2.51e-04 |   0.3 st/s |    35,416 tok/s | Metal Unified GPU: 0.83GB (Peak: 4.51GB) | Swap: 3743.75M | ETA: 172.8m
  Step    300/3051 | ELBO Loss: 122.03 | CE: 6.326 | LR: 3.00e-04 |   0.3 st/s |    35,415 tok/s | Metal Unified GPU: 0.83GB (Peak: 4.51GB) | Swap: 3743.75M | ETA: 169.7m
  Step    350/3051 | ELBO Loss: 129.10 | CE: 6.637 | LR: 3.00e-04 |   0.3 st/s |    35,419 tok/s | Metal Unified GPU: 0.83GB (Peak: 4.51GB) | Swap: 3743.75M | ETA: 166.6m
  Step    400/3051 | ELBO Loss: 111.28 | CE: 6.259 | LR: 2.99e-04 |   0.3 st/s |    35,420 tok/s | Metal Unified GPU: 0.83GB (Peak: 4.51GB) | Swap: 3743.75M | ETA: 163.5m
  Step    450/3051 | ELBO Loss: 129.45 | CE: 6.308 | LR: 2.98e-04 |   0.3 st/s |    35,422 tok/s | Metal Unified GPU: 0.83GB (Peak: 4.51GB) | Swap: 3743.75M | ETA: 160.4m
  Step    500/3051 | ELBO Loss: 123.54 | CE: 6.320 | LR: 2.96e-04 |   0.3 st/s |    35,426 tok/s | Metal Unified GPU: 0.83GB (Peak: 4.51GB) | Swap: 3743.75M | ETA: 157.3m
  Step    550/3051 | ELBO Loss: 110.01 | CE: 6.254 | LR: 2.95e-04 |   0.3 st/s |    35,425 tok/s | Metal Unified GPU: 0.83GB (Peak: 4.51GB) | Swap: 3743.75M | ETA: 154.2m
  Step    600/3051 | ELBO Loss:  97.23 | CE: 6.043 | LR: 2.92e-04 |   0.3 st/s |    35,427 tok/s | Metal Unified GPU: 0.83GB (Peak: 4.51GB) | Swap: 3743.75M | ETA: 151.1m
  Step    650/3051 | ELBO Loss:  93.92 | CE: 6.224 | LR: 2.89e-04 |   0.3 st/s |    35,427 tok/s | Metal Unified GPU: 0.83GB (Peak: 4.51GB) | Swap: 3743.75M | ETA: 148.1m
  Step    700/3051 | ELBO Loss: 108.35 | CE: 6.236 | LR: 2.86e-04 |   0.3 st/s |    35,427 tok/s | Metal Unified GPU: 0.83GB (Peak: 4.51GB) | Swap: 3743.75M | ETA: 145.0m
  Step    750/3051 | ELBO Loss: 117.78 | CE: 6.411 | LR: 2.83e-04 |   0.3 st/s |    35,429 tok/s | Metal Unified GPU: 0.83GB (Peak: 4.51GB) | Swap: 3743.75M | ETA: 141.9m
  Step    800/3051 | ELBO Loss: 130.74 | CE: 6.360 | LR: 2.79e-04 |   0.3 st/s |    35,429 tok/s | Metal Unified GPU: 0.83GB (Peak: 4.51GB) | Swap: 3743.75M | ETA: 138.8m
  Step    850/3051 | ELBO Loss: 126.05 | CE: 6.209 | LR: 2.74e-04 |   0.3 st/s |    35,430 tok/s | Metal Unified GPU: 0.83GB (Peak: 4.51GB) | Swap: 3735.75M | ETA: 135.7m
  Step    900/3051 | ELBO Loss:  97.29 | CE: 6.083 | LR: 2.70e-04 |   0.3 st/s |    35,430 tok/s | Metal Unified GPU: 0.83GB (Peak: 4.51GB) | Swap: 3735.75M | ETA: 132.6m
  Step    950/3051 | ELBO Loss: 109.85 | CE: 6.116 | LR: 2.64e-04 |   0.3 st/s |    35,431 tok/s | Metal Unified GPU: 0.83GB (Peak: 4.51GB) | Swap: 3735.75M | ETA: 129.5m
  Step   1000/3051 | ELBO Loss: 126.58 | CE: 6.177 | LR: 2.59e-04 |   0.3 st/s |    35,433 tok/s | Metal Unified GPU: 0.83GB (Peak: 4.51GB) | Swap: 3735.75M | ETA: 126.4m
  Step   1050/3051 | ELBO Loss: 131.18 | CE: 6.323 | LR: 2.53e-04 |   0.3 st/s |    35,434 tok/s | Metal Unified GPU: 0.83GB (Peak: 4.51GB) | Swap: 3727.75M | ETA: 123.4m
  Step   1100/3051 | ELBO Loss: 120.55 | CE: 6.101 | LR: 2.47e-04 |   0.3 st/s |    35,436 tok/s | Metal Unified GPU: 0.83GB (Peak: 4.51GB) | Swap: 3727.75M | ETA: 120.3m
  Step   1150/3051 | ELBO Loss: 114.60 | CE: 6.136 | LR: 2.41e-04 |   0.3 st/s |    35,437 tok/s | Metal Unified GPU: 0.83GB (Peak: 4.51GB) | Swap: 3727.75M | ETA: 117.2m
  Step   1200/3051 | ELBO Loss: 120.43 | CE: 6.034 | LR: 2.35e-04 |   0.3 st/s |    35,439 tok/s | Metal Unified GPU: 0.83GB (Peak: 4.51GB) | Swap: 3727.75M | ETA: 114.1m
  Step   1250/3051 | ELBO Loss: 112.95 | CE: 6.068 | LR: 2.28e-04 |   0.3 st/s |    35,441 tok/s | Metal Unified GPU: 0.83GB (Peak: 4.51GB) | Swap: 3727.75M | ETA: 111.0m
  Step   1300/3051 | ELBO Loss: 137.27 | CE: 6.249 | LR: 2.21e-04 |   0.3 st/s |    35,442 tok/s | Metal Unified GPU: 0.83GB (Peak: 4.51GB) | Swap: 3727.75M | ETA: 107.9m
  Step   1350/3051 | ELBO Loss: 138.40 | CE: 6.327 | LR: 2.14e-04 |   0.3 st/s |    35,443 tok/s | Metal Unified GPU: 0.83GB (Peak: 4.51GB) | Swap: 3727.75M | ETA: 104.8m
  Step   1400/3051 | ELBO Loss:  48.49 | CE: 7.518 | LR: 2.07e-04 |   0.3 st/s |    35,444 tok/s | Metal Unified GPU: 0.83GB (Peak: 4.51GB) | Swap: 3727.75M | ETA: 101.8m
  Step   1450/3051 | ELBO Loss: 121.19 | CE: 6.137 | LR: 1.99e-04 |   0.3 st/s |    35,446 tok/s | Metal Unified GPU: 0.83GB (Peak: 4.51GB) | Swap: 3727.75M | ETA: 98.7m
  Step   1500/3051 | ELBO Loss: 110.50 | CE: 6.213 | LR: 1.92e-04 |   0.3 st/s |    35,448 tok/s | Metal Unified GPU: 0.83GB (Peak: 4.51GB) | Swap: 3727.75M | ETA: 95.6m
  Step   1550/3051 | ELBO Loss:  96.09 | CE: 6.159 | LR: 1.84e-04 |   0.3 st/s |    35,450 tok/s | Metal Unified GPU: 0.83GB (Peak: 4.51GB) | Swap: 3727.75M | ETA: 92.5m
  Step   1600/3051 | ELBO Loss: 120.73 | CE: 6.052 | LR: 1.77e-04 |   0.3 st/s |    35,451 tok/s | Metal Unified GPU: 0.83GB (Peak: 4.51GB) | Swap: 3727.75M | ETA: 89.4m
  Step   1650/3051 | ELBO Loss: 115.88 | CE: 6.183 | LR: 1.69e-04 |   0.3 st/s |    35,451 tok/s | Metal Unified GPU: 0.83GB (Peak: 4.51GB) | Swap: 3703.75M | ETA: 86.3m
  Step   1700/3051 | ELBO Loss: 128.75 | CE: 6.132 | LR: 1.61e-04 |   0.3 st/s |    35,452 tok/s | Metal Unified GPU: 0.83GB (Peak: 4.51GB) | Swap: 3703.75M | ETA: 83.2m
  Step   1750/3051 | ELBO Loss: 115.31 | CE: 6.094 | LR: 1.54e-04 |   0.3 st/s |    35,453 tok/s | Metal Unified GPU: 0.83GB (Peak: 4.51GB) | Swap: 3703.75M | ETA: 80.2m
  Step   1800/3051 | ELBO Loss: 129.48 | CE: 6.110 | LR: 1.46e-04 |   0.3 st/s |    35,453 tok/s | Metal Unified GPU: 0.83GB (Peak: 4.51GB) | Swap: 3703.75M | ETA: 77.1m
  Step   1850/3051 | ELBO Loss:  82.81 | CE: 5.812 | LR: 1.38e-04 |   0.3 st/s |    35,454 tok/s | Metal Unified GPU: 0.83GB (Peak: 4.51GB) | Swap: 3703.75M | ETA: 74.0m
  Step   1900/3051 | ELBO Loss: 112.10 | CE: 6.117 | LR: 1.31e-04 |   0.3 st/s |    35,452 tok/s | Metal Unified GPU: 0.83GB (Peak: 4.51GB) | Swap: 3703.75M | ETA: 70.9m
  Step   1950/3051 | ELBO Loss: 119.94 | CE: 6.134 | LR: 1.23e-04 |   0.3 st/s |    35,444 tok/s | Metal Unified GPU: 0.83GB (Peak: 4.51GB) | Swap: 3703.75M | ETA: 67.9m
  Step   2000/3051 | ELBO Loss:  95.91 | CE: 5.949 | LR: 1.16e-04 |   0.3 st/s |    35,434 tok/s | Metal Unified GPU: 0.83GB (Peak: 4.51GB) | Swap: 3703.75M | ETA: 64.8m
  Step   2050/3051 | ELBO Loss:  82.67 | CE: 5.844 | LR: 1.09e-04 |   0.3 st/s |    35,425 tok/s | Metal Unified GPU: 0.83GB (Peak: 4.51GB) | Swap: 3703.75M | ETA: 61.7m
  Step   2100/3051 | ELBO Loss: 132.82 | CE: 6.077 | LR: 1.02e-04 |   0.3 st/s |    35,422 tok/s | Metal Unified GPU: 0.83GB (Peak: 4.51GB) | Swap: 3695.75M | ETA: 58.7m
  Step   2150/3051 | ELBO Loss: 125.20 | CE: 6.163 | LR: 9.54e-05 |   0.3 st/s |    35,422 tok/s | Metal Unified GPU: 0.83GB (Peak: 4.51GB) | Swap: 3695.75M | ETA: 55.6m
  Step   2200/3051 | ELBO Loss: 119.63 | CE: 6.143 | LR: 8.89e-05 |   0.3 st/s |    35,424 tok/s | Metal Unified GPU: 0.83GB (Peak: 4.51GB) | Swap: 3695.75M | ETA: 52.5m
  Step   2250/3051 | ELBO Loss:  90.40 | CE: 5.785 | LR: 8.26e-05 |   0.3 st/s |    35,415 tok/s | Metal Unified GPU: 0.83GB (Peak: 4.51GB) | Swap: 3687.75M | ETA: 49.4m
  Step   2300/3051 | ELBO Loss: 130.58 | CE: 6.108 | LR: 7.67e-05 |   0.3 st/s |    35,423 tok/s | Metal Unified GPU: 0.83GB (Peak: 4.51GB) | Swap: 3687.75M | ETA: 46.3m
  Step   2350/3051 | ELBO Loss: 129.69 | CE: 6.039 | LR: 7.10e-05 |   0.3 st/s |    35,437 tok/s | Metal Unified GPU: 0.83GB (Peak: 4.51GB) | Swap: 3687.75M | ETA: 43.2m
  Step   2400/3051 | ELBO Loss: 100.09 | CE: 5.978 | LR: 6.56e-05 |   0.3 st/s |    35,420 tok/s | Metal Unified GPU: 0.83GB (Peak: 4.51GB) | Swap: 3615.75M | ETA: 40.2m
  Step   2450/3051 | ELBO Loss: 117.10 | CE: 6.100 | LR: 6.06e-05 |   0.3 st/s |    35,368 tok/s | Metal Unified GPU: 0.83GB (Peak: 4.51GB) | Swap: 3567.69M | ETA: 37.1m
  Step   2500/3051 | ELBO Loss: 115.01 | CE: 6.096 | LR: 5.59e-05 |   0.3 st/s |    35,331 tok/s | Metal Unified GPU: 0.83GB (Peak: 4.51GB) | Swap: 3551.69M | ETA: 34.1m
  Step   2550/3051 | ELBO Loss:  76.44 | CE: 6.142 | LR: 5.15e-05 |   0.3 st/s |    35,312 tok/s | Metal Unified GPU: 0.83GB (Peak: 4.54GB) | Swap: 3543.69M | ETA: 31.0m
  Step   2600/3051 | ELBO Loss: 120.26 | CE: 6.006 | LR: 4.75e-05 |   0.3 st/s |    35,289 tok/s | Metal Unified GPU: 0.83GB (Peak: 4.54GB) | Swap: 3535.69M | ETA: 27.9m
  Step   2650/3051 | ELBO Loss: 109.09 | CE: 6.212 | LR: 4.39e-05 |   0.3 st/s |    35,242 tok/s | Metal Unified GPU: 0.83GB (Peak: 4.54GB) | Swap: 3527.69M | ETA: 24.9m
  Step   2700/3051 | ELBO Loss: 106.15 | CE: 6.005 | LR: 4.07e-05 |   0.3 st/s |    35,174 tok/s | Metal Unified GPU: 0.83GB (Peak: 4.54GB) | Swap: 3511.69M | ETA: 21.8m
  Step   2750/3051 | ELBO Loss: 104.37 | CE: 5.997 | LR: 3.79e-05 |   0.3 st/s |    35,094 tok/s | Metal Unified GPU: 0.83GB (Peak: 4.54GB) | Swap: 3511.69M | ETA: 18.7m
  Step   2800/3051 | ELBO Loss: 112.40 | CE: 6.013 | LR: 3.55e-05 |   0.3 st/s |    35,036 tok/s | Metal Unified GPU: 0.83GB (Peak: 4.54GB) | Swap: 3511.69M | ETA: 15.7m
  Step   2850/3051 | ELBO Loss: 116.51 | CE: 6.071 | LR: 3.35e-05 |   0.3 st/s |    34,977 tok/s | Metal Unified GPU: 0.83GB (Peak: 4.54GB) | Swap: 3511.69M | ETA: 12.6m
  Step   2900/3051 | ELBO Loss: 109.36 | CE: 6.097 | LR: 3.20e-05 |   0.3 st/s |    34,905 tok/s | Metal Unified GPU: 0.83GB (Peak: 4.54GB) | Swap: 2825.69M | ETA:  9.5m
  Step   2950/3051 | ELBO Loss: 116.37 | CE: 5.994 | LR: 3.09e-05 |   0.3 st/s |    34,766 tok/s | Metal Unified GPU: 0.83GB (Peak: 4.54GB) | Swap: 2641.69M | ETA:  6.3m
  Step   3000/3051 | ELBO Loss: 124.42 | CE: 6.064 | LR: 3.02e-05 |   0.3 st/s |    34,685 tok/s | Metal Unified GPU: 0.83GB (Peak: 4.54GB) | Swap: 2641.69M | ETA:  3.2m
  Step   3050/3051 | ELBO Loss:  84.06 | CE: 6.014 | LR: 3.00e-05 |   0.3 st/s |    34,671 tok/s | Metal Unified GPU: 0.83GB (Peak: 4.54GB) | Swap: 2641.69M | ETA:  0.1m
  Step   3051/3051 | ELBO Loss: 111.82 | CE: 6.067 | LR: 3.00e-05 |   0.3 st/s |    34,671 tok/s | Metal Unified GPU: 0.83GB (Peak: 4.54GB) | Swap: 2641.69M | ETA:  0.0m
  Step      1/96 | ELBO Loss: 232.41 | CE: 8.838 | LR: 5.33e-05 |   0.7 st/s |    86,069 tok/s | Metal Unified GPU: 0.18GB (Peak: 4.60GB) | Swap: 1816.81M | ETA:  2.4m
  Step      1/96 | ELBO Loss: 286.37 | CE: 8.797 | LR: 5.33e-05 |   0.7 st/s |    90,467 tok/s | Metal Unified GPU: 0.18GB (Peak: 4.60GB) | Swap: 1816.81M | ETA:  2.3m
  Step     50/96 | ELBO Loss: 288.53 | CE: 6.934 | LR: 2.58e-04 |   0.7 st/s |    94,903 tok/s | Metal Unified GPU: 0.18GB (Peak: 4.60GB) | Swap: 1816.81M | ETA:  1.1m
  Step      1/96 | ELBO Loss: 196.26 | CE: 8.868 | LR: 5.33e-05 |   0.3 st/s |    43,969 tok/s | Metal Unified GPU: 0.18GB (Peak: 4.60GB) | Swap: 3066.19M | ETA:  4.7m
  Step     50/96 | ELBO Loss: 291.12 | CE: 7.216 | LR: 2.58e-04 |   0.4 st/s |    55,064 tok/s | Metal Unified GPU: 0.18GB (Peak: 4.60GB) | Swap: 3305.81M | ETA:  1.8m
  Step     96/96 | ELBO Loss: 219.93 | CE: 6.768 | LR: 4.00e-05 |   0.5 st/s |    60,225 tok/s | Metal Unified GPU: 0.18GB (Peak: 4.60GB) | Swap: 3305.81M | ETA:  0.0m
  Step      1/478 | ELBO Loss: 295.58 | CE: 8.273 | LR: 1.60e-05 |   0.6 st/s |    77,025 tok/s | Metal Unified GPU: 0.18GB (Peak: 4.60GB) | Swap: 3305.81M | ETA: 13.5m
  Step     50/478 | ELBO Loss: 276.78 | CE: 6.394 | LR: 4.00e-04 |   0.6 st/s |    81,334 tok/s | Metal Unified GPU: 0.18GB (Peak: 4.60GB) | Swap: 3305.81M | ETA: 11.5m
  Step    100/478 | ELBO Loss: 200.09 | CE: 6.387 | LR: 3.88e-04 |   0.6 st/s |    82,715 tok/s | Metal Unified GPU: 0.18GB (Peak: 4.60GB) | Swap: 3305.81M | ETA: 10.0m
  Step    150/478 | ELBO Loss: 196.10 | CE: 6.250 | LR: 3.54e-04 |   0.6 st/s |    82,804 tok/s | Metal Unified GPU: 0.18GB (Peak: 4.60GB) | Swap: 3305.81M | ETA:  8.7m
  Step    200/478 | ELBO Loss: 232.25 | CE: 6.224 | LR: 3.01e-04 |   0.6 st/s |    83,230 tok/s | Metal Unified GPU: 0.18GB (Peak: 4.60GB) | Swap: 3305.81M | ETA:  7.3m
  Step    250/478 | ELBO Loss: 152.33 | CE: 5.940 | LR: 2.38e-04 |   0.6 st/s |    83,600 tok/s | Metal Unified GPU: 0.18GB (Peak: 4.60GB) | Swap: 3305.81M | ETA:  6.0m
  Step    300/478 | ELBO Loss: 267.94 | CE: 6.184 | LR: 1.73e-04 |   0.6 st/s |    84,004 tok/s | Metal Unified GPU: 0.18GB (Peak: 4.60GB) | Swap: 3305.81M | ETA:  4.6m
  Step    350/478 | ELBO Loss: 180.79 | CE: 6.180 | LR: 1.14e-04 |   0.6 st/s |    84,268 tok/s | Metal Unified GPU: 0.18GB (Peak: 4.60GB) | Swap: 3305.81M | ETA:  3.3m
  Step    400/478 | ELBO Loss: 207.94 | CE: 5.999 | LR: 6.87e-05 |   0.6 st/s |    84,468 tok/s | Metal Unified GPU: 0.18GB (Peak: 4.60GB) | Swap: 3305.81M | ETA:  2.0m
  Step    450/478 | ELBO Loss: 166.29 | CE: 5.926 | LR: 4.38e-05 |   0.6 st/s |    84,778 tok/s | Metal Unified GPU: 0.18GB (Peak: 4.60GB) | Swap: 3305.81M | ETA:  0.7m
  Step    478/478 | ELBO Loss: 226.26 | CE: 6.110 | LR: 4.00e-05 |   0.6 st/s |    84,895 tok/s | Metal Unified GPU: 0.18GB (Peak: 4.60GB) | Swap: 3305.81M | ETA:  0.0m
  Step      1/956 | ELBO Loss:  33.68 | CE: 9.112 | LR: 8.00e-06 |   0.7 st/s |    85,727 tok/s | Metal Unified GPU: 0.18GB (Peak: 4.60GB) | Swap: 3305.81M | ETA: 24.3m
  Step     50/956 | ELBO Loss:  23.84 | CE: 6.503 | LR: 2.04e-04 |   0.6 st/s |    81,012 tok/s | Metal Unified GPU: 0.18GB (Peak: 4.60GB) | Swap: 3289.81M | ETA: 24.4m
  Step    100/956 | ELBO Loss:  23.24 | CE: 6.599 | LR: 4.00e-04 |   0.6 st/s |    78,089 tok/s | Metal Unified GPU: 0.18GB (Peak: 4.60GB) | Swap: 3265.81M | ETA: 23.9m
  Step    150/956 | ELBO Loss:  24.45 | CE: 6.567 | LR: 3.97e-04 |   0.6 st/s |    79,628 tok/s | Metal Unified GPU: 0.18GB (Peak: 4.60GB) | Swap: 3265.81M | ETA: 22.1m
  Step    200/956 | ELBO Loss:  23.76 | CE: 6.506 | LR: 3.88e-04 |   0.6 st/s |    80,749 tok/s | Metal Unified GPU: 0.18GB (Peak: 4.60GB) | Swap: 3265.81M | ETA: 20.5m
  Step    250/956 | ELBO Loss:  23.56 | CE: 6.441 | LR: 3.73e-04 |   0.6 st/s |    81,336 tok/s | Metal Unified GPU: 0.18GB (Peak: 4.60GB) | Swap: 3265.81M | ETA: 19.0m
  Step    300/956 | ELBO Loss:  24.99 | CE: 6.633 | LR: 3.54e-04 |   0.6 st/s |    81,810 tok/s | Metal Unified GPU: 0.18GB (Peak: 4.60GB) | Swap: 3265.81M | ETA: 17.5m
  Step    350/956 | ELBO Loss:  24.48 | CE: 6.608 | LR: 3.29e-04 |   0.6 st/s |    81,939 tok/s | Metal Unified GPU: 0.18GB (Peak: 4.60GB) | Swap: 3265.81M | ETA: 16.2m
  Step    400/956 | ELBO Loss:  23.00 | CE: 6.414 | LR: 3.01e-04 |   0.6 st/s |    82,481 tok/s | Metal Unified GPU: 0.18GB (Peak: 4.60GB) | Swap: 3265.81M | ETA: 14.7m
  Step    450/956 | ELBO Loss:  23.13 | CE: 6.449 | LR: 2.71e-04 |   0.6 st/s |    82,798 tok/s | Metal Unified GPU: 0.18GB (Peak: 4.60GB) | Swap: 3257.81M | ETA: 13.4m
  Step    500/956 | ELBO Loss:  24.13 | CE: 6.519 | LR: 2.38e-04 |   0.6 st/s |    82,926 tok/s | Metal Unified GPU: 0.18GB (Peak: 4.60GB) | Swap: 3257.81M | ETA: 12.0m
  Step    550/956 | ELBO Loss:  23.39 | CE: 6.471 | LR: 2.05e-04 |   0.6 st/s |    83,143 tok/s | Metal Unified GPU: 0.18GB (Peak: 4.60GB) | Swap: 3249.81M | ETA: 10.7m
  Step    600/956 | ELBO Loss:  22.97 | CE: 6.285 | LR: 1.73e-04 |   0.6 st/s |    83,339 tok/s | Metal Unified GPU: 0.18GB (Peak: 4.60GB) | Swap: 3249.81M | ETA:  9.3m
  Step    650/956 | ELBO Loss:  23.15 | CE: 6.382 | LR: 1.42e-04 |   0.6 st/s |    83,378 tok/s | Metal Unified GPU: 0.18GB (Peak: 4.60GB) | Swap: 3249.81M | ETA:  8.0m
  Step    700/956 | ELBO Loss:  22.45 | CE: 6.389 | LR: 1.14e-04 |   0.6 st/s |    83,480 tok/s | Metal Unified GPU: 0.18GB (Peak: 4.60GB) | Swap: 3249.81M | ETA:  6.7m
  Step    750/956 | ELBO Loss:  23.17 | CE: 6.569 | LR: 8.90e-05 |   0.6 st/s |    83,646 tok/s | Metal Unified GPU: 0.18GB (Peak: 4.60GB) | Swap: 3249.81M | ETA:  5.4m
  Step    800/956 | ELBO Loss:  24.09 | CE: 6.575 | LR: 6.87e-05 |   0.6 st/s |    83,767 tok/s | Metal Unified GPU: 0.18GB (Peak: 4.60GB) | Swap: 3249.81M | ETA:  4.1m
  Step    850/956 | ELBO Loss:  22.83 | CE: 6.364 | LR: 5.34e-05 |   0.6 st/s |    83,925 tok/s | Metal Unified GPU: 0.18GB (Peak: 4.60GB) | Swap: 3249.81M | ETA:  2.8m
  Step    900/956 | ELBO Loss:  22.16 | CE: 6.294 | LR: 4.38e-05 |   0.6 st/s |    84,006 tok/s | Metal Unified GPU: 0.18GB (Peak: 4.60GB) | Swap: 3249.81M | ETA:  1.5m
  Step    950/956 | ELBO Loss:  22.59 | CE: 6.351 | LR: 4.00e-05 |   0.6 st/s |    84,019 tok/s | Metal Unified GPU: 0.18GB (Peak: 4.60GB) | Swap: 3249.81M | ETA:  0.2m
  Step    956/956 | ELBO Loss:  23.73 | CE: 6.415 | LR: 4.00e-05 |   0.6 st/s |    84,024 tok/s | Metal Unified GPU: 0.18GB (Peak: 4.60GB) | Swap: 3249.81M | ETA:  0.0m
  Step      1/1435 | ELBO Loss: 278.43 | CE: 8.753 | LR: 8.00e-06 |   0.7 st/s |    87,051 tok/s | Metal Unified GPU: 0.18GB (Peak: 4.60GB) | Swap: 3249.81M | ETA: 36.0m
  Step     50/1435 | ELBO Loss: 195.92 | CE: 6.393 | LR: 2.04e-04 |   0.7 st/s |    92,845 tok/s | Metal Unified GPU: 0.18GB (Peak: 4.60GB) | Swap: 3249.81M | ETA: 32.6m
  Step    100/1435 | ELBO Loss: 189.45 | CE: 6.527 | LR: 4.00e-04 |   0.7 st/s |    90,468 tok/s | Metal Unified GPU: 0.18GB (Peak: 4.60GB) | Swap: 3249.81M | ETA: 32.2m
  Step    150/1435 | ELBO Loss: 193.90 | CE: 6.364 | LR: 3.99e-04 |   0.7 st/s |    88,994 tok/s | Metal Unified GPU: 0.18GB (Peak: 4.60GB) | Swap: 3249.81M | ETA: 31.5m
  Step    200/1435 | ELBO Loss: 229.79 | CE: 6.503 | LR: 3.95e-04 |   0.7 st/s |    88,325 tok/s | Metal Unified GPU: 0.18GB (Peak: 4.60GB) | Swap: 3249.81M | ETA: 30.5m
  Step    250/1435 | ELBO Loss: 196.61 | CE: 6.359 | LR: 3.89e-04 |   0.7 st/s |    87,930 tok/s | Metal Unified GPU: 0.18GB (Peak: 4.60GB) | Swap: 3249.81M | ETA: 29.4m
  Step    300/1435 | ELBO Loss: 195.71 | CE: 6.434 | LR: 3.80e-04 |   0.7 st/s |    87,713 tok/s | Metal Unified GPU: 0.18GB (Peak: 4.60GB) | Swap: 3249.81M | ETA: 28.3m
  Step    350/1435 | ELBO Loss: 232.34 | CE: 6.598 | LR: 3.70e-04 |   0.7 st/s |    88,249 tok/s | Metal Unified GPU: 0.18GB (Peak: 4.60GB) | Swap: 3249.81M | ETA: 26.9m
  Step    400/1435 | ELBO Loss: 176.05 | CE: 6.266 | LR: 3.57e-04 |   0.7 st/s |    88,710 tok/s | Metal Unified GPU: 0.18GB (Peak: 4.60GB) | Swap: 3249.81M | ETA: 25.5m
  Step    450/1435 | ELBO Loss: 188.25 | CE: 6.363 | LR: 3.42e-04 |   0.7 st/s |    89,090 tok/s | Metal Unified GPU: 0.18GB (Peak: 4.60GB) | Swap: 3249.81M | ETA: 24.2m
  Step    500/1435 | ELBO Loss: 202.29 | CE: 6.394 | LR: 3.26e-04 |   0.7 st/s |    89,418 tok/s | Metal Unified GPU: 0.18GB (Peak: 4.60GB) | Swap: 3249.81M | ETA: 22.8m
  Step    550/1435 | ELBO Loss: 186.77 | CE: 6.334 | LR: 3.08e-04 |   0.7 st/s |    89,639 tok/s | Metal Unified GPU: 0.18GB (Peak: 4.60GB) | Swap: 3249.81M | ETA: 21.6m
  Step    600/1435 | ELBO Loss: 195.42 | CE: 6.259 | LR: 2.89e-04 |   0.7 st/s |    89,842 tok/s | Metal Unified GPU: 0.18GB (Peak: 4.60GB) | Swap: 3249.81M | ETA: 20.3m
  Step    650/1435 | ELBO Loss: 198.34 | CE: 6.284 | LR: 2.69e-04 |   0.7 st/s |    89,978 tok/s | Metal Unified GPU: 0.18GB (Peak: 4.60GB) | Swap: 3249.81M | ETA: 19.1m
  Step    700/1435 | ELBO Loss: 199.21 | CE: 6.385 | LR: 2.48e-04 |   0.7 st/s |    90,130 tok/s | Metal Unified GPU: 0.18GB (Peak: 4.60GB) | Swap: 3249.81M | ETA: 17.8m
  Step    750/1435 | ELBO Loss: 183.47 | CE: 6.511 | LR: 2.27e-04 |   0.7 st/s |    90,400 tok/s | Metal Unified GPU: 0.18GB (Peak: 4.60GB) | Swap: 3225.81M | ETA: 16.6m
  Step    800/1435 | ELBO Loss: 212.46 | CE: 6.463 | LR: 2.06e-04 |   0.7 st/s |    90,909 tok/s | Metal Unified GPU: 0.18GB (Peak: 4.60GB) | Swap: 3225.81M | ETA: 15.3m
  Step    850/1435 | ELBO Loss: 198.64 | CE: 6.366 | LR: 1.85e-04 |   0.7 st/s |    91,401 tok/s | Metal Unified GPU: 0.18GB (Peak: 4.60GB) | Swap: 3225.81M | ETA: 14.0m
  Step    900/1435 | ELBO Loss: 201.93 | CE: 6.231 | LR: 1.65e-04 |   0.7 st/s |    91,862 tok/s | Metal Unified GPU: 0.18GB (Peak: 4.60GB) | Swap: 3209.81M | ETA: 12.7m
  Step    950/1435 | ELBO Loss: 210.39 | CE: 6.412 | LR: 1.45e-04 |   0.7 st/s |    92,296 tok/s | Metal Unified GPU: 0.18GB (Peak: 4.60GB) | Swap: 3209.81M | ETA: 11.5m
  Step   1000/1435 | ELBO Loss: 156.49 | CE: 6.084 | LR: 1.26e-04 |   0.7 st/s |    92,687 tok/s | Metal Unified GPU: 0.18GB (Peak: 4.60GB) | Swap: 3209.81M | ETA: 10.3m
  Step   1050/1435 | ELBO Loss: 212.64 | CE: 6.497 | LR: 1.09e-04 |   0.7 st/s |    93,046 tok/s | Metal Unified GPU: 0.18GB (Peak: 4.60GB) | Swap: 3209.81M | ETA:  9.0m
  Step   1100/1435 | ELBO Loss: 197.81 | CE: 6.214 | LR: 9.31e-05 |   0.7 st/s |    93,390 tok/s | Metal Unified GPU: 0.18GB (Peak: 4.60GB) | Swap: 3209.81M | ETA:  7.8m
  Step   1150/1435 | ELBO Loss: 164.57 | CE: 6.165 | LR: 7.90e-05 |   0.7 st/s |    93,706 tok/s | Metal Unified GPU: 0.18GB (Peak: 4.60GB) | Swap: 3209.81M | ETA:  6.6m
  Step   1200/1435 | ELBO Loss: 175.69 | CE: 6.129 | LR: 6.68e-05 |   0.7 st/s |    93,996 tok/s | Metal Unified GPU: 0.18GB (Peak: 4.60GB) | Swap: 3209.81M | ETA:  5.5m
  Step   1250/1435 | ELBO Loss: 198.80 | CE: 6.208 | LR: 5.68e-05 |   0.7 st/s |    94,269 tok/s | Metal Unified GPU: 0.18GB (Peak: 4.60GB) | Swap: 3209.81M | ETA:  4.3m
  Step   1300/1435 | ELBO Loss: 203.59 | CE: 6.260 | LR: 4.90e-05 |   0.7 st/s |    94,534 tok/s | Metal Unified GPU: 0.18GB (Peak: 4.60GB) | Swap: 3209.81M | ETA:  3.1m
  Step   1350/1435 | ELBO Loss: 165.32 | CE: 6.201 | LR: 4.36e-05 |   0.7 st/s |    94,786 tok/s | Metal Unified GPU: 0.18GB (Peak: 4.60GB) | Swap: 3209.81M | ETA:  2.0m
  Step   1400/1435 | ELBO Loss: 172.81 | CE: 8.046 | LR: 4.06e-05 |   0.7 st/s |    95,018 tok/s | Metal Unified GPU: 0.18GB (Peak: 4.60GB) | Swap: 3209.81M | ETA:  0.8m
  Step   1435/1435 | ELBO Loss: 225.80 | CE: 6.816 | LR: 4.00e-05 |   0.7 st/s |    95,169 tok/s | Metal Unified GPU: 0.18GB (Peak: 4.60GB) | Swap: 3201.81M | ETA:  0.0m
  Step      1/1913 | ELBO Loss:  37.51 | CE: 8.854 | LR: 8.00e-06 |   0.8 st/s |    98,499 tok/s | Metal Unified GPU: 0.18GB (Peak: 4.60GB) | Swap: 3201.81M | ETA: 42.4m
  Step     50/1913 | ELBO Loss:  25.54 | CE: 6.266 | LR: 2.04e-04 |   0.8 st/s |   100,522 tok/s | Metal Unified GPU: 0.18GB (Peak: 4.60GB) | Swap: 3201.81M | ETA: 40.5m
  Step    100/1913 | ELBO Loss:  29.17 | CE: 6.563 | LR: 4.00e-04 |   0.8 st/s |   100,490 tok/s | Metal Unified GPU: 0.18GB (Peak: 4.60GB) | Swap: 3201.81M | ETA: 39.4m
  Step    150/1913 | ELBO Loss:  25.88 | CE: 6.330 | LR: 3.99e-04 |   0.8 st/s |   100,489 tok/s | Metal Unified GPU: 0.18GB (Peak: 4.60GB) | Swap: 3201.81M | ETA: 38.3m
  Step    200/1913 | ELBO Loss:  26.18 | CE: 6.270 | LR: 3.97e-04 |   0.8 st/s |   100,502 tok/s | Metal Unified GPU: 0.18GB (Peak: 4.60GB) | Swap: 3201.81M | ETA: 37.2m
  Step    250/1913 | ELBO Loss:  26.61 | CE: 6.299 | LR: 3.94e-04 |   0.8 st/s |   100,541 tok/s | Metal Unified GPU: 0.18GB (Peak: 4.60GB) | Swap: 3201.81M | ETA: 36.1m
  Step    300/1913 | ELBO Loss:  27.33 | CE: 6.352 | LR: 3.89e-04 |   0.8 st/s |   100,541 tok/s | Metal Unified GPU: 0.18GB (Peak: 4.60GB) | Swap: 3201.81M | ETA: 35.0m
  Step    350/1913 | ELBO Loss:  27.62 | CE: 6.388 | LR: 3.83e-04 |   0.8 st/s |   100,540 tok/s | Metal Unified GPU: 0.18GB (Peak: 4.60GB) | Swap: 3201.81M | ETA: 34.0m
  Step    400/1913 | ELBO Loss:  25.09 | CE: 6.158 | LR: 3.76e-04 |   0.8 st/s |   100,535 tok/s | Metal Unified GPU: 0.18GB (Peak: 4.60GB) | Swap: 3201.81M | ETA: 32.9m
  Step    450/1913 | ELBO Loss:  23.49 | CE: 6.146 | LR: 3.68e-04 |   0.8 st/s |   100,533 tok/s | Metal Unified GPU: 0.18GB (Peak: 4.60GB) | Swap: 3201.81M | ETA: 31.8m
  Step    500/1913 | ELBO Loss:  25.85 | CE: 6.255 | LR: 3.58e-04 |   0.8 st/s |   100,479 tok/s | Metal Unified GPU: 0.18GB (Peak: 4.60GB) | Swap: 3201.81M | ETA: 30.7m
  Step    550/1913 | ELBO Loss:  25.97 | CE: 6.223 | LR: 3.48e-04 |   0.8 st/s |   100,429 tok/s | Metal Unified GPU: 0.18GB (Peak: 4.60GB) | Swap: 3201.81M | ETA: 29.6m
  Step    600/1913 | ELBO Loss:  23.40 | CE: 6.020 | LR: 3.37e-04 |   0.8 st/s |   100,423 tok/s | Metal Unified GPU: 0.18GB (Peak: 4.60GB) | Swap: 3201.81M | ETA: 28.6m
  Step    650/1913 | ELBO Loss:  24.28 | CE: 6.124 | LR: 3.24e-04 |   0.8 st/s |   100,429 tok/s | Metal Unified GPU: 0.18GB (Peak: 4.60GB) | Swap: 3201.81M | ETA: 27.5m
  Step    700/1913 | ELBO Loss:  24.55 | CE: 6.136 | LR: 3.11e-04 |   0.8 st/s |   100,431 tok/s | Metal Unified GPU: 0.18GB (Peak: 4.60GB) | Swap: 3201.81M | ETA: 26.4m
  Step    750/1913 | ELBO Loss:  25.00 | CE: 6.294 | LR: 2.97e-04 |   0.8 st/s |   100,434 tok/s | Metal Unified GPU: 0.18GB (Peak: 4.60GB) | Swap: 3201.81M | ETA: 25.3m
  Step    800/1913 | ELBO Loss:  24.95 | CE: 6.272 | LR: 2.83e-04 |   0.8 st/s |   100,434 tok/s | Metal Unified GPU: 0.18GB (Peak: 4.60GB) | Swap: 3201.81M | ETA: 24.2m
  Step    850/1913 | ELBO Loss:  26.00 | CE: 6.085 | LR: 2.68e-04 |   0.8 st/s |   100,431 tok/s | Metal Unified GPU: 0.18GB (Peak: 4.60GB) | Swap: 3201.81M | ETA: 23.1m
  Step    900/1913 | ELBO Loss:  24.64 | CE: 6.029 | LR: 2.53e-04 |   0.8 st/s |   100,428 tok/s | Metal Unified GPU: 0.18GB (Peak: 4.60GB) | Swap: 3201.81M | ETA: 22.0m
  Step    950/1913 | ELBO Loss:  26.68 | CE: 6.117 | LR: 2.38e-04 |   0.8 st/s |   100,427 tok/s | Metal Unified GPU: 0.18GB (Peak: 4.60GB) | Swap: 3201.81M | ETA: 20.9m
  Step   1000/1913 | ELBO Loss:  24.74 | CE: 6.108 | LR: 2.22e-04 |   0.8 st/s |   100,424 tok/s | Metal Unified GPU: 0.18GB (Peak: 4.60GB) | Swap: 3201.81M | ETA: 19.9m
  Step   1050/1913 | ELBO Loss:  26.42 | CE: 6.224 | LR: 2.06e-04 |   0.8 st/s |   100,420 tok/s | Metal Unified GPU: 0.18GB (Peak: 4.60GB) | Swap: 3201.81M | ETA: 18.8m
  Step   1100/1913 | ELBO Loss:  23.14 | CE: 5.899 | LR: 1.91e-04 |   0.8 st/s |   100,417 tok/s | Metal Unified GPU: 0.18GB (Peak: 4.60GB) | Swap: 3185.81M | ETA: 17.7m
  Step   1150/1913 | ELBO Loss:  24.82 | CE: 6.068 | LR: 1.76e-04 |   0.8 st/s |   100,415 tok/s | Metal Unified GPU: 0.18GB (Peak: 4.60GB) | Swap: 3185.81M | ETA: 16.6m
  Step   1200/1913 | ELBO Loss:  22.50 | CE: 5.905 | LR: 1.61e-04 |   0.8 st/s |   100,416 tok/s | Metal Unified GPU: 0.18GB (Peak: 4.60GB) | Swap: 3177.81M | ETA: 15.5m
  Step   1250/1913 | ELBO Loss:  24.73 | CE: 5.986 | LR: 1.46e-04 |   0.8 st/s |   100,414 tok/s | Metal Unified GPU: 0.18GB (Peak: 4.60GB) | Swap: 3177.81M | ETA: 14.4m
  Step   1300/1913 | ELBO Loss:  25.16 | CE: 6.124 | LR: 1.32e-04 |   0.8 st/s |   100,417 tok/s | Metal Unified GPU: 0.18GB (Peak: 4.60GB) | Swap: 3177.81M | ETA: 13.3m
  Step   1350/1913 | ELBO Loss:  22.79 | CE: 5.987 | LR: 1.19e-04 |   0.8 st/s |   100,419 tok/s | Metal Unified GPU: 0.18GB (Peak: 4.60GB) | Swap: 3177.81M | ETA: 12.2m
  Step   1400/1913 | ELBO Loss:  23.09 | CE: 6.919 | LR: 1.07e-04 |   0.8 st/s |   100,424 tok/s | Metal Unified GPU: 0.18GB (Peak: 4.60GB) | Swap: 3177.81M | ETA: 11.2m
  Step   1450/1913 | ELBO Loss:  24.27 | CE: 6.008 | LR: 9.49e-05 |   0.8 st/s |   100,421 tok/s | Metal Unified GPU: 0.18GB (Peak: 4.60GB) | Swap: 3177.81M | ETA: 10.1m
  Step   1500/1913 | ELBO Loss:  24.95 | CE: 6.076 | LR: 8.42e-05 |   0.8 st/s |   100,418 tok/s | Metal Unified GPU: 0.18GB (Peak: 4.60GB) | Swap: 3177.81M | ETA:  9.0m
  Step   1550/1913 | ELBO Loss:  25.54 | CE: 6.164 | LR: 7.45e-05 |   0.8 st/s |   100,412 tok/s | Metal Unified GPU: 0.18GB (Peak: 4.60GB) | Swap: 3177.81M | ETA:  7.9m
  Step   1600/1913 | ELBO Loss:  21.67 | CE: 5.876 | LR: 6.58e-05 |   0.8 st/s |   100,408 tok/s | Metal Unified GPU: 0.18GB (Peak: 4.60GB) | Swap: 3177.81M | ETA:  6.8m
  Step   1650/1913 | ELBO Loss:  24.06 | CE: 6.073 | LR: 5.84e-05 |   0.8 st/s |   100,404 tok/s | Metal Unified GPU: 0.18GB (Peak: 4.60GB) | Swap: 3177.81M | ETA:  5.7m
  Step   1700/1913 | ELBO Loss:  23.39 | CE: 5.929 | LR: 5.21e-05 |   0.8 st/s |   100,406 tok/s | Metal Unified GPU: 0.18GB (Peak: 4.60GB) | Swap: 3177.81M | ETA:  4.6m
  Step   1750/1913 | ELBO Loss:  25.20 | CE: 6.062 | LR: 4.71e-05 |   0.8 st/s |   100,406 tok/s | Metal Unified GPU: 0.18GB (Peak: 4.60GB) | Swap: 3177.81M | ETA:  3.5m
  Step   1800/1913 | ELBO Loss:  22.51 | CE: 5.946 | LR: 4.34e-05 |   0.8 st/s |   100,405 tok/s | Metal Unified GPU: 0.18GB (Peak: 4.60GB) | Swap: 3177.81M | ETA:  2.5m
  Step   1850/1913 | ELBO Loss:  23.01 | CE: 5.875 | LR: 4.11e-05 |   0.8 st/s |   100,403 tok/s | Metal Unified GPU: 0.18GB (Peak: 4.60GB) | Swap: 3177.81M | ETA:  1.4m
  Step   1900/1913 | ELBO Loss:  24.94 | CE: 6.112 | LR: 4.00e-05 |   0.8 st/s |   100,401 tok/s | Metal Unified GPU: 0.18GB (Peak: 4.60GB) | Swap: 3177.81M | ETA:  0.3m
  Step   1913/1913 | ELBO Loss:  24.82 | CE: 6.051 | LR: 4.00e-05 |   0.8 st/s |   100,399 tok/s | Metal Unified GPU: 0.18GB (Peak: 4.60GB) | Swap: 3177.81M | ETA:  0.0m
  Step      1/2391 | ELBO Loss: 164.74 | CE: 9.179 | LR: 8.00e-06 |   0.8 st/s |    99,832 tok/s | Metal Unified GPU: 0.18GB (Peak: 4.60GB) | Swap: 3177.81M | ETA: 52.3m
  Step     50/2391 | ELBO Loss: 106.57 | CE: 6.709 | LR: 2.04e-04 |   0.8 st/s |   101,920 tok/s | Metal Unified GPU: 0.18GB (Peak: 4.60GB) | Swap: 3177.81M | ETA: 50.2m
  Step    100/2391 | ELBO Loss:  98.74 | CE: 6.670 | LR: 4.00e-04 |   0.8 st/s |   101,953 tok/s | Metal Unified GPU: 0.18GB (Peak: 4.60GB) | Swap: 3177.81M | ETA: 49.1m
  Step    150/2391 | ELBO Loss: 108.84 | CE: 6.651 | LR: 4.00e-04 |   0.8 st/s |   101,939 tok/s | Metal Unified GPU: 0.18GB (Peak: 4.60GB) | Swap: 3177.81M | ETA: 48.0m
  Step    200/2391 | ELBO Loss: 116.63 | CE: 6.646 | LR: 3.98e-04 |   0.8 st/s |   101,943 tok/s | Metal Unified GPU: 0.18GB (Peak: 4.60GB) | Swap: 3177.81M | ETA: 47.0m
  Step    250/2391 | ELBO Loss: 104.94 | CE: 6.495 | LR: 3.96e-04 |   0.8 st/s |   101,944 tok/s | Metal Unified GPU: 0.18GB (Peak: 4.60GB) | Swap: 3177.81M | ETA: 45.9m
  Step    300/2391 | ELBO Loss: 112.20 | CE: 6.678 | LR: 3.93e-04 |   0.8 st/s |   101,944 tok/s | Metal Unified GPU: 0.18GB (Peak: 4.60GB) | Swap: 3177.81M | ETA: 44.8m
  Step    350/2391 | ELBO Loss: 111.05 | CE: 6.716 | LR: 3.90e-04 |   0.8 st/s |   101,951 tok/s | Metal Unified GPU: 0.18GB (Peak: 4.60GB) | Swap: 3177.81M | ETA: 43.7m
  Step    400/2391 | ELBO Loss:  89.24 | CE: 6.484 | LR: 3.85e-04 |   0.8 st/s |   101,956 tok/s | Metal Unified GPU: 0.18GB (Peak: 4.60GB) | Swap: 3177.81M | ETA: 42.7m
  Step    450/2391 | ELBO Loss: 122.51 | CE: 6.665 | LR: 3.80e-04 |   0.8 st/s |   101,960 tok/s | Metal Unified GPU: 0.18GB (Peak: 4.60GB) | Swap: 3177.81M | ETA: 41.6m
  Step    500/2391 | ELBO Loss: 101.14 | CE: 6.583 | LR: 3.74e-04 |   0.8 st/s |   101,959 tok/s | Metal Unified GPU: 0.18GB (Peak: 4.60GB) | Swap: 3177.81M | ETA: 40.5m
  Step    550/2391 | ELBO Loss:  79.29 | CE: 6.376 | LR: 3.67e-04 |   0.8 st/s |   101,959 tok/s | Metal Unified GPU: 0.18GB (Peak: 4.60GB) | Swap: 3177.81M | ETA: 39.4m
  Step    600/2391 | ELBO Loss: 113.60 | CE: 6.561 | LR: 3.59e-04 |   0.8 st/s |   101,956 tok/s | Metal Unified GPU: 0.18GB (Peak: 4.60GB) | Swap: 3177.81M | ETA: 38.4m
  Step    650/2391 | ELBO Loss: 103.37 | CE: 6.505 | LR: 3.51e-04 |   0.8 st/s |   101,954 tok/s | Metal Unified GPU: 0.18GB (Peak: 4.60GB) | Swap: 3177.81M | ETA: 37.3m
  Step    700/2391 | ELBO Loss: 111.43 | CE: 6.546 | LR: 3.42e-04 |   0.8 st/s |   101,952 tok/s | Metal Unified GPU: 0.18GB (Peak: 4.60GB) | Swap: 3177.81M | ETA: 36.2m
  Step    750/2391 | ELBO Loss: 113.75 | CE: 6.733 | LR: 3.33e-04 |   0.8 st/s |   101,953 tok/s | Metal Unified GPU: 0.18GB (Peak: 4.60GB) | Swap: 3177.81M | ETA: 35.2m
  Step    800/2391 | ELBO Loss:  89.95 | CE: 6.618 | LR: 3.23e-04 |   0.8 st/s |   101,952 tok/s | Metal Unified GPU: 0.18GB (Peak: 4.60GB) | Swap: 3177.81M | ETA: 34.1m
  Step    850/2391 | ELBO Loss:  92.62 | CE: 6.449 | LR: 3.13e-04 |   0.8 st/s |   101,954 tok/s | Metal Unified GPU: 0.18GB (Peak: 4.60GB) | Swap: 3177.81M | ETA: 33.0m
  Step    900/2391 | ELBO Loss: 101.97 | CE: 6.378 | LR: 3.02e-04 |   0.8 st/s |   101,954 tok/s | Metal Unified GPU: 0.18GB (Peak: 4.60GB) | Swap: 3177.81M | ETA: 31.9m
  Step    950/2391 | ELBO Loss: 108.91 | CE: 6.557 | LR: 2.91e-04 |   0.8 st/s |   101,953 tok/s | Metal Unified GPU: 0.18GB (Peak: 4.60GB) | Swap: 3177.81M | ETA: 30.9m
  Step   1000/2391 | ELBO Loss: 101.02 | CE: 6.500 | LR: 2.79e-04 |   0.8 st/s |   101,950 tok/s | Metal Unified GPU: 0.18GB (Peak: 4.60GB) | Swap: 3177.81M | ETA: 29.8m
  Step   1050/2391 | ELBO Loss: 105.27 | CE: 6.645 | LR: 2.68e-04 |   0.8 st/s |   101,947 tok/s | Metal Unified GPU: 0.18GB (Peak: 4.60GB) | Swap: 3177.81M | ETA: 28.7m
  Step   1100/2391 | ELBO Loss: 107.07 | CE: 6.414 | LR: 2.56e-04 |   0.8 st/s |   101,943 tok/s | Metal Unified GPU: 0.18GB (Peak: 4.60GB) | Swap: 3177.81M | ETA: 27.7m
  Step   1150/2391 | ELBO Loss: 116.50 | CE: 6.539 | LR: 2.44e-04 |   0.8 st/s |   101,942 tok/s | Metal Unified GPU: 0.18GB (Peak: 4.60GB) | Swap: 3177.81M | ETA: 26.6m
  Step   1200/2391 | ELBO Loss: 108.79 | CE: 6.432 | LR: 2.31e-04 |   0.8 st/s |   101,942 tok/s | Metal Unified GPU: 0.18GB (Peak: 4.60GB) | Swap: 3177.81M | ETA: 25.5m
  Step   1250/2391 | ELBO Loss:  80.52 | CE: 6.304 | LR: 2.19e-04 |   0.8 st/s |   101,942 tok/s | Metal Unified GPU: 0.18GB (Peak: 4.60GB) | Swap: 3177.81M | ETA: 24.5m
  Step   1300/2391 | ELBO Loss: 105.20 | CE: 6.615 | LR: 2.07e-04 |   0.8 st/s |   101,944 tok/s | Metal Unified GPU: 0.18GB (Peak: 4.60GB) | Swap: 3177.81M | ETA: 23.4m
  Step   1350/2391 | ELBO Loss: 104.80 | CE: 6.564 | LR: 1.94e-04 |   0.8 st/s |   101,942 tok/s | Metal Unified GPU: 0.18GB (Peak: 4.60GB) | Swap: 3177.81M | ETA: 22.3m
  Step   1400/2391 | ELBO Loss:  61.47 | CE: 8.240 | LR: 1.82e-04 |   0.8 st/s |   101,938 tok/s | Metal Unified GPU: 0.18GB (Peak: 4.60GB) | Swap: 3177.81M | ETA: 21.2m
  Step   1450/2391 | ELBO Loss:  95.60 | CE: 6.449 | LR: 1.70e-04 |   0.8 st/s |   101,936 tok/s | Metal Unified GPU: 0.18GB (Peak: 4.60GB) | Swap: 3177.81M | ETA: 20.2m
  Step   1500/2391 | ELBO Loss:  78.49 | CE: 6.270 | LR: 1.58e-04 |   0.8 st/s |   101,934 tok/s | Metal Unified GPU: 0.18GB (Peak: 4.60GB) | Swap: 3177.81M | ETA: 19.1m
  Step   1550/2391 | ELBO Loss: 102.53 | CE: 6.593 | LR: 1.47e-04 |   0.8 st/s |   101,933 tok/s | Metal Unified GPU: 0.18GB (Peak: 4.60GB) | Swap: 3177.81M | ETA: 18.0m
  Step   1600/2391 | ELBO Loss:  79.53 | CE: 6.327 | LR: 1.36e-04 |   0.8 st/s |   101,931 tok/s | Metal Unified GPU: 0.18GB (Peak: 4.60GB) | Swap: 3177.81M | ETA: 17.0m
  Step   1650/2391 | ELBO Loss: 110.45 | CE: 6.506 | LR: 1.25e-04 |   0.8 st/s |   101,930 tok/s | Metal Unified GPU: 0.18GB (Peak: 4.60GB) | Swap: 3177.81M | ETA: 15.9m
  Step   1700/2391 | ELBO Loss: 103.43 | CE: 6.477 | LR: 1.15e-04 |   0.8 st/s |   101,839 tok/s | Metal Unified GPU: 0.18GB (Peak: 4.60GB) | Swap: 3177.81M | ETA: 14.8m
  Step   1750/2391 | ELBO Loss:  92.01 | CE: 6.337 | LR: 1.05e-04 |   0.8 st/s |   101,746 tok/s | Metal Unified GPU: 0.18GB (Peak: 4.60GB) | Swap: 3177.81M | ETA: 13.8m
  Step   1800/2391 | ELBO Loss:  97.16 | CE: 6.354 | LR: 9.59e-05 |   0.8 st/s |   101,421 tok/s | Metal Unified GPU: 0.18GB (Peak: 4.60GB) | Swap: 3161.81M | ETA: 12.7m
  Step   1850/2391 | ELBO Loss:  76.64 | CE: 6.096 | LR: 8.73e-05 |   0.8 st/s |   100,732 tok/s | Metal Unified GPU: 0.18GB (Peak: 4.60GB) | Swap: 3161.81M | ETA: 11.7m
  Step   1900/2391 | ELBO Loss: 103.79 | CE: 6.499 | LR: 7.93e-05 |   0.8 st/s |   100,173 tok/s | Metal Unified GPU: 0.18GB (Peak: 4.60GB) | Swap: 3161.81M | ETA: 10.7m
  Step   1950/2391 | ELBO Loss:  92.17 | CE: 6.497 | LR: 7.19e-05 |   0.8 st/s |    99,761 tok/s | Metal Unified GPU: 0.18GB (Peak: 4.60GB) | Swap: 3161.81M | ETA:  9.7m
  Step   2000/2391 | ELBO Loss:  83.57 | CE: 6.236 | LR: 6.53e-05 |   0.8 st/s |    99,403 tok/s | Metal Unified GPU: 0.18GB (Peak: 4.60GB) | Swap: 3161.81M | ETA:  8.6m
  Step   2050/2391 | ELBO Loss:  99.99 | CE: 6.322 | LR: 5.93e-05 |   0.8 st/s |    99,097 tok/s | Metal Unified GPU: 0.18GB (Peak: 4.60GB) | Swap: 3161.81M | ETA:  7.5m
  Step   2100/2391 | ELBO Loss:  81.37 | CE: 6.291 | LR: 5.41e-05 |   0.8 st/s |    98,761 tok/s | Metal Unified GPU: 0.18GB (Peak: 4.60GB) | Swap: 3161.81M | ETA:  6.4m
  Step   2150/2391 | ELBO Loss:  90.47 | CE: 6.488 | LR: 4.97e-05 |   0.8 st/s |    98,462 tok/s | Metal Unified GPU: 0.18GB (Peak: 4.60GB) | Swap: 3097.81M | ETA:  5.3m
  Step   2200/2391 | ELBO Loss: 114.87 | CE: 6.563 | LR: 4.61e-05 |   0.7 st/s |    98,250 tok/s | Metal Unified GPU: 0.18GB (Peak: 4.60GB) | Swap: 3089.81M | ETA:  4.2m
  Step   2250/2391 | ELBO Loss:  72.02 | CE: 6.101 | LR: 4.34e-05 |   0.7 st/s |    97,742 tok/s | Metal Unified GPU: 0.18GB (Peak: 4.60GB) | Swap: 3089.81M | ETA:  3.2m
  Step   2300/2391 | ELBO Loss: 106.55 | CE: 6.451 | LR: 4.14e-05 |   0.7 st/s |    97,366 tok/s | Metal Unified GPU: 0.18GB (Peak: 4.60GB) | Swap: 3049.81M | ETA:  2.0m
  Step   2350/2391 | ELBO Loss: 101.98 | CE: 6.353 | LR: 4.03e-05 |   0.7 st/s |    97,141 tok/s | Metal Unified GPU: 0.18GB (Peak: 4.60GB) | Swap: 3049.81M | ETA:  0.9m
  Step   2391/2391 | ELBO Loss:  90.65 | CE: 6.424 | LR: 4.00e-05 |   0.7 st/s |    97,007 tok/s | Metal Unified GPU: 0.18GB (Peak: 4.60GB) | Swap: 3049.81M | ETA:  0.0m
  Step      1/1032 | ELBO Loss: 154.86 | CE: 6.022 | LR: 8.00e-06 |   0.6 st/s |    85,059 tok/s | Metal Unified GPU: 0.18GB (Peak: 4.60GB) | Swap: 3041.81M | ETA: 26.5m
  Step     50/1032 | ELBO Loss: 155.91 | CE: 5.951 | LR: 2.04e-04 |   0.7 st/s |    95,142 tok/s | Metal Unified GPU: 0.18GB (Peak: 4.60GB) | Swap: 3033.81M | ETA: 22.5m
  Step    100/1032 | ELBO Loss: 146.80 | CE: 6.129 | LR: 4.00e-04 |   0.7 st/s |    90,138 tok/s | Metal Unified GPU: 0.18GB (Peak: 4.60GB) | Swap: 3025.81M | ETA: 22.6m
  Step    150/1032 | ELBO Loss:  97.43 | CE: 6.089 | LR: 3.97e-04 |   0.6 st/s |    82,353 tok/s | Metal Unified GPU: 0.18GB (Peak: 4.60GB) | Swap: 3017.81M | ETA: 23.4m
  Step    200/1032 | ELBO Loss: 116.10 | CE: 6.022 | LR: 3.90e-04 |   0.6 st/s |    83,290 tok/s | Metal Unified GPU: 0.18GB (Peak: 4.60GB) | Swap: 3017.81M | ETA: 21.8m
  Step    250/1032 | ELBO Loss: 116.30 | CE: 6.046 | LR: 3.77e-04 |   0.6 st/s |    84,244 tok/s | Metal Unified GPU: 0.18GB (Peak: 4.60GB) | Swap: 3017.81M | ETA: 20.3m
  Step    300/1032 | ELBO Loss: 148.00 | CE: 6.082 | LR: 3.61e-04 |   0.6 st/s |    84,677 tok/s | Metal Unified GPU: 0.18GB (Peak: 4.60GB) | Swap: 3017.81M | ETA: 18.9m
  Step    350/1032 | ELBO Loss: 105.16 | CE: 6.149 | LR: 3.40e-04 |   0.6 st/s |    84,735 tok/s | Metal Unified GPU: 0.18GB (Peak: 4.60GB) | Swap: 3017.81M | ETA: 17.6m
  Step    400/1032 | ELBO Loss: 149.20 | CE: 6.056 | LR: 3.16e-04 |   0.6 st/s |    84,380 tok/s | Metal Unified GPU: 0.18GB (Peak: 4.60GB) | Swap: 3009.81M | ETA: 16.4m
  Step    450/1032 | ELBO Loss: 107.51 | CE: 6.039 | LR: 2.89e-04 |   0.6 st/s |    84,491 tok/s | Metal Unified GPU: 0.18GB (Peak: 4.60GB) | Swap: 3009.81M | ETA: 15.0m
  Step    500/1032 | ELBO Loss: 168.33 | CE: 6.000 | LR: 2.60e-04 |   0.6 st/s |    84,441 tok/s | Metal Unified GPU: 0.18GB (Peak: 4.60GB) | Swap: 3009.81M | ETA: 13.8m
  Step    550/1032 | ELBO Loss: 124.13 | CE: 6.073 | LR: 2.30e-04 |   0.6 st/s |    84,446 tok/s | Metal Unified GPU: 0.18GB (Peak: 4.60GB) | Swap: 3009.81M | ETA: 12.5m
  Step    600/1032 | ELBO Loss: 119.34 | CE: 5.854 | LR: 1.99e-04 |   0.6 st/s |    84,993 tok/s | Metal Unified GPU: 0.18GB (Peak: 4.60GB) | Swap: 3009.81M | ETA: 11.1m
  Step    650/1032 | ELBO Loss: 133.68 | CE: 6.031 | LR: 1.70e-04 |   0.7 st/s |    85,543 tok/s | Metal Unified GPU: 0.18GB (Peak: 4.60GB) | Swap: 3009.81M | ETA:  9.8m
  Step    700/1032 | ELBO Loss:  85.24 | CE: 5.893 | LR: 1.41e-04 |   0.7 st/s |    86,183 tok/s | Metal Unified GPU: 0.18GB (Peak: 4.60GB) | Swap: 3009.81M | ETA:  8.4m
  Step    750/1032 | ELBO Loss: 158.25 | CE: 6.103 | LR: 1.15e-04 |   0.7 st/s |    86,479 tok/s | Metal Unified GPU: 0.18GB (Peak: 4.60GB) | Swap: 3009.81M | ETA:  7.1m
  Step    800/1032 | ELBO Loss: 152.33 | CE: 6.122 | LR: 9.23e-05 |   0.7 st/s |    86,899 tok/s | Metal Unified GPU: 0.18GB (Peak: 4.60GB) | Swap: 3009.81M | ETA:  5.8m
  Step    850/1032 | ELBO Loss: 139.53 | CE: 5.964 | LR: 7.28e-05 |   0.7 st/s |    87,185 tok/s | Metal Unified GPU: 0.18GB (Peak: 4.60GB) | Swap: 3009.81M | ETA:  4.6m
  Step    900/1032 | ELBO Loss:  69.46 | CE: 5.650 | LR: 5.75e-05 |   0.7 st/s |    87,089 tok/s | Metal Unified GPU: 0.18GB (Peak: 4.60GB) | Swap: 3009.81M | ETA:  3.3m
  Step    950/1032 | ELBO Loss:  97.52 | CE: 6.004 | LR: 4.68e-05 |   0.7 st/s |    86,969 tok/s | Metal Unified GPU: 0.18GB (Peak: 4.60GB) | Swap: 3009.81M | ETA:  2.1m
  Step   1000/1032 | ELBO Loss: 160.56 | CE: 5.855 | LR: 4.10e-05 |   0.7 st/s |    87,046 tok/s | Metal Unified GPU: 0.18GB (Peak: 4.60GB) | Swap: 3009.81M | ETA:  0.8m
  Step   1032/1032 | ELBO Loss: 111.13 | CE: 5.904 | LR: 4.00e-05 |   0.7 st/s |    87,100 tok/s | Metal Unified GPU: 0.18GB (Peak: 4.60GB) | Swap: 3009.81M | ETA:  0.0m
  Step      1/10 | ELBO Loss: 153.70 | CE: 8.653 | LR: 5.33e-05 |   0.6 st/s |    80,737 tok/s | Metal Unified GPU: 0.15GB (Peak: 4.50GB) | Swap: 2457.69M | ETA:  0.2m
  Step     10/10 | ELBO Loss: 116.49 | CE: 6.656 | LR: 2.93e-04 |   0.7 st/s |    86,141 tok/s | Metal Unified GPU: 0.15GB (Peak: 4.56GB) | Swap: 2433.69M | ETA:  0.0m
  Step      1/30 | ELBO Loss:  28.33 | CE: 9.148 | LR: 6.00e-06 |   0.5 st/s |    61,183 tok/s | Metal Unified GPU: 0.34GB (Peak: 1.71GB) | Swap: 2361.62M | ETA:  1.0m
  Step     30/30 | ELBO Loss:  22.10 | CE: 6.702 | LR: 9.30e-05 |   0.5 st/s |    62,045 tok/s | Metal Unified GPU: 0.34GB (Peak: 1.85GB) | Swap: 2361.62M | ETA:  0.0m
  Step      1/30 | ELBO Loss:  19.03 | CE: 5.892 | LR: 6.00e-06 |   0.5 st/s |    61,666 tok/s | Metal Unified GPU: 0.34GB (Peak: 1.85GB) | Swap: 2361.62M | ETA:  1.0m
  Step     30/30 | ELBO Loss:  18.51 | CE: 5.727 | LR: 9.30e-05 |   0.4 st/s |    53,430 tok/s | Metal Unified GPU: 0.34GB (Peak: 1.85GB) | Swap: 2361.62M | ETA:  0.0m
  Step      1/30 | ELBO Loss:  36.55 | CE: 6.653 | LR: 6.00e-06 |   0.3 st/s |    43,330 tok/s | Metal Unified GPU: 0.34GB (Peak: 1.85GB) | Swap: 2361.62M | ETA:  1.5m
  Step     30/30 | ELBO Loss:  34.66 | CE: 6.483 | LR: 9.30e-05 |   0.3 st/s |    38,229 tok/s | Metal Unified GPU: 0.34GB (Peak: 1.85GB) | Swap: 2361.62M | ETA:  0.0m
  Step      1/30 | ELBO Loss: 166.15 | CE: 6.762 | LR: 6.00e-06 |   0.3 st/s |    43,545 tok/s | Metal Unified GPU: 0.34GB (Peak: 1.85GB) | Swap: 2361.62M | ETA:  1.5m
  Step     30/30 | ELBO Loss: 154.26 | CE: 6.593 | LR: 9.30e-05 |   0.4 st/s |    51,944 tok/s | Metal Unified GPU: 0.34GB (Peak: 1.85GB) | Swap: 2361.62M | ETA:  0.0m
  Step      1/30 | ELBO Loss:  86.87 | CE: 8.915 | LR: 6.00e-06 |   0.4 st/s |    57,423 tok/s | Metal Unified GPU: 0.34GB (Peak: 2.92GB) | Swap: 2361.62M | ETA:  1.1m
  Step     30/30 | ELBO Loss:  67.53 | CE: 6.586 | LR: 9.30e-05 |   0.4 st/s |    49,117 tok/s | Metal Unified GPU: 0.34GB (Peak: 3.08GB) | Swap: 2361.62M | ETA:  0.0m
  Step      1/30 | ELBO Loss:  74.79 | CE: 6.587 | LR: 6.00e-06 |   0.4 st/s |    47,153 tok/s | Metal Unified GPU: 0.34GB (Peak: 3.08GB) | Swap: 2361.62M | ETA:  1.3m
  Step     30/30 | ELBO Loss:  87.34 | CE: 6.556 | LR: 9.30e-05 |   0.4 st/s |    47,776 tok/s | Metal Unified GPU: 0.34GB (Peak: 3.08GB) | Swap: 2361.62M | ETA:  0.0m
  Step      1/30 | ELBO Loss: 120.72 | CE: 6.934 | LR: 6.00e-06 |   0.4 st/s |    46,435 tok/s | Metal Unified GPU: 0.34GB (Peak: 3.08GB) | Swap: 2361.62M | ETA:  1.4m
  Step     30/30 | ELBO Loss: 103.39 | CE: 6.770 | LR: 9.30e-05 |   0.4 st/s |    47,260 tok/s | Metal Unified GPU: 0.34GB (Peak: 3.08GB) | Swap: 2361.62M | ETA:  0.0m
  Step      1/30 | ELBO Loss: 104.01 | CE: 6.674 | LR: 6.00e-06 |   0.4 st/s |    50,321 tok/s | Metal Unified GPU: 0.34GB (Peak: 3.08GB) | Swap: 2361.62M | ETA:  1.3m
  Step     30/30 | ELBO Loss: 125.90 | CE: 6.603 | LR: 9.30e-05 |   0.4 st/s |    49,671 tok/s | Metal Unified GPU: 0.34GB (Peak: 3.08GB) | Swap: 2361.62M | ETA:  0.0m
  Step      1/30 | ELBO Loss: 195.50 | CE: 8.509 | LR: 6.00e-06 |   0.5 st/s |    61,232 tok/s | Metal Unified GPU: 0.34GB (Peak: 5.51GB) | Swap: 3791.00M | ETA:  1.0m
  Step     30/30 | ELBO Loss: 134.41 | CE: 6.311 | LR: 9.30e-05 |   0.5 st/s |    59,484 tok/s | Metal Unified GPU: 0.34GB (Peak: 5.65GB) | Swap: 3767.00M | ETA:  0.0m
  Step      1/30 | ELBO Loss: 105.96 | CE: 6.889 | LR: 6.00e-06 |   0.4 st/s |    57,987 tok/s | Metal Unified GPU: 0.34GB (Peak: 5.65GB) | Swap: 3767.00M | ETA:  1.1m
  Step      1/30 | ELBO Loss: 192.09 | CE: 8.952 | LR: 6.00e-06 |   0.2 st/s |    20,439 tok/s | Metal Unified GPU: 0.34GB (Peak: 1.79GB) | Swap: 5548.31M | ETA:  3.1m
  Step     30/30 | ELBO Loss:  86.86 | CE: 6.606 | LR: 9.30e-05 |   0.3 st/s |    42,410 tok/s | Metal Unified GPU: 0.34GB (Peak: 5.66GB) | Swap: 5815.06M | ETA:  0.0m
  Step      1/20 | ELBO Loss:  81.69 | CE: 9.141 | LR: 6.00e-06 |   0.4 st/s |    53,832 tok/s | Metal Unified GPU: 0.34GB (Peak: 1.79GB) | Swap: 5807.06M | ETA:  0.8m
  Step     20/20 | ELBO Loss:  61.41 | CE: 7.002 | LR: 6.30e-05 |   0.4 st/s |    52,261 tok/s | Metal Unified GPU: 0.34GB (Peak: 1.92GB) | Swap: 5775.06M | ETA:  0.0m
  Step      1/20 | ELBO Loss:  12.67 | CE: 9.186 | LR: 6.00e-06 |   0.3 st/s |    45,482 tok/s | Metal Unified GPU: 0.34GB (Peak: 2.95GB) | Swap: 5751.06M | ETA:  0.9m
  Step     20/20 | ELBO Loss:   9.42 | CE: 6.828 | LR: 6.30e-05 |   0.4 st/s |    47,064 tok/s | Metal Unified GPU: 0.34GB (Peak: 3.09GB) | Swap: 5719.06M | ETA:  0.0m
  Step      1/15 | ELBO Loss:  43.90 | CE: 9.223 | LR: 6.00e-06 |   0.4 st/s |    52,108 tok/s | Metal Unified GPU: 0.34GB (Peak: 0.57GB) | Swap: 5695.06M | ETA:  0.6m
  Step     15/15 | ELBO Loss:  34.91 | CE: 7.335 | LR: 4.80e-05 |   0.4 st/s |    50,821 tok/s | Metal Unified GPU: 0.34GB (Peak: 0.72GB) | Swap: 5695.06M | ETA:  0.0m
  Step      1/15 | ELBO Loss:  27.26 | CE: 7.252 | LR: 6.00e-06 |   0.4 st/s |    51,036 tok/s | Metal Unified GPU: 0.34GB (Peak: 0.72GB) | Swap: 5695.06M | ETA:  0.6m
  Step     15/15 | ELBO Loss:  25.24 | CE: 6.716 | LR: 4.80e-05 |   0.4 st/s |    48,550 tok/s | Metal Unified GPU: 0.34GB (Peak: 0.72GB) | Swap: 5695.06M | ETA:  0.0m
  Step      1/15 | ELBO Loss: 330.91 | CE: 9.130 | LR: 6.00e-06 |   0.4 st/s |    53,482 tok/s | Metal Unified GPU: 0.34GB (Peak: 0.93GB) | Swap: 5695.06M | ETA:  0.6m
  Step     15/15 | ELBO Loss: 257.27 | CE: 7.212 | LR: 4.80e-05 |   0.4 st/s |    53,734 tok/s | Metal Unified GPU: 0.34GB (Peak: 1.07GB) | Swap: 5671.06M | ETA:  0.0m
  Step      1/15 | ELBO Loss:  30.24 | CE: 7.266 | LR: 6.00e-06 |   0.3 st/s |    44,683 tok/s | Metal Unified GPU: 0.34GB (Peak: 1.07GB) | Swap: 5671.06M | ETA:  0.7m
  Step     15/15 | ELBO Loss:  28.29 | CE: 6.770 | LR: 4.80e-05 |   0.4 st/s |    51,605 tok/s | Metal Unified GPU: 0.34GB (Peak: 1.07GB) | Swap: 5671.06M | ETA:  0.0m
  Step      1/15 | ELBO Loss: 511.78 | CE: 5.785 | LR: 6.00e-06 |   0.4 st/s |    55,564 tok/s | Metal Unified GPU: 0.34GB (Peak: 1.29GB) | Swap: 5663.06M | ETA:  0.6m
  Step     15/15 | ELBO Loss: 254.01 | CE: 4.522 | LR: 4.80e-05 |   0.4 st/s |    52,697 tok/s | Metal Unified GPU: 0.34GB (Peak: 1.42GB) | Swap: 5550.94M | ETA:  0.0m
  Step      1/15 | ELBO Loss: 172.52 | CE: 7.887 | LR: 6.00e-06 |   0.4 st/s |    53,902 tok/s | Metal Unified GPU: 0.34GB (Peak: 1.42GB) | Swap: 5550.94M | ETA:  0.6m
  Step     15/15 | ELBO Loss: 157.69 | CE: 7.194 | LR: 4.80e-05 |   0.4 st/s |    51,340 tok/s | Metal Unified GPU: 0.34GB (Peak: 1.42GB) | Swap: 5550.94M | ETA:  0.0m
  Step      1/15 | ELBO Loss:  65.27 | CE: 9.203 | LR: 6.00e-06 |   0.3 st/s |    43,446 tok/s | Metal Unified GPU: 0.34GB (Peak: 1.79GB) | Swap: 5550.94M | ETA:  0.7m
  Step     15/15 | ELBO Loss:  50.53 | CE: 7.166 | LR: 4.80e-05 |   0.4 st/s |    50,386 tok/s | Metal Unified GPU: 0.34GB (Peak: 1.92GB) | Swap: 5534.94M | ETA:  0.0m
  Step      1/15 | ELBO Loss:  24.73 | CE: 7.105 | LR: 6.00e-06 |   0.4 st/s |    50,903 tok/s | Metal Unified GPU: 0.34GB (Peak: 1.92GB) | Swap: 5534.94M | ETA:  0.6m
  Step     15/15 | ELBO Loss:  24.75 | CE: 6.805 | LR: 4.80e-05 |   0.4 st/s |    49,842 tok/s | Metal Unified GPU: 0.34GB (Peak: 1.95GB) | Swap: 5518.94M | ETA:  0.0m
  Step      1/15 | ELBO Loss:  63.81 | CE: 9.112 | LR: 6.00e-06 |   0.4 st/s |    52,072 tok/s | Metal Unified GPU: 0.34GB (Peak: 2.95GB) | Swap: 5518.94M | ETA:  0.6m
  Step     15/15 | ELBO Loss:  44.39 | CE: 7.037 | LR: 4.80e-05 |   0.3 st/s |    45,838 tok/s | Metal Unified GPU: 0.34GB (Peak: 3.09GB) | Swap: 5518.94M | ETA:  0.0m
  Step      1/15 | ELBO Loss:  20.33 | CE: 6.810 | LR: 6.00e-06 |   0.3 st/s |    43,231 tok/s | Metal Unified GPU: 0.34GB (Peak: 3.09GB) | Swap: 5518.94M | ETA:  0.7m
  Step     15/15 | ELBO Loss:  19.27 | CE: 6.361 | LR: 4.80e-05 |   0.3 st/s |    44,095 tok/s | Metal Unified GPU: 0.34GB (Peak: 3.09GB) | Swap: 5470.94M | ETA:  0.0m
  Step      1/15 | ELBO Loss: 111.56 | CE: 9.177 | LR: 6.00e-06 |   0.4 st/s |    47,748 tok/s | Metal Unified GPU: 0.34GB (Peak: 5.52GB) | Swap: 5543.94M | ETA:  0.6m
  Step     15/15 | ELBO Loss:  59.54 | CE: 7.250 | LR: 4.80e-05 |   0.4 st/s |    47,023 tok/s | Metal Unified GPU: 0.34GB (Peak: 5.65GB) | Swap: 5535.94M | ETA:  0.0m
  Step      1/15 | ELBO Loss: 172.05 | CE: 7.296 | LR: 6.00e-06 |   0.3 st/s |    43,043 tok/s | Metal Unified GPU: 0.34GB (Peak: 5.65GB) | Swap: 5535.94M | ETA:  0.7m
  Step     15/15 | ELBO Loss: 263.50 | CE: 7.005 | LR: 4.80e-05 |   0.4 st/s |    47,118 tok/s | Metal Unified GPU: 0.34GB (Peak: 5.65GB) | Swap: 5527.94M | ETA:  0.0m
  Step      1/20 | ELBO Loss:  24.04 | CE: 9.182 | LR: 6.00e-06 |   0.4 st/s |    58,025 tok/s | Metal Unified GPU: 0.34GB (Peak: 1.71GB) | Swap: 4975.44M | ETA:  0.7m
  Step      1/20 | ELBO Loss:  92.99 | CE: 9.228 | LR: 6.00e-06 |   0.4 st/s |    54,089 tok/s | Metal Unified GPU: 0.34GB (Peak: 1.71GB) | Swap: 4815.38M | ETA:  0.8m
  Step     20/20 | ELBO Loss:  69.92 | CE: 6.947 | LR: 6.30e-05 |   0.4 st/s |    53,367 tok/s | Metal Unified GPU: 0.34GB (Peak: 1.85GB) | Swap: 4807.38M | ETA:  0.0m
  Step      1/20 | ELBO Loss: 113.89 | CE: 8.630 | LR: 6.00e-06 |   0.4 st/s |    53,284 tok/s | Metal Unified GPU: 0.34GB (Peak: 2.92GB) | Swap: 4807.38M | ETA:  0.8m
  Step     20/20 | ELBO Loss: 119.81 | CE: 6.924 | LR: 6.30e-05 |   0.4 st/s |    47,842 tok/s | Metal Unified GPU: 0.34GB (Peak: 3.05GB) | Swap: 4783.38M | ETA:  0.0m
  Step      1/96 | ELBO Loss:  25.35 | CE: 9.233 | LR: 5.33e-05 |   0.6 st/s |    82,100 tok/s | Metal Unified GPU: 0.15GB (Peak: 4.50GB) | Swap: 3343.31M | ETA:  2.5m
  Step      1/96 | ELBO Loss:  36.97 | CE: 9.090 | LR: 5.33e-05 |   0.7 st/s |    98,130 tok/s | Metal Unified GPU: 0.15GB (Peak: 4.50GB) | Swap: 3343.31M | ETA:  2.1m
  Step      1/96 | ELBO Loss:  21.37 | CE: 9.155 | LR: 5.33e-05 |   0.8 st/s |    99,372 tok/s | Metal Unified GPU: 0.15GB (Peak: 4.50GB) | Swap: 3343.31M | ETA:  2.1m
  Step      1/96 | ELBO Loss:  22.18 | CE: 9.193 | LR: 5.33e-05 |   0.7 st/s |    94,719 tok/s | Metal Unified GPU: 0.15GB (Peak: 4.51GB) | Swap: 3303.31M | ETA:  2.2m
  Step     50/96 | ELBO Loss:  15.81 | CE: 6.539 | LR: 2.58e-04 |   0.8 st/s |    99,426 tok/s | Metal Unified GPU: 0.15GB (Peak: 4.57GB) | Swap: 3303.31M | ETA:  1.0m
  Step     96/96 | ELBO Loss:  15.66 | CE: 6.587 | LR: 4.00e-05 |   0.8 st/s |    98,427 tok/s | Metal Unified GPU: 0.15GB (Peak: 4.57GB) | Swap: 3303.31M | ETA:  0.0m
  Step      1/478 | ELBO Loss:  34.66 | CE: 9.034 | LR: 1.60e-05 |   0.7 st/s |    94,124 tok/s | Metal Unified GPU: 0.15GB (Peak: 4.57GB) | Swap: 3303.31M | ETA: 11.1m
  Step     50/478 | ELBO Loss:  26.93 | CE: 6.601 | LR: 4.00e-04 |   0.6 st/s |    82,998 tok/s | Metal Unified GPU: 0.15GB (Peak: 4.57GB) | Swap: 3303.31M | ETA: 11.3m
  Step    100/478 | ELBO Loss:  24.56 | CE: 6.670 | LR: 3.88e-04 |   0.6 st/s |    84,057 tok/s | Metal Unified GPU: 0.15GB (Peak: 4.57GB) | Swap: 3303.31M | ETA:  9.8m
  Step    150/478 | ELBO Loss:  26.10 | CE: 6.551 | LR: 3.54e-04 |   0.7 st/s |    86,556 tok/s | Metal Unified GPU: 0.15GB (Peak: 4.57GB) | Swap: 3295.31M | ETA:  8.3m
  Step    200/478 | ELBO Loss:  23.57 | CE: 6.452 | LR: 3.01e-04 |   0.7 st/s |    86,400 tok/s | Metal Unified GPU: 0.15GB (Peak: 4.57GB) | Swap: 3279.31M | ETA:  7.0m
  Step    250/478 | ELBO Loss:  22.86 | CE: 6.465 | LR: 2.38e-04 |   0.6 st/s |    84,864 tok/s | Metal Unified GPU: 0.15GB (Peak: 4.57GB) | Swap: 3255.25M | ETA:  5.9m
  Step    300/478 | ELBO Loss:  22.45 | CE: 6.487 | LR: 1.73e-04 |   0.6 st/s |    83,020 tok/s | Metal Unified GPU: 0.15GB (Peak: 4.57GB) | Swap: 3255.25M | ETA:  4.7m
  Step    350/478 | ELBO Loss:  24.83 | CE: 6.586 | LR: 1.14e-04 |   0.6 st/s |    82,099 tok/s | Metal Unified GPU: 0.15GB (Peak: 4.57GB) | Swap: 3247.25M | ETA:  3.4m
  Step    400/478 | ELBO Loss:  23.90 | CE: 6.430 | LR: 6.87e-05 |   0.6 st/s |    81,457 tok/s | Metal Unified GPU: 0.15GB (Peak: 4.57GB) | Swap: 3247.25M | ETA:  2.1m
  Step    450/478 | ELBO Loss:  21.88 | CE: 6.439 | LR: 4.38e-05 |   0.6 st/s |    81,258 tok/s | Metal Unified GPU: 0.15GB (Peak: 4.57GB) | Swap: 3247.25M | ETA:  0.8m
  Step    478/478 | ELBO Loss:  24.23 | CE: 6.513 | LR: 4.00e-05 |   0.6 st/s |    81,256 tok/s | Metal Unified GPU: 0.15GB (Peak: 4.57GB) | Swap: 3247.25M | ETA:  0.0m
  Step      1/956 | ELBO Loss:  36.66 | CE: 9.184 | LR: 8.00e-06 |   0.6 st/s |    83,896 tok/s | Metal Unified GPU: 0.15GB (Peak: 4.57GB) | Swap: 3247.25M | ETA: 24.9m
  Step     50/956 | ELBO Loss:  25.37 | CE: 6.560 | LR: 2.04e-04 |   0.6 st/s |    81,349 tok/s | Metal Unified GPU: 0.15GB (Peak: 4.57GB) | Swap: 3247.25M | ETA: 24.3m
  Step    100/956 | ELBO Loss:  25.01 | CE: 6.659 | LR: 4.00e-04 |   0.6 st/s |    81,514 tok/s | Metal Unified GPU: 0.15GB (Peak: 4.57GB) | Swap: 3247.25M | ETA: 22.9m
  Step    150/956 | ELBO Loss:  25.23 | CE: 6.601 | LR: 3.97e-04 |   0.6 st/s |    82,128 tok/s | Metal Unified GPU: 0.15GB (Peak: 4.57GB) | Swap: 3223.25M | ETA: 21.4m
  Step    200/956 | ELBO Loss:  24.75 | CE: 6.502 | LR: 3.88e-04 |   0.6 st/s |    82,662 tok/s | Metal Unified GPU: 0.15GB (Peak: 4.57GB) | Swap: 3223.25M | ETA: 20.0m
  Step    250/956 | ELBO Loss:  27.25 | CE: 6.562 | LR: 3.73e-04 |   0.6 st/s |    81,587 tok/s | Metal Unified GPU: 0.15GB (Peak: 4.57GB) | Swap: 3215.25M | ETA: 18.9m
  Step    300/956 | ELBO Loss:  26.36 | CE: 6.611 | LR: 3.54e-04 |   0.6 st/s |    80,920 tok/s | Metal Unified GPU: 0.15GB (Peak: 4.57GB) | Swap: 3207.25M | ETA: 17.7m
  Step    350/956 | ELBO Loss:  23.78 | CE: 6.568 | LR: 3.29e-04 |   0.6 st/s |    81,029 tok/s | Metal Unified GPU: 0.15GB (Peak: 4.57GB) | Swap: 3207.25M | ETA: 16.3m
  Step    400/956 | ELBO Loss:  26.27 | CE: 6.532 | LR: 3.01e-04 |   0.6 st/s |    82,002 tok/s | Metal Unified GPU: 0.15GB (Peak: 4.57GB) | Swap: 3183.25M | ETA: 14.8m
  Step    450/956 | ELBO Loss:  24.20 | CE: 6.503 | LR: 2.71e-04 |   0.6 st/s |    82,895 tok/s | Metal Unified GPU: 0.15GB (Peak: 4.57GB) | Swap: 3151.25M | ETA: 13.3m
  Step    500/956 | ELBO Loss:  24.97 | CE: 6.517 | LR: 2.38e-04 |   0.6 st/s |    83,016 tok/s | Metal Unified GPU: 0.15GB (Peak: 4.57GB) | Swap: 3143.25M | ETA: 12.0m
  Step    550/956 | ELBO Loss:  25.40 | CE: 6.528 | LR: 2.05e-04 |   0.6 st/s |    82,000 tok/s | Metal Unified GPU: 0.15GB (Peak: 4.57GB) | Swap: 3135.25M | ETA: 10.8m
  Step    600/956 | ELBO Loss:  24.27 | CE: 6.362 | LR: 1.73e-04 |   0.6 st/s |    81,191 tok/s | Metal Unified GPU: 0.15GB (Peak: 4.57GB) | Swap: 3135.25M | ETA:  9.6m
  Step    650/956 | ELBO Loss:  25.87 | CE: 6.510 | LR: 1.42e-04 |   0.6 st/s |    80,333 tok/s | Metal Unified GPU: 0.15GB (Peak: 4.57GB) | Swap: 3135.25M | ETA:  8.3m
  Step    700/956 | ELBO Loss:  24.87 | CE: 6.514 | LR: 1.14e-04 |   0.6 st/s |    80,541 tok/s | Metal Unified GPU: 0.15GB (Peak: 4.57GB) | Swap: 3127.25M | ETA:  6.9m
  Step    750/956 | ELBO Loss:  23.83 | CE: 6.635 | LR: 8.90e-05 |   0.6 st/s |    81,341 tok/s | Metal Unified GPU: 0.15GB (Peak: 4.57GB) | Swap: 3127.25M | ETA:  5.5m
  Step    800/956 | ELBO Loss:  23.21 | CE: 6.558 | LR: 6.87e-05 |   0.6 st/s |    82,065 tok/s | Metal Unified GPU: 0.15GB (Peak: 4.57GB) | Swap: 3127.25M | ETA:  4.2m
  Step    850/956 | ELBO Loss:  25.01 | CE: 6.493 | LR: 5.34e-05 |   0.6 st/s |    82,612 tok/s | Metal Unified GPU: 0.15GB (Peak: 4.57GB) | Swap: 3127.25M | ETA:  2.8m
  Step    900/956 | ELBO Loss:  24.30 | CE: 6.379 | LR: 4.38e-05 |   0.6 st/s |    83,060 tok/s | Metal Unified GPU: 0.15GB (Peak: 4.57GB) | Swap: 3103.25M | ETA:  1.5m
  Step    950/956 | ELBO Loss:  24.91 | CE: 6.466 | LR: 4.00e-05 |   0.6 st/s |    83,532 tok/s | Metal Unified GPU: 0.15GB (Peak: 4.57GB) | Swap: 3103.25M | ETA:  0.2m
  Step    956/956 | ELBO Loss:  25.56 | CE: 6.486 | LR: 4.00e-05 |   0.6 st/s |    83,591 tok/s | Metal Unified GPU: 0.15GB (Peak: 4.57GB) | Swap: 3103.25M | ETA:  0.0m
  Step      1/1435 | ELBO Loss:  39.68 | CE: 9.225 | LR: 8.00e-06 |   0.7 st/s |    94,388 tok/s | Metal Unified GPU: 0.15GB (Peak: 4.57GB) | Swap: 3103.25M | ETA: 33.2m
  Step     50/1435 | ELBO Loss:  27.53 | CE: 6.507 | LR: 2.04e-04 |   0.7 st/s |    92,911 tok/s | Metal Unified GPU: 0.15GB (Peak: 4.57GB) | Swap: 3103.25M | ETA: 32.6m
  Step    100/1435 | ELBO Loss:  25.24 | CE: 6.584 | LR: 4.00e-04 |   0.7 st/s |    93,577 tok/s | Metal Unified GPU: 0.15GB (Peak: 4.57GB) | Swap: 3103.25M | ETA: 31.2m
  Step    150/1435 | ELBO Loss:  27.08 | CE: 6.615 | LR: 3.99e-04 |   0.7 st/s |    93,727 tok/s | Metal Unified GPU: 0.15GB (Peak: 4.57GB) | Swap: 3103.25M | ETA: 30.0m
  Step      1/1435 | ELBO Loss:  25.40 | CE: 9.147 | LR: 8.00e-06 |   0.7 st/s |    96,442 tok/s | Metal Unified GPU: 0.15GB (Peak: 4.50GB) | Swap: 3103.25M | ETA: 32.5m
  Step     50/1435 | ELBO Loss:  18.32 | CE: 6.556 | LR: 2.04e-04 |   0.7 st/s |    96,866 tok/s | Metal Unified GPU: 0.15GB (Peak: 4.56GB) | Swap: 3103.25M | ETA: 31.2m
  Step    100/1435 | ELBO Loss:  18.44 | CE: 6.674 | LR: 4.00e-04 |   0.7 st/s |    95,457 tok/s | Metal Unified GPU: 0.15GB (Peak: 4.57GB) | Swap: 3079.25M | ETA: 30.6m
  Step    150/1435 | ELBO Loss:  18.43 | CE: 6.594 | LR: 3.99e-04 |   0.7 st/s |    94,052 tok/s | Metal Unified GPU: 0.15GB (Peak: 4.57GB) | Swap: 3079.25M | ETA: 29.8m
  Step    200/1435 | ELBO Loss:  18.03 | CE: 6.499 | LR: 3.95e-04 |   0.7 st/s |    92,187 tok/s | Metal Unified GPU: 0.15GB (Peak: 4.57GB) | Swap: 3079.25M | ETA: 29.3m
  Step    250/1435 | ELBO Loss:  17.92 | CE: 6.433 | LR: 3.89e-04 |   0.7 st/s |    92,423 tok/s | Metal Unified GPU: 0.15GB (Peak: 4.57GB) | Swap: 3079.25M | ETA: 28.0m
  Step    300/1435 | ELBO Loss:  18.21 | CE: 6.554 | LR: 3.80e-04 |   0.7 st/s |    92,878 tok/s | Metal Unified GPU: 0.15GB (Peak: 4.57GB) | Swap: 3079.25M | ETA: 26.7m
  Step    350/1435 | ELBO Loss:  18.17 | CE: 6.566 | LR: 3.70e-04 |   0.7 st/s |    93,235 tok/s | Metal Unified GPU: 0.15GB (Peak: 4.57GB) | Swap: 3079.25M | ETA: 25.4m
  Step    400/1435 | ELBO Loss:  17.52 | CE: 6.355 | LR: 3.57e-04 |   0.7 st/s |    93,469 tok/s | Metal Unified GPU: 0.15GB (Peak: 4.57GB) | Swap: 3079.25M | ETA: 24.2m
  Step    450/1435 | ELBO Loss:  17.64 | CE: 6.387 | LR: 3.42e-04 |   0.7 st/s |    93,610 tok/s | Metal Unified GPU: 0.15GB (Peak: 4.57GB) | Swap: 3079.25M | ETA: 23.0m
  Step    500/1435 | ELBO Loss:  17.47 | CE: 6.372 | LR: 3.26e-04 |   0.7 st/s |    93,693 tok/s | Metal Unified GPU: 0.15GB (Peak: 4.57GB) | Swap: 3079.25M | ETA: 21.8m
  Step    550/1435 | ELBO Loss:  17.65 | CE: 6.371 | LR: 3.08e-04 |   0.7 st/s |    93,797 tok/s | Metal Unified GPU: 0.15GB (Peak: 4.57GB) | Swap: 3079.25M | ETA: 20.6m
  Step    600/1435 | ELBO Loss:  17.15 | CE: 6.200 | LR: 2.89e-04 |   0.7 st/s |    93,866 tok/s | Metal Unified GPU: 0.15GB (Peak: 4.57GB) | Swap: 3079.25M | ETA: 19.4m
  Step    650/1435 | ELBO Loss:  17.40 | CE: 6.313 | LR: 2.69e-04 |   0.7 st/s |    93,921 tok/s | Metal Unified GPU: 0.15GB (Peak: 4.57GB) | Swap: 3079.25M | ETA: 18.3m
  Step    700/1435 | ELBO Loss:  17.17 | CE: 6.285 | LR: 2.48e-04 |   0.7 st/s |    93,966 tok/s | Metal Unified GPU: 0.15GB (Peak: 4.57GB) | Swap: 3079.25M | ETA: 17.1m
  Step    750/1435 | ELBO Loss:  17.73 | CE: 6.441 | LR: 2.27e-04 |   0.7 st/s |    94,009 tok/s | Metal Unified GPU: 0.15GB (Peak: 4.57GB) | Swap: 3079.25M | ETA: 15.9m
  Step    800/1435 | ELBO Loss:  17.96 | CE: 6.446 | LR: 2.06e-04 |   0.7 st/s |    94,044 tok/s | Metal Unified GPU: 0.15GB (Peak: 4.57GB) | Swap: 3079.25M | ETA: 14.8m
  Step    850/1435 | ELBO Loss:  17.40 | CE: 6.264 | LR: 1.85e-04 |   0.7 st/s |    94,079 tok/s | Metal Unified GPU: 0.15GB (Peak: 4.57GB) | Swap: 3079.25M | ETA: 13.6m
  Step    900/1435 | ELBO Loss:  16.97 | CE: 6.147 | LR: 1.65e-04 |   0.7 st/s |    94,112 tok/s | Metal Unified GPU: 0.15GB (Peak: 4.57GB) | Swap: 3079.25M | ETA: 12.4m
  Step    950/1435 | ELBO Loss:  17.18 | CE: 6.240 | LR: 1.45e-04 |   0.7 st/s |    94,143 tok/s | Metal Unified GPU: 0.15GB (Peak: 4.57GB) | Swap: 3079.25M | ETA: 11.3m
  Step   1000/1435 | ELBO Loss:  17.13 | CE: 6.235 | LR: 1.26e-04 |   0.7 st/s |    94,170 tok/s | Metal Unified GPU: 0.15GB (Peak: 4.57GB) | Swap: 3079.25M | ETA: 10.1m
  Step   1050/1435 | ELBO Loss:  17.38 | CE: 6.313 | LR: 1.09e-04 |   0.7 st/s |    94,194 tok/s | Metal Unified GPU: 0.15GB (Peak: 4.57GB) | Swap: 3079.25M | ETA:  8.9m
  Step   1100/1435 | ELBO Loss:  16.87 | CE: 6.090 | LR: 9.31e-05 |   0.7 st/s |    94,216 tok/s | Metal Unified GPU: 0.15GB (Peak: 4.57GB) | Swap: 3079.25M | ETA:  7.8m
  Step   1150/1435 | ELBO Loss:  17.18 | CE: 6.247 | LR: 7.90e-05 |   0.7 st/s |    94,237 tok/s | Metal Unified GPU: 0.15GB (Peak: 4.57GB) | Swap: 3063.25M | ETA:  6.6m
  Step   1200/1435 | ELBO Loss:  17.09 | CE: 6.104 | LR: 6.68e-05 |   0.7 st/s |    94,260 tok/s | Metal Unified GPU: 0.15GB (Peak: 4.57GB) | Swap: 3063.25M | ETA:  5.4m
  Step   1250/1435 | ELBO Loss:  16.93 | CE: 6.081 | LR: 5.68e-05 |   0.7 st/s |    94,280 tok/s | Metal Unified GPU: 0.15GB (Peak: 4.57GB) | Swap: 3063.25M | ETA:  4.3m
  Step   1300/1435 | ELBO Loss:  17.13 | CE: 6.186 | LR: 4.90e-05 |   0.7 st/s |    94,295 tok/s | Metal Unified GPU: 0.15GB (Peak: 4.57GB) | Swap: 3063.25M | ETA:  3.1m
  Step   1350/1435 | ELBO Loss:  17.41 | CE: 6.249 | LR: 4.36e-05 |   0.7 st/s |    94,315 tok/s | Metal Unified GPU: 0.15GB (Peak: 4.57GB) | Swap: 3063.25M | ETA:  2.0m
  Step   1400/1435 | ELBO Loss:  20.48 | CE: 7.461 | LR: 4.06e-05 |   0.7 st/s |    94,336 tok/s | Metal Unified GPU: 0.15GB (Peak: 4.57GB) | Swap: 3063.25M | ETA:  0.8m
  Step   1435/1435 | ELBO Loss:  18.78 | CE: 6.759 | LR: 4.00e-05 |   0.7 st/s |    94,346 tok/s | Metal Unified GPU: 0.15GB (Peak: 4.57GB) | Swap: 3063.25M | ETA:  0.0m
  Step      1/1913 | ELBO Loss:  29.02 | CE: 9.092 | LR: 8.00e-06 |   0.7 st/s |    96,675 tok/s | Metal Unified GPU: 0.15GB (Peak: 4.57GB) | Swap: 3063.25M | ETA: 43.2m
  Step     50/1913 | ELBO Loss:  21.09 | CE: 6.551 | LR: 2.04e-04 |   0.7 st/s |    95,707 tok/s | Metal Unified GPU: 0.15GB (Peak: 4.57GB) | Swap: 3063.25M | ETA: 42.5m
  Step    100/1913 | ELBO Loss:  21.11 | CE: 6.669 | LR: 4.00e-04 |   0.7 st/s |    95,670 tok/s | Metal Unified GPU: 0.15GB (Peak: 4.57GB) | Swap: 3063.25M | ETA: 41.4m
  Step    150/1913 | ELBO Loss:  20.57 | CE: 6.538 | LR: 3.99e-04 |   0.7 st/s |    95,689 tok/s | Metal Unified GPU: 0.15GB (Peak: 4.57GB) | Swap: 3063.25M | ETA: 40.2m
  Step    200/1913 | ELBO Loss:  21.06 | CE: 6.514 | LR: 3.97e-04 |   0.7 st/s |    95,711 tok/s | Metal Unified GPU: 0.15GB (Peak: 4.57GB) | Swap: 3063.25M | ETA: 39.1m
  Step    250/1913 | ELBO Loss:  20.37 | CE: 6.424 | LR: 3.94e-04 |   0.7 st/s |    95,725 tok/s | Metal Unified GPU: 0.15GB (Peak: 4.57GB) | Swap: 3063.25M | ETA: 38.0m
  Step    300/1913 | ELBO Loss:  21.02 | CE: 6.523 | LR: 3.89e-04 |   0.7 st/s |    95,719 tok/s | Metal Unified GPU: 0.15GB (Peak: 4.57GB) | Swap: 3063.25M | ETA: 36.8m
  Step    350/1913 | ELBO Loss:  20.87 | CE: 6.552 | LR: 3.83e-04 |   0.7 st/s |    95,695 tok/s | Metal Unified GPU: 0.15GB (Peak: 4.57GB) | Swap: 3063.25M | ETA: 35.7m
  Step    400/1913 | ELBO Loss:  20.28 | CE: 6.372 | LR: 3.76e-04 |   0.7 st/s |    95,678 tok/s | Metal Unified GPU: 0.15GB (Peak: 4.57GB) | Swap: 3063.25M | ETA: 34.5m
  Step    450/1913 | ELBO Loss:  20.37 | CE: 6.404 | LR: 3.68e-04 |   0.7 st/s |    95,656 tok/s | Metal Unified GPU: 0.15GB (Peak: 4.57GB) | Swap: 3063.25M | ETA: 33.4m
  Step    500/1913 | ELBO Loss:  20.50 | CE: 6.435 | LR: 3.58e-04 |   0.7 st/s |    95,640 tok/s | Metal Unified GPU: 0.15GB (Peak: 4.57GB) | Swap: 3063.25M | ETA: 32.3m
  Step    550/1913 | ELBO Loss:  20.74 | CE: 6.405 | LR: 3.48e-04 |   0.7 st/s |    95,628 tok/s | Metal Unified GPU: 0.15GB (Peak: 4.57GB) | Swap: 3063.25M | ETA: 31.1m
  Step    600/1913 | ELBO Loss:  19.73 | CE: 6.243 | LR: 3.37e-04 |   0.7 st/s |    95,617 tok/s | Metal Unified GPU: 0.15GB (Peak: 4.57GB) | Swap: 3063.25M | ETA: 30.0m
  Step    650/1913 | ELBO Loss:  20.53 | CE: 6.388 | LR: 3.24e-04 |   0.7 st/s |    95,604 tok/s | Metal Unified GPU: 0.15GB (Peak: 4.57GB) | Swap: 3063.25M | ETA: 28.9m
  Step    700/1913 | ELBO Loss:  20.28 | CE: 6.366 | LR: 3.11e-04 |   0.7 st/s |    95,595 tok/s | Metal Unified GPU: 0.15GB (Peak: 4.57GB) | Swap: 3063.25M | ETA: 27.7m
  Step    750/1913 | ELBO Loss:  20.95 | CE: 6.522 | LR: 2.97e-04 |   0.7 st/s |    95,587 tok/s | Metal Unified GPU: 0.15GB (Peak: 4.57GB) | Swap: 3063.25M | ETA: 26.6m
  Step    800/1913 | ELBO Loss:  20.47 | CE: 6.486 | LR: 2.83e-04 |   0.7 st/s |    95,579 tok/s | Metal Unified GPU: 0.15GB (Peak: 4.57GB) | Swap: 3063.25M | ETA: 25.4m
  Step    850/1913 | ELBO Loss:  20.01 | CE: 6.290 | LR: 2.68e-04 |   0.7 st/s |    95,571 tok/s | Metal Unified GPU: 0.15GB (Peak: 4.57GB) | Swap: 3063.25M | ETA: 24.3m
  Step    900/1913 | ELBO Loss:  19.50 | CE: 6.214 | LR: 2.53e-04 |   0.7 st/s |    95,568 tok/s | Metal Unified GPU: 0.15GB (Peak: 4.57GB) | Swap: 3063.25M | ETA: 23.2m
  Step    950/1913 | ELBO Loss:  20.03 | CE: 6.249 | LR: 2.38e-04 |   0.7 st/s |    95,561 tok/s | Metal Unified GPU: 0.15GB (Peak: 4.57GB) | Swap: 3063.25M | ETA: 22.0m
  Step   1000/1913 | ELBO Loss:  19.63 | CE: 6.238 | LR: 2.22e-04 |   0.7 st/s |    95,554 tok/s | Metal Unified GPU: 0.15GB (Peak: 4.57GB) | Swap: 3063.25M | ETA: 20.9m
  Step   1050/1913 | ELBO Loss:  20.46 | CE: 6.372 | LR: 2.06e-04 |   0.7 st/s |    95,549 tok/s | Metal Unified GPU: 0.15GB (Peak: 4.57GB) | Swap: 3063.25M | ETA: 19.7m
  Step   1100/1913 | ELBO Loss:  19.91 | CE: 6.164 | LR: 1.91e-04 |   0.7 st/s |    95,542 tok/s | Metal Unified GPU: 0.15GB (Peak: 4.57GB) | Swap: 3063.25M | ETA: 18.6m
  Step   1150/1913 | ELBO Loss:  19.60 | CE: 6.226 | LR: 1.76e-04 |   0.7 st/s |    95,537 tok/s | Metal Unified GPU: 0.15GB (Peak: 4.57GB) | Swap: 3055.25M | ETA: 17.4m
  Step   1200/1913 | ELBO Loss:  19.36 | CE: 6.101 | LR: 1.61e-04 |   0.7 st/s |    95,534 tok/s | Metal Unified GPU: 0.15GB (Peak: 4.57GB) | Swap: 3055.25M | ETA: 16.3m
  Step   1250/1913 | ELBO Loss:  19.86 | CE: 6.142 | LR: 1.46e-04 |   0.7 st/s |    95,532 tok/s | Metal Unified GPU: 0.15GB (Peak: 4.57GB) | Swap: 3055.25M | ETA: 15.2m
  Step   1300/1913 | ELBO Loss:  19.78 | CE: 6.207 | LR: 1.32e-04 |   0.7 st/s |    95,530 tok/s | Metal Unified GPU: 0.15GB (Peak: 4.57GB) | Swap: 3055.25M | ETA: 14.0m
  Step   1350/1913 | ELBO Loss:  19.92 | CE: 6.281 | LR: 1.19e-04 |   0.7 st/s |    95,528 tok/s | Metal Unified GPU: 0.15GB (Peak: 4.57GB) | Swap: 3055.25M | ETA: 12.9m
  Step   1400/1913 | ELBO Loss:  23.94 | CE: 7.585 | LR: 1.07e-04 |   0.7 st/s |    95,528 tok/s | Metal Unified GPU: 0.15GB (Peak: 4.57GB) | Swap: 3055.25M | ETA: 11.7m
  Step   1450/1913 | ELBO Loss:  19.81 | CE: 6.198 | LR: 9.49e-05 |   0.7 st/s |    95,525 tok/s | Metal Unified GPU: 0.15GB (Peak: 4.57GB) | Swap: 3047.25M | ETA: 10.6m
  Step   1500/1913 | ELBO Loss:  20.06 | CE: 6.269 | LR: 8.42e-05 |   0.7 st/s |    95,518 tok/s | Metal Unified GPU: 0.15GB (Peak: 4.57GB) | Swap: 3047.25M | ETA:  9.4m
  Step   1550/1913 | ELBO Loss:  20.18 | CE: 6.328 | LR: 7.45e-05 |   0.7 st/s |    95,514 tok/s | Metal Unified GPU: 0.15GB (Peak: 4.57GB) | Swap: 3047.25M | ETA:  8.3m
  Step   1600/1913 | ELBO Loss:  19.18 | CE: 6.090 | LR: 6.58e-05 |   0.7 st/s |    95,510 tok/s | Metal Unified GPU: 0.15GB (Peak: 4.57GB) | Swap: 3047.25M | ETA:  7.2m
  Step   1650/1913 | ELBO Loss:  19.98 | CE: 6.258 | LR: 5.84e-05 |   0.7 st/s |    95,501 tok/s | Metal Unified GPU: 0.15GB (Peak: 4.57GB) | Swap: 3047.25M | ETA:  6.0m
  Step   1700/1913 | ELBO Loss:  19.35 | CE: 6.121 | LR: 5.21e-05 |   0.7 st/s |    95,499 tok/s | Metal Unified GPU: 0.15GB (Peak: 4.57GB) | Swap: 3047.25M | ETA:  4.9m
  Step   1750/1913 | ELBO Loss:  19.83 | CE: 6.198 | LR: 4.71e-05 |   0.7 st/s |    95,495 tok/s | Metal Unified GPU: 0.15GB (Peak: 4.57GB) | Swap: 3047.25M | ETA:  3.7m
  Step   1800/1913 | ELBO Loss:  19.06 | CE: 6.100 | LR: 4.34e-05 |   0.7 st/s |    95,495 tok/s | Metal Unified GPU: 0.15GB (Peak: 4.57GB) | Swap: 3047.25M | ETA:  2.6m
  Step   1850/1913 | ELBO Loss:  19.69 | CE: 6.043 | LR: 4.11e-05 |   0.7 st/s |    95,492 tok/s | Metal Unified GPU: 0.15GB (Peak: 4.57GB) | Swap: 3047.25M | ETA:  1.4m
  Step   1900/1913 | ELBO Loss:  20.00 | CE: 6.298 | LR: 4.00e-05 |   0.7 st/s |    95,489 tok/s | Metal Unified GPU: 0.15GB (Peak: 4.57GB) | Swap: 3047.25M | ETA:  0.3m
  Step   1913/1913 | ELBO Loss:  20.12 | CE: 6.285 | LR: 4.00e-05 |   0.7 st/s |    95,488 tok/s | Metal Unified GPU: 0.15GB (Peak: 4.57GB) | Swap: 3047.25M | ETA:  0.0m
  Step      1/2391 | ELBO Loss:  30.34 | CE: 9.179 | LR: 8.00e-06 |   0.7 st/s |    96,381 tok/s | Metal Unified GPU: 0.15GB (Peak: 4.57GB) | Swap: 3047.25M | ETA: 54.2m
  Step     50/2391 | ELBO Loss:  21.75 | CE: 6.550 | LR: 2.04e-04 |   0.7 st/s |    95,507 tok/s | Metal Unified GPU: 0.15GB (Peak: 4.57GB) | Swap: 3047.25M | ETA: 53.5m
  Step    100/2391 | ELBO Loss:  22.18 | CE: 6.651 | LR: 4.00e-04 |   0.7 st/s |    95,502 tok/s | Metal Unified GPU: 0.15GB (Peak: 4.57GB) | Swap: 3047.25M | ETA: 52.4m
  Step    150/2391 | ELBO Loss:  21.49 | CE: 6.563 | LR: 4.00e-04 |   0.7 st/s |    95,600 tok/s | Metal Unified GPU: 0.15GB (Peak: 4.57GB) | Swap: 3047.25M | ETA: 51.2m
  Step    200/2391 | ELBO Loss:  22.33 | CE: 6.555 | LR: 3.98e-04 |   0.7 st/s |    95,637 tok/s | Metal Unified GPU: 0.15GB (Peak: 4.57GB) | Swap: 3047.25M | ETA: 50.0m
  Step    250/2391 | ELBO Loss:  20.87 | CE: 6.426 | LR: 3.96e-04 |   0.7 st/s |    95,658 tok/s | Metal Unified GPU: 0.15GB (Peak: 4.57GB) | Swap: 3047.25M | ETA: 48.9m
  Step    300/2391 | ELBO Loss:  22.01 | CE: 6.560 | LR: 3.93e-04 |   0.7 st/s |    95,656 tok/s | Metal Unified GPU: 0.15GB (Peak: 4.57GB) | Swap: 3047.25M | ETA: 47.8m
  Step    350/2391 | ELBO Loss:  21.89 | CE: 6.598 | LR: 3.90e-04 |   0.7 st/s |    95,645 tok/s | Metal Unified GPU: 0.15GB (Peak: 4.57GB) | Swap: 3047.25M | ETA: 46.6m
  Step    400/2391 | ELBO Loss:  21.22 | CE: 6.433 | LR: 3.85e-04 |   0.7 st/s |    95,638 tok/s | Metal Unified GPU: 0.15GB (Peak: 4.57GB) | Swap: 3047.25M | ETA: 45.5m
  Step    450/2391 | ELBO Loss:  20.67 | CE: 6.421 | LR: 3.80e-04 |   0.7 st/s |    95,630 tok/s | Metal Unified GPU: 0.15GB (Peak: 4.57GB) | Swap: 3047.25M | ETA: 44.3m
  Step    500/2391 | ELBO Loss:  21.15 | CE: 6.471 | LR: 3.74e-04 |   0.7 st/s |    95,610 tok/s | Metal Unified GPU: 0.15GB (Peak: 4.57GB) | Swap: 3047.25M | ETA: 43.2m
  Step    550/2391 | ELBO Loss:  21.30 | CE: 6.481 | LR: 3.67e-04 |   0.7 st/s |    95,620 tok/s | Metal Unified GPU: 0.15GB (Peak: 4.57GB) | Swap: 3047.25M | ETA: 42.1m
  Step    600/2391 | ELBO Loss:  20.66 | CE: 6.307 | LR: 3.59e-04 |   0.7 st/s |    95,602 tok/s | Metal Unified GPU: 0.15GB (Peak: 4.57GB) | Swap: 3047.25M | ETA: 40.9m
  Step    650/2391 | ELBO Loss:  20.67 | CE: 6.400 | LR: 3.51e-04 |   0.7 st/s |    95,585 tok/s | Metal Unified GPU: 0.15GB (Peak: 4.57GB) | Swap: 3047.25M | ETA: 39.8m
  Step    700/2391 | ELBO Loss:  21.39 | CE: 6.434 | LR: 3.42e-04 |   0.7 st/s |    95,572 tok/s | Metal Unified GPU: 0.15GB (Peak: 4.57GB) | Swap: 3047.25M | ETA: 38.7m
  Step    750/2391 | ELBO Loss:  21.26 | CE: 6.583 | LR: 3.33e-04 |   0.7 st/s |    95,556 tok/s | Metal Unified GPU: 0.15GB (Peak: 4.57GB) | Swap: 3047.25M | ETA: 37.5m
  Step    800/2391 | ELBO Loss:  21.65 | CE: 6.576 | LR: 3.23e-04 |   0.7 st/s |    95,542 tok/s | Metal Unified GPU: 0.15GB (Peak: 4.57GB) | Swap: 3047.25M | ETA: 36.4m
  Step    850/2391 | ELBO Loss:  21.25 | CE: 6.356 | LR: 3.13e-04 |   0.7 st/s |    95,528 tok/s | Metal Unified GPU: 0.15GB (Peak: 4.57GB) | Swap: 3047.25M | ETA: 35.2m
  Step    900/2391 | ELBO Loss:  20.69 | CE: 6.308 | LR: 3.02e-04 |   0.7 st/s |    95,516 tok/s | Metal Unified GPU: 0.15GB (Peak: 4.57GB) | Swap: 3039.25M | ETA: 34.1m
  Step    950/2391 | ELBO Loss:  21.28 | CE: 6.382 | LR: 2.91e-04 |   0.7 st/s |    95,507 tok/s | Metal Unified GPU: 0.15GB (Peak: 4.57GB) | Swap: 3039.25M | ETA: 33.0m
  Step   1000/2391 | ELBO Loss:  20.94 | CE: 6.379 | LR: 2.79e-04 |   0.7 st/s |    95,499 tok/s | Metal Unified GPU: 0.15GB (Peak: 4.57GB) | Swap: 3039.25M | ETA: 31.8m
  Step   1050/2391 | ELBO Loss:  20.99 | CE: 6.448 | LR: 2.68e-04 |   0.7 st/s |    95,490 tok/s | Metal Unified GPU: 0.15GB (Peak: 4.57GB) | Swap: 3039.25M | ETA: 30.7m
  Step   1100/2391 | ELBO Loss:  20.37 | CE: 6.175 | LR: 2.56e-04 |   0.7 st/s |    95,484 tok/s | Metal Unified GPU: 0.15GB (Peak: 4.57GB) | Swap: 3039.25M | ETA: 29.5m
  Step   1150/2391 | ELBO Loss:  20.54 | CE: 6.297 | LR: 2.44e-04 |   0.7 st/s |    95,472 tok/s | Metal Unified GPU: 0.15GB (Peak: 4.57GB) | Swap: 3039.25M | ETA: 28.4m
  Step   1200/2391 | ELBO Loss:  19.19 | CE: 6.168 | LR: 2.31e-04 |   0.7 st/s |    95,470 tok/s | Metal Unified GPU: 0.15GB (Peak: 4.57GB) | Swap: 3039.25M | ETA: 27.3m
  Step   1250/2391 | ELBO Loss:  20.36 | CE: 6.216 | LR: 2.19e-04 |   0.7 st/s |    95,470 tok/s | Metal Unified GPU: 0.15GB (Peak: 4.57GB) | Swap: 3039.25M | ETA: 26.1m
  Step   1300/2391 | ELBO Loss:  20.60 | CE: 6.313 | LR: 2.07e-04 |   0.7 st/s |    95,463 tok/s | Metal Unified GPU: 0.15GB (Peak: 4.57GB) | Swap: 3039.25M | ETA: 25.0m
  Step   1350/2391 | ELBO Loss:  21.16 | CE: 6.322 | LR: 1.94e-04 |   0.7 st/s |    95,456 tok/s | Metal Unified GPU: 0.15GB (Peak: 4.57GB) | Swap: 3039.25M | ETA: 23.8m
  Step   1400/2391 | ELBO Loss:  25.35 | CE: 7.707 | LR: 1.82e-04 |   0.7 st/s |    95,449 tok/s | Metal Unified GPU: 0.15GB (Peak: 4.57GB) | Swap: 3039.25M | ETA: 22.7m
  Step   1450/2391 | ELBO Loss:  19.68 | CE: 6.218 | LR: 1.70e-04 |   0.7 st/s |    95,446 tok/s | Metal Unified GPU: 0.15GB (Peak: 4.57GB) | Swap: 3039.25M | ETA: 21.5m
  Step   1500/2391 | ELBO Loss:  19.93 | CE: 6.257 | LR: 1.58e-04 |   0.7 st/s |    95,442 tok/s | Metal Unified GPU: 0.15GB (Peak: 4.57GB) | Swap: 3039.25M | ETA: 20.4m
  Step   1550/2391 | ELBO Loss:  20.62 | CE: 6.365 | LR: 1.47e-04 |   0.7 st/s |    95,437 tok/s | Metal Unified GPU: 0.15GB (Peak: 4.57GB) | Swap: 3039.25M | ETA: 19.3m
  Step   1600/2391 | ELBO Loss:  19.41 | CE: 6.139 | LR: 1.36e-04 |   0.7 st/s |    95,438 tok/s | Metal Unified GPU: 0.15GB (Peak: 4.57GB) | Swap: 3039.25M | ETA: 18.1m
  Step   1650/2391 | ELBO Loss:  20.68 | CE: 6.327 | LR: 1.25e-04 |   0.7 st/s |    95,441 tok/s | Metal Unified GPU: 0.15GB (Peak: 4.57GB) | Swap: 3039.25M | ETA: 17.0m
  Step   1700/2391 | ELBO Loss:  20.55 | CE: 6.187 | LR: 1.15e-04 |   0.7 st/s |    95,443 tok/s | Metal Unified GPU: 0.15GB (Peak: 4.57GB) | Swap: 3039.25M | ETA: 15.8m
  Step   1750/2391 | ELBO Loss:  20.26 | CE: 6.218 | LR: 1.05e-04 |   0.7 st/s |    95,437 tok/s | Metal Unified GPU: 0.15GB (Peak: 4.57GB) | Swap: 3039.25M | ETA: 14.7m
  Step   1800/2391 | ELBO Loss:  20.03 | CE: 6.190 | LR: 9.59e-05 |   0.7 st/s |    95,431 tok/s | Metal Unified GPU: 0.15GB (Peak: 4.57GB) | Swap: 3039.25M | ETA: 13.5m
  Step   1850/2391 | ELBO Loss:  19.86 | CE: 6.077 | LR: 8.73e-05 |   0.7 st/s |    95,428 tok/s | Metal Unified GPU: 0.15GB (Peak: 4.57GB) | Swap: 3039.25M | ETA: 12.4m
  Step   1900/2391 | ELBO Loss:  21.31 | CE: 6.370 | LR: 7.93e-05 |   0.7 st/s |    95,423 tok/s | Metal Unified GPU: 0.15GB (Peak: 4.57GB) | Swap: 3039.25M | ETA: 11.2m
  Step   1950/2391 | ELBO Loss:  21.01 | CE: 6.315 | LR: 7.19e-05 |   0.7 st/s |    95,419 tok/s | Metal Unified GPU: 0.15GB (Peak: 4.57GB) | Swap: 3039.25M | ETA: 10.1m
  Step   2000/2391 | ELBO Loss:  19.65 | CE: 6.097 | LR: 6.53e-05 |   0.7 st/s |    95,414 tok/s | Metal Unified GPU: 0.15GB (Peak: 4.57GB) | Swap: 3039.25M | ETA:  9.0m
  Step   2050/2391 | ELBO Loss:  20.22 | CE: 6.092 | LR: 5.93e-05 |   0.7 st/s |    95,408 tok/s | Metal Unified GPU: 0.15GB (Peak: 4.57GB) | Swap: 3039.25M | ETA:  7.8m
  Step   2100/2391 | ELBO Loss:  20.64 | CE: 6.272 | LR: 5.41e-05 |   0.7 st/s |    95,403 tok/s | Metal Unified GPU: 0.15GB (Peak: 4.57GB) | Swap: 3039.25M | ETA:  6.7m
  Step   2150/2391 | ELBO Loss:  21.01 | CE: 6.346 | LR: 4.97e-05 |   0.7 st/s |    95,396 tok/s | Metal Unified GPU: 0.15GB (Peak: 4.57GB) | Swap: 3039.25M | ETA:  5.5m
  Step   2200/2391 | ELBO Loss:  20.74 | CE: 6.343 | LR: 4.61e-05 |   0.7 st/s |    95,393 tok/s | Metal Unified GPU: 0.15GB (Peak: 4.57GB) | Swap: 3039.25M | ETA:  4.4m
  Step   2250/2391 | ELBO Loss:  20.04 | CE: 6.014 | LR: 4.34e-05 |   0.7 st/s |    95,388 tok/s | Metal Unified GPU: 0.15GB (Peak: 4.57GB) | Swap: 3039.25M | ETA:  3.2m
  Step   2300/2391 | ELBO Loss:  20.56 | CE: 6.293 | LR: 4.14e-05 |   0.7 st/s |    95,382 tok/s | Metal Unified GPU: 0.15GB (Peak: 4.57GB) | Swap: 3039.25M | ETA:  2.1m
  Step   2350/2391 | ELBO Loss:  20.91 | CE: 6.213 | LR: 4.03e-05 |   0.7 st/s |    95,374 tok/s | Metal Unified GPU: 0.15GB (Peak: 4.57GB) | Swap: 3039.25M | ETA:  0.9m
  Step   2391/2391 | ELBO Loss:  19.44 | CE: 6.181 | LR: 4.00e-05 |   0.7 st/s |    95,370 tok/s | Metal Unified GPU: 0.15GB (Peak: 4.57GB) | Swap: 3039.25M | ETA:  0.0m
  Step      1/191 | ELBO Loss:  26.42 | CE: 7.216 | LR: 3.00e-05 |   0.5 st/s |    61,254 tok/s | Metal Unified GPU: 0.35GB (Peak: 5.51GB) | Swap: 2999.25M | ETA:  6.8m
  Step     50/191 | ELBO Loss:  23.76 | CE: 6.363 | LR: 2.80e-04 |   0.5 st/s |    61,615 tok/s | Metal Unified GPU: 0.34GB (Peak: 5.65GB) | Swap: 2999.25M | ETA:  5.0m
  Step    100/191 | ELBO Loss:  23.55 | CE: 6.483 | LR: 1.79e-04 |   0.5 st/s |    60,821 tok/s | Metal Unified GPU: 0.34GB (Peak: 5.65GB) | Swap: 2999.25M | ETA:  3.3m
  Step    150/191 | ELBO Loss:  23.49 | CE: 6.314 | LR: 6.65e-05 |   0.5 st/s |    59,907 tok/s | Metal Unified GPU: 0.34GB (Peak: 5.65GB) | Swap: 2999.25M | ETA:  1.5m
  Step    191/191 | ELBO Loss:  23.50 | CE: 6.354 | LR: 3.00e-05 |   0.4 st/s |    58,877 tok/s | Metal Unified GPU: 0.34GB (Peak: 5.66GB) | Swap: 2999.25M | ETA:  0.0m
  Step      1/1907 | ELBO Loss:  20.16 | CE: 7.229 | LR: 6.00e-06 |   0.5 st/s |    63,813 tok/s | Metal Unified GPU: 0.34GB (Peak: 5.66GB) | Swap: 2999.25M | ETA: 65.2m
  Step     50/1907 | ELBO Loss:  17.63 | CE: 6.264 | LR: 1.53e-04 |   0.5 st/s |    63,829 tok/s | Metal Unified GPU: 0.34GB (Peak: 5.66GB) | Swap: 2999.25M | ETA: 63.6m
  Step    100/1907 | ELBO Loss:  17.90 | CE: 6.466 | LR: 3.00e-04 |   0.5 st/s |    60,200 tok/s | Metal Unified GPU: 0.34GB (Peak: 5.66GB) | Swap: 2999.25M | ETA: 65.6m
  Step    150/1907 | ELBO Loss:  17.55 | CE: 6.302 | LR: 2.99e-04 |   0.5 st/s |    61,412 tok/s | Metal Unified GPU: 0.34GB (Peak: 5.66GB) | Swap: 2991.25M | ETA: 62.5m
  Step    200/1907 | ELBO Loss:  17.41 | CE: 6.262 | LR: 2.98e-04 |   0.5 st/s |    62,048 tok/s | Metal Unified GPU: 0.34GB (Peak: 5.66GB) | Swap: 2991.25M | ETA: 60.1m
  Step    250/1907 | ELBO Loss:  17.22 | CE: 6.223 | LR: 2.95e-04 |   0.5 st/s |    62,422 tok/s | Metal Unified GPU: 0.34GB (Peak: 5.66GB) | Swap: 2991.25M | ETA: 58.0m
  Step    300/1907 | ELBO Loss:  16.98 | CE: 6.210 | LR: 2.92e-04 |   0.5 st/s |    62,669 tok/s | Metal Unified GPU: 0.34GB (Peak: 5.66GB) | Swap: 2991.25M | ETA: 56.0m
  Step    350/1907 | ELBO Loss:  17.86 | CE: 6.357 | LR: 2.87e-04 |   0.5 st/s |    62,851 tok/s | Metal Unified GPU: 0.34GB (Peak: 5.66GB) | Swap: 2991.25M | ETA: 54.1m
  Step    400/1907 | ELBO Loss:  16.79 | CE: 6.091 | LR: 2.82e-04 |   0.5 st/s |    62,310 tok/s | Metal Unified GPU: 0.34GB (Peak: 5.66GB) | Swap: 2991.25M | ETA: 52.8m
  Step    450/1907 | ELBO Loss:  17.36 | CE: 6.246 | LR: 2.76e-04 |   0.5 st/s |    61,686 tok/s | Metal Unified GPU: 0.34GB (Peak: 5.66GB) | Swap: 2991.25M | ETA: 51.6m
  Step    500/1907 | ELBO Loss:  17.91 | CE: 6.324 | LR: 2.69e-04 |   0.5 st/s |    61,183 tok/s | Metal Unified GPU: 0.34GB (Peak: 5.66GB) | Swap: 2991.25M | ETA: 50.2m
  Step    550/1907 | ELBO Loss:  17.25 | CE: 6.164 | LR: 2.61e-04 |   0.5 st/s |    60,733 tok/s | Metal Unified GPU: 0.34GB (Peak: 5.66GB) | Swap: 2991.25M | ETA: 48.8m
  Step    600/1907 | ELBO Loss:  16.65 | CE: 6.032 | LR: 2.52e-04 |   0.5 st/s |    60,354 tok/s | Metal Unified GPU: 0.34GB (Peak: 5.66GB) | Swap: 2991.25M | ETA: 47.3m
  Step    650/1907 | ELBO Loss:  17.57 | CE: 6.282 | LR: 2.43e-04 |   0.5 st/s |    59,955 tok/s | Metal Unified GPU: 0.34GB (Peak: 5.66GB) | Swap: 2991.25M | ETA: 45.8m
  Step    700/1907 | ELBO Loss:  17.26 | CE: 6.244 | LR: 2.33e-04 |   0.5 st/s |    59,575 tok/s | Metal Unified GPU: 0.36GB (Peak: 5.66GB) | Swap: 2991.25M | ETA: 44.3m
  Step    750/1907 | ELBO Loss:  17.70 | CE: 6.315 | LR: 2.23e-04 |   0.5 st/s |    59,267 tok/s | Metal Unified GPU: 0.34GB (Peak: 5.66GB) | Swap: 2991.25M | ETA: 42.6m
  Step    800/1907 | ELBO Loss:  17.40 | CE: 6.304 | LR: 2.12e-04 |   0.4 st/s |    58,976 tok/s | Metal Unified GPU: 0.34GB (Peak: 5.66GB) | Swap: 2991.25M | ETA: 41.0m
  Step    850/1907 | ELBO Loss:  17.09 | CE: 6.164 | LR: 2.01e-04 |   0.4 st/s |    58,734 tok/s | Metal Unified GPU: 0.34GB (Peak: 5.66GB) | Swap: 2991.25M | ETA: 39.3m
  Step    900/1907 | ELBO Loss:  16.54 | CE: 6.014 | LR: 1.89e-04 |   0.4 st/s |    58,501 tok/s | Metal Unified GPU: 0.34GB (Peak: 5.66GB) | Swap: 2991.25M | ETA: 37.6m
  Step    950/1907 | ELBO Loss:  17.05 | CE: 6.150 | LR: 1.78e-04 |   0.4 st/s |    58,416 tok/s | Metal Unified GPU: 0.34GB (Peak: 5.66GB) | Swap: 2975.25M | ETA: 35.8m
  Step   1000/1907 | ELBO Loss:  16.94 | CE: 6.153 | LR: 1.66e-04 |   0.4 st/s |    58,680 tok/s | Metal Unified GPU: 0.34GB (Peak: 5.66GB) | Swap: 2975.25M | ETA: 33.8m
  Step   1050/1907 | ELBO Loss:  17.20 | CE: 6.226 | LR: 1.54e-04 |   0.4 st/s |    58,927 tok/s | Metal Unified GPU: 0.34GB (Peak: 5.66GB) | Swap: 2975.25M | ETA: 31.8m
  Step   1100/1907 | ELBO Loss:  16.33 | CE: 5.974 | LR: 1.42e-04 |   0.5 st/s |    59,154 tok/s | Metal Unified GPU: 0.34GB (Peak: 5.66GB) | Swap: 2975.25M | ETA: 29.8m
  Step   1150/1907 | ELBO Loss:  17.00 | CE: 6.124 | LR: 1.31e-04 |   0.5 st/s |    59,364 tok/s | Metal Unified GPU: 0.34GB (Peak: 5.66GB) | Swap: 2975.25M | ETA: 27.9m
  Step   1200/1907 | ELBO Loss:  16.75 | CE: 6.017 | LR: 1.20e-04 |   0.5 st/s |    59,557 tok/s | Metal Unified GPU: 0.34GB (Peak: 5.66GB) | Swap: 2975.25M | ETA: 25.9m
  Step   1250/1907 | ELBO Loss:  16.57 | CE: 5.990 | LR: 1.09e-04 |   0.5 st/s |    59,739 tok/s | Metal Unified GPU: 0.34GB (Peak: 5.66GB) | Swap: 2975.25M | ETA: 24.0m
  Step   1300/1907 | ELBO Loss:  17.36 | CE: 6.141 | LR: 9.85e-05 |   0.5 st/s |    59,906 tok/s | Metal Unified GPU: 0.34GB (Peak: 5.66GB) | Swap: 2975.25M | ETA: 22.1m
  Step   1350/1907 | ELBO Loss:  17.01 | CE: 6.125 | LR: 8.85e-05 |   0.5 st/s |    60,059 tok/s | Metal Unified GPU: 0.34GB (Peak: 5.66GB) | Swap: 2975.25M | ETA: 20.3m
  Step   1400/1907 | ELBO Loss:  16.15 | CE: 5.840 | LR: 7.91e-05 |   0.5 st/s |    60,197 tok/s | Metal Unified GPU: 0.34GB (Peak: 5.66GB) | Swap: 2975.25M | ETA: 18.4m
  Step   1450/1907 | ELBO Loss:  17.03 | CE: 6.080 | LR: 7.04e-05 |   0.5 st/s |    60,325 tok/s | Metal Unified GPU: 0.34GB (Peak: 5.66GB) | Swap: 2975.25M | ETA: 16.5m
  Step   1500/1907 | ELBO Loss:  16.84 | CE: 6.141 | LR: 6.24e-05 |   0.5 st/s |    60,443 tok/s | Metal Unified GPU: 0.34GB (Peak: 5.66GB) | Swap: 2975.25M | ETA: 14.7m
  Step   1550/1907 | ELBO Loss:  17.25 | CE: 6.203 | LR: 5.52e-05 |   0.5 st/s |    60,554 tok/s | Metal Unified GPU: 0.34GB (Peak: 5.66GB) | Swap: 2975.25M | ETA: 12.9m
  Step   1600/1907 | ELBO Loss:  16.94 | CE: 6.040 | LR: 4.88e-05 |   0.5 st/s |    60,658 tok/s | Metal Unified GPU: 0.34GB (Peak: 5.66GB) | Swap: 2975.25M | ETA: 11.1m
  Step   1650/1907 | ELBO Loss:  17.06 | CE: 6.163 | LR: 4.33e-05 |   0.5 st/s |    60,755 tok/s | Metal Unified GPU: 0.34GB (Peak: 5.66GB) | Swap: 2975.25M | ETA:  9.2m
  Step   1700/1907 | ELBO Loss:  17.18 | CE: 6.121 | LR: 3.86e-05 |   0.5 st/s |    60,846 tok/s | Metal Unified GPU: 0.34GB (Peak: 5.66GB) | Swap: 2975.25M | ETA:  7.4m
  Step   1750/1907 | ELBO Loss:  16.95 | CE: 6.082 | LR: 3.50e-05 |   0.5 st/s |    60,932 tok/s | Metal Unified GPU: 0.34GB (Peak: 5.66GB) | Swap: 2975.25M | ETA:  5.6m
  Step   1800/1907 | ELBO Loss:  17.05 | CE: 6.085 | LR: 3.23e-05 |   0.5 st/s |    61,015 tok/s | Metal Unified GPU: 0.34GB (Peak: 5.66GB) | Swap: 2975.25M | ETA:  3.8m
  Step   1850/1907 | ELBO Loss:  16.37 | CE: 5.915 | LR: 3.07e-05 |   0.5 st/s |    61,093 tok/s | Metal Unified GPU: 0.34GB (Peak: 5.66GB) | Swap: 2975.25M | ETA:  2.0m
  Step   1900/1907 | ELBO Loss:  17.39 | CE: 6.218 | LR: 3.00e-05 |   0.5 st/s |    61,166 tok/s | Metal Unified GPU: 0.34GB (Peak: 5.66GB) | Swap: 2975.25M | ETA:  0.3m
  Step   1907/1907 | ELBO Loss:  16.91 | CE: 6.132 | LR: 3.00e-05 |   0.5 st/s |    61,176 tok/s | Metal Unified GPU: 0.34GB (Peak: 5.66GB) | Swap: 2975.25M | ETA:  0.0m
  Step      1/2861 | ELBO Loss:  26.34 | CE: 7.120 | LR: 4.00e-06 |   0.5 st/s |    64,732 tok/s | Metal Unified GPU: 0.34GB (Peak: 5.66GB) | Swap: 2975.25M | ETA: 96.5m
  Step     50/2861 | ELBO Loss:  22.81 | CE: 6.207 | LR: 1.02e-04 |   0.5 st/s |    64,128 tok/s | Metal Unified GPU: 0.34GB (Peak: 5.66GB) | Swap: 2975.25M | ETA: 95.8m
  Step    100/2861 | ELBO Loss:  24.25 | CE: 6.419 | LR: 2.02e-04 |   0.5 st/s |    64,115 tok/s | Metal Unified GPU: 0.34GB (Peak: 5.66GB) | Swap: 2975.25M | ETA: 94.1m
  Step    150/2861 | ELBO Loss:  23.49 | CE: 6.284 | LR: 3.00e-04 |   0.5 st/s |    64,116 tok/s | Metal Unified GPU: 0.34GB (Peak: 5.66GB) | Swap: 2975.25M | ETA: 92.4m
  Step    200/2861 | ELBO Loss:  23.23 | CE: 6.279 | LR: 3.00e-04 |   0.5 st/s |    64,074 tok/s | Metal Unified GPU: 0.34GB (Peak: 5.66GB) | Swap: 2975.25M | ETA: 90.7m
  Step    250/2861 | ELBO Loss:  23.26 | CE: 6.192 | LR: 2.99e-04 |   0.5 st/s |    63,990 tok/s | Metal Unified GPU: 0.34GB (Peak: 5.66GB) | Swap: 2975.25M | ETA: 89.1m
  Step    300/2861 | ELBO Loss:  23.90 | CE: 6.289 | LR: 2.98e-04 |   0.5 st/s |    63,915 tok/s | Metal Unified GPU: 0.34GB (Peak: 5.66GB) | Swap: 2975.25M | ETA: 87.5m
  Step    350/2861 | ELBO Loss:  23.88 | CE: 6.362 | LR: 2.96e-04 |   0.5 st/s |    63,856 tok/s | Metal Unified GPU: 0.34GB (Peak: 5.66GB) | Swap: 2975.25M | ETA: 85.9m
  Step    400/2861 | ELBO Loss:  22.86 | CE: 6.148 | LR: 2.94e-04 |   0.5 st/s |    63,812 tok/s | Metal Unified GPU: 0.34GB (Peak: 5.66GB) | Swap: 2975.25M | ETA: 84.2m
  Step    450/2861 | ELBO Loss:  22.73 | CE: 6.151 | LR: 2.92e-04 |   0.5 st/s |    63,774 tok/s | Metal Unified GPU: 0.34GB (Peak: 5.66GB) | Swap: 2975.25M | ETA: 82.6m
  Step    500/2861 | ELBO Loss:  22.89 | CE: 6.213 | LR: 2.89e-04 |   0.5 st/s |    63,750 tok/s | Metal Unified GPU: 0.34GB (Peak: 5.66GB) | Swap: 2975.25M | ETA: 80.9m
  Step    550/2861 | ELBO Loss:  22.42 | CE: 6.130 | LR: 2.86e-04 |   0.5 st/s |    63,724 tok/s | Metal Unified GPU: 0.34GB (Peak: 5.66GB) | Swap: 2975.25M | ETA: 79.2m
  Step    600/2861 | ELBO Loss:  22.68 | CE: 6.095 | LR: 2.82e-04 |   0.5 st/s |    63,707 tok/s | Metal Unified GPU: 0.34GB (Peak: 5.66GB) | Swap: 2975.25M | ETA: 77.5m
  Step    650/2861 | ELBO Loss:  24.11 | CE: 6.317 | LR: 2.78e-04 |   0.5 st/s |    63,695 tok/s | Metal Unified GPU: 0.34GB (Peak: 5.66GB) | Swap: 2975.25M | ETA: 75.8m
  Step    700/2861 | ELBO Loss:  21.90 | CE: 6.185 | LR: 2.73e-04 |   0.5 st/s |    63,693 tok/s | Metal Unified GPU: 0.34GB (Peak: 5.66GB) | Swap: 2975.25M | ETA: 74.1m
  Step    750/2861 | ELBO Loss:  24.01 | CE: 6.357 | LR: 2.69e-04 |   0.5 st/s |    63,703 tok/s | Metal Unified GPU: 0.34GB (Peak: 5.66GB) | Swap: 2975.25M | ETA: 72.4m
  Step    800/2861 | ELBO Loss:  23.61 | CE: 6.310 | LR: 2.63e-04 |   0.5 st/s |    63,719 tok/s | Metal Unified GPU: 0.34GB (Peak: 5.66GB) | Swap: 2975.25M | ETA: 70.7m
  Step    850/2861 | ELBO Loss:  22.34 | CE: 6.202 | LR: 2.58e-04 |   0.5 st/s |    63,737 tok/s | Metal Unified GPU: 0.34GB (Peak: 5.66GB) | Swap: 2975.25M | ETA: 68.9m
  Step    900/2861 | ELBO Loss:  22.72 | CE: 6.061 | LR: 2.52e-04 |   0.5 st/s |    63,754 tok/s | Metal Unified GPU: 0.34GB (Peak: 5.66GB) | Swap: 2975.25M | ETA: 67.2m
  Step    950/2861 | ELBO Loss:  23.05 | CE: 6.156 | LR: 2.46e-04 |   0.5 st/s |    63,770 tok/s | Metal Unified GPU: 0.34GB (Peak: 5.66GB) | Swap: 2975.25M | ETA: 65.5m
  Step   1000/2861 | ELBO Loss:  23.15 | CE: 6.157 | LR: 2.40e-04 |   0.5 st/s |    63,785 tok/s | Metal Unified GPU: 0.34GB (Peak: 5.66GB) | Swap: 2975.25M | ETA: 63.7m
  Step   1050/2861 | ELBO Loss:  23.10 | CE: 6.264 | LR: 2.33e-04 |   0.5 st/s |    63,798 tok/s | Metal Unified GPU: 0.34GB (Peak: 5.66GB) | Swap: 2975.25M | ETA: 62.0m
  Step   1100/2861 | ELBO Loss:  22.90 | CE: 6.023 | LR: 2.26e-04 |   0.5 st/s |    63,810 tok/s | Metal Unified GPU: 0.34GB (Peak: 5.66GB) | Swap: 2975.25M | ETA: 60.3m
  Step   1150/2861 | ELBO Loss:  23.38 | CE: 6.115 | LR: 2.19e-04 |   0.5 st/s |    63,819 tok/s | Metal Unified GPU: 0.34GB (Peak: 5.66GB) | Swap: 2975.25M | ETA: 58.6m
  Step   1200/2861 | ELBO Loss:  21.94 | CE: 6.043 | LR: 2.12e-04 |   0.5 st/s |    63,828 tok/s | Metal Unified GPU: 0.34GB (Peak: 5.66GB) | Swap: 2975.25M | ETA: 56.8m
  Step   1250/2861 | ELBO Loss:  22.65 | CE: 5.996 | LR: 2.04e-04 |   0.5 st/s |    63,835 tok/s | Metal Unified GPU: 0.34GB (Peak: 5.66GB) | Swap: 2975.25M | ETA: 55.1m
  Step   1300/2861 | ELBO Loss:  23.04 | CE: 6.119 | LR: 1.97e-04 |   0.5 st/s |    63,841 tok/s | Metal Unified GPU: 0.34GB (Peak: 5.66GB) | Swap: 2975.25M | ETA: 53.4m
  Step   1350/2861 | ELBO Loss:  22.40 | CE: 6.150 | LR: 1.89e-04 |   0.5 st/s |    63,846 tok/s | Metal Unified GPU: 0.34GB (Peak: 5.66GB) | Swap: 2975.25M | ETA: 51.7m
  Step   1400/2861 | ELBO Loss:  21.52 | CE: 5.820 | LR: 1.81e-04 |   0.5 st/s |    63,853 tok/s | Metal Unified GPU: 0.34GB (Peak: 5.66GB) | Swap: 2975.25M | ETA: 50.0m
  Step   1450/2861 | ELBO Loss:  22.78 | CE: 6.079 | LR: 1.74e-04 |   0.5 st/s |    63,857 tok/s | Metal Unified GPU: 0.34GB (Peak: 5.66GB) | Swap: 2975.25M | ETA: 48.3m
  Step   1500/2861 | ELBO Loss:  22.19 | CE: 6.073 | LR: 1.66e-04 |   0.5 st/s |    63,862 tok/s | Metal Unified GPU: 0.34GB (Peak: 5.66GB) | Swap: 2975.25M | ETA: 46.6m
  Step   1550/2861 | ELBO Loss:  23.21 | CE: 6.194 | LR: 1.58e-04 |   0.5 st/s |    63,866 tok/s | Metal Unified GPU: 0.34GB (Peak: 5.66GB) | Swap: 2975.25M | ETA: 44.8m
  Step   1600/2861 | ELBO Loss:  22.11 | CE: 6.001 | LR: 1.50e-04 |   0.5 st/s |    63,870 tok/s | Metal Unified GPU: 0.34GB (Peak: 5.66GB) | Swap: 2975.25M | ETA: 43.1m
  Step   1650/2861 | ELBO Loss:  23.64 | CE: 6.194 | LR: 1.42e-04 |   0.5 st/s |    63,872 tok/s | Metal Unified GPU: 0.34GB (Peak: 5.66GB) | Swap: 2975.25M | ETA: 41.4m
  Step   1700/2861 | ELBO Loss:  23.22 | CE: 6.071 | LR: 1.35e-04 |   0.5 st/s |    63,873 tok/s | Metal Unified GPU: 0.34GB (Peak: 5.66GB) | Swap: 2975.25M | ETA: 39.7m
  Step   1750/2861 | ELBO Loss:  22.89 | CE: 6.093 | LR: 1.27e-04 |   0.5 st/s |    63,874 tok/s | Metal Unified GPU: 0.34GB (Peak: 5.66GB) | Swap: 2975.25M | ETA: 38.0m
  Step   1800/2861 | ELBO Loss:  22.48 | CE: 6.009 | LR: 1.20e-04 |   0.5 st/s |    63,876 tok/s | Metal Unified GPU: 0.34GB (Peak: 5.66GB) | Swap: 2975.25M | ETA: 36.3m
  Step   1850/2861 | ELBO Loss:  22.37 | CE: 5.926 | LR: 1.13e-04 |   0.5 st/s |    63,877 tok/s | Metal Unified GPU: 0.34GB (Peak: 5.66GB) | Swap: 2975.25M | ETA: 34.6m
  Step   1900/2861 | ELBO Loss:  22.91 | CE: 6.164 | LR: 1.05e-04 |   0.5 st/s |    63,881 tok/s | Metal Unified GPU: 0.34GB (Peak: 5.66GB) | Swap: 2975.25M | ETA: 32.9m
  Step   1950/2861 | ELBO Loss:  22.31 | CE: 6.080 | LR: 9.85e-05 |   0.5 st/s |    63,882 tok/s | Metal Unified GPU: 0.34GB (Peak: 5.66GB) | Swap: 2975.25M | ETA: 31.2m
  Step   2000/2861 | ELBO Loss:  21.86 | CE: 5.944 | LR: 9.18e-05 |   0.5 st/s |    63,882 tok/s | Metal Unified GPU: 0.34GB (Peak: 5.66GB) | Swap: 2975.25M | ETA: 29.4m
  Step   2050/2861 | ELBO Loss:  21.89 | CE: 5.924 | LR: 8.54e-05 |   0.5 st/s |    63,883 tok/s | Metal Unified GPU: 0.34GB (Peak: 5.66GB) | Swap: 2975.25M | ETA: 27.7m
  Step   2100/2861 | ELBO Loss:  22.05 | CE: 6.061 | LR: 7.92e-05 |   0.5 st/s |    63,884 tok/s | Metal Unified GPU: 0.34GB (Peak: 5.66GB) | Swap: 2975.25M | ETA: 26.0m
  Step   2150/2861 | ELBO Loss:  23.15 | CE: 6.141 | LR: 7.33e-05 |   0.5 st/s |    63,883 tok/s | Metal Unified GPU: 0.34GB (Peak: 5.66GB) | Swap: 2975.25M | ETA: 24.3m
  Step   2200/2861 | ELBO Loss:  22.96 | CE: 6.196 | LR: 6.77e-05 |   0.5 st/s |    63,883 tok/s | Metal Unified GPU: 0.34GB (Peak: 5.66GB) | Swap: 2967.25M | ETA: 22.6m
  Step   2250/2861 | ELBO Loss:  21.43 | CE: 5.653 | LR: 6.24e-05 |   0.5 st/s |    63,883 tok/s | Metal Unified GPU: 0.34GB (Peak: 5.66GB) | Swap: 2967.25M | ETA: 20.9m
  Step   2300/2861 | ELBO Loss:  23.27 | CE: 6.166 | LR: 5.75e-05 |   0.5 st/s |    63,883 tok/s | Metal Unified GPU: 0.34GB (Peak: 5.66GB) | Swap: 2967.25M | ETA: 19.2m
  Step   2350/2861 | ELBO Loss:  22.10 | CE: 6.016 | LR: 5.30e-05 |   0.5 st/s |    63,883 tok/s | Metal Unified GPU: 0.34GB (Peak: 5.66GB) | Swap: 2967.25M | ETA: 17.5m
  Step   2400/2861 | ELBO Loss:  22.63 | CE: 6.016 | LR: 4.88e-05 |   0.5 st/s |    63,884 tok/s | Metal Unified GPU: 0.34GB (Peak: 5.66GB) | Swap: 2967.25M | ETA: 15.8m
  Step   2450/2861 | ELBO Loss:  22.98 | CE: 6.135 | LR: 4.50e-05 |   0.5 st/s |    63,884 tok/s | Metal Unified GPU: 0.34GB (Peak: 5.66GB) | Swap: 2967.25M | ETA: 14.1m
  Step   2500/2861 | ELBO Loss:  23.01 | CE: 6.111 | LR: 4.16e-05 |   0.5 st/s |    63,885 tok/s | Metal Unified GPU: 0.34GB (Peak: 5.66GB) | Swap: 2967.25M | ETA: 12.3m
  Step   2550/2861 | ELBO Loss:  24.50 | CE: 6.435 | LR: 3.87e-05 |   0.5 st/s |    63,883 tok/s | Metal Unified GPU: 0.34GB (Peak: 5.66GB) | Swap: 2967.25M | ETA: 10.6m
  Step   2600/2861 | ELBO Loss:  22.83 | CE: 6.056 | LR: 3.61e-05 |   0.5 st/s |    63,883 tok/s | Metal Unified GPU: 0.34GB (Peak: 5.66GB) | Swap: 2967.25M | ETA:  8.9m
  Step   2650/2861 | ELBO Loss:  23.17 | CE: 6.262 | LR: 3.40e-05 |   0.5 st/s |    63,883 tok/s | Metal Unified GPU: 0.34GB (Peak: 5.66GB) | Swap: 2967.25M | ETA:  7.2m
  Step   2700/2861 | ELBO Loss:  22.23 | CE: 6.039 | LR: 3.23e-05 |   0.5 st/s |    63,883 tok/s | Metal Unified GPU: 0.34GB (Peak: 5.66GB) | Swap: 2967.25M | ETA:  5.5m
  Step   2750/2861 | ELBO Loss:  23.56 | CE: 6.174 | LR: 3.11e-05 |   0.5 st/s |    63,882 tok/s | Metal Unified GPU: 0.34GB (Peak: 5.66GB) | Swap: 2967.25M | ETA:  3.8m
  Step   2800/2861 | ELBO Loss:  22.73 | CE: 6.112 | LR: 3.03e-05 |   0.5 st/s |    63,881 tok/s | Metal Unified GPU: 0.34GB (Peak: 5.66GB) | Swap: 2967.25M | ETA:  2.1m
  Step   2850/2861 | ELBO Loss:  22.94 | CE: 6.121 | LR: 3.00e-05 |   0.5 st/s |    63,880 tok/s | Metal Unified GPU: 0.34GB (Peak: 5.66GB) | Swap: 2967.25M | ETA:  0.4m
  Step   2861/2861 | ELBO Loss:  22.55 | CE: 6.084 | LR: 3.00e-05 |   0.5 st/s |    63,880 tok/s | Metal Unified GPU: 0.34GB (Peak: 5.66GB) | Swap: 2967.25M | ETA:  0.0m
  Step      1/3814 | ELBO Loss:  41.31 | CE: 7.171 | LR: 3.00e-06 |   0.5 st/s |    64,311 tok/s | Metal Unified GPU: 0.34GB (Peak: 5.66GB) | Swap: 2967.25M | ETA: 129.5m
  Step     50/3814 | ELBO Loss:  32.55 | CE: 6.134 | LR: 7.65e-05 |   0.5 st/s |    62,827 tok/s | Metal Unified GPU: 0.34GB (Peak: 5.66GB) | Swap: 2967.25M | ETA: 130.9m
  Step    100/3814 | ELBO Loss:  39.05 | CE: 6.410 | LR: 1.51e-04 |   0.5 st/s |    63,296 tok/s | Metal Unified GPU: 0.34GB (Peak: 5.66GB) | Swap: 2967.25M | ETA: 128.2m
  Step    150/3814 | ELBO Loss:  33.60 | CE: 6.270 | LR: 2.26e-04 |   0.5 st/s |    62,816 tok/s | Metal Unified GPU: 0.34GB (Peak: 5.66GB) | Swap: 2967.25M | ETA: 127.4m
  Step    200/3814 | ELBO Loss:  34.80 | CE: 6.296 | LR: 3.00e-04 |   0.5 st/s |    60,770 tok/s | Metal Unified GPU: 0.34GB (Peak: 5.66GB) | Swap: 2967.25M | ETA: 129.9m
  Step    250/3814 | ELBO Loss:  32.23 | CE: 6.198 | LR: 3.00e-04 |   0.5 st/s |    59,327 tok/s | Metal Unified GPU: 0.34GB (Peak: 5.66GB) | Swap: 2967.25M | ETA: 131.2m
  Step    300/3814 | ELBO Loss:  31.03 | CE: 6.263 | LR: 2.99e-04 |   0.4 st/s |    58,980 tok/s | Metal Unified GPU: 0.34GB (Peak: 5.66GB) | Swap: 2967.25M | ETA: 130.2m
  Step    350/3814 | ELBO Loss:  37.06 | CE: 6.354 | LR: 2.99e-04 |   0.4 st/s |    58,425 tok/s | Metal Unified GPU: 0.34GB (Peak: 5.66GB) | Swap: 2967.25M | ETA: 129.5m
  Step    400/3814 | ELBO Loss:  35.65 | CE: 6.187 | LR: 2.98e-04 |   0.4 st/s |    57,902 tok/s | Metal Unified GPU: 0.34GB (Peak: 5.66GB) | Swap: 2967.25M | ETA: 128.8m
  Step    450/3814 | ELBO Loss:  35.50 | CE: 6.262 | LR: 2.97e-04 |   0.4 st/s |    57,460 tok/s | Metal Unified GPU: 0.34GB (Peak: 5.66GB) | Swap: 2967.25M | ETA: 127.9m
  Step    500/3814 | ELBO Loss:  34.60 | CE: 6.343 | LR: 2.95e-04 |   0.4 st/s |    56,537 tok/s | Metal Unified GPU: 0.34GB (Peak: 5.66GB) | Swap: 2943.25M | ETA: 128.0m
  Step    550/3814 | ELBO Loss:  27.56 | CE: 6.045 | LR: 2.94e-04 |   0.4 st/s |    56,365 tok/s | Metal Unified GPU: 0.34GB (Peak: 5.66GB) | Swap: 2943.25M | ETA: 126.5m
  Step    600/3814 | ELBO Loss:  29.55 | CE: 6.056 | LR: 2.92e-04 |   0.4 st/s |    56,368 tok/s | Metal Unified GPU: 0.34GB (Peak: 5.66GB) | Swap: 2943.25M | ETA: 124.6m
  Step    650/3814 | ELBO Loss:  30.63 | CE: 6.193 | LR: 2.90e-04 |   0.4 st/s |    56,241 tok/s | Metal Unified GPU: 0.34GB (Peak: 5.66GB) | Swap: 2943.25M | ETA: 122.9m
  Step    700/3814 | ELBO Loss:  30.86 | CE: 6.185 | LR: 2.87e-04 |   0.4 st/s |    56,157 tok/s | Metal Unified GPU: 0.34GB (Peak: 5.66GB) | Swap: 2943.25M | ETA: 121.1m
  Step    750/3814 | ELBO Loss:  36.45 | CE: 6.412 | LR: 2.85e-04 |   0.4 st/s |    55,717 tok/s | Metal Unified GPU: 0.34GB (Peak: 5.66GB) | Swap: 2943.25M | ETA: 120.1m
  Step    800/3814 | ELBO Loss:  31.33 | CE: 6.262 | LR: 2.82e-04 |   0.4 st/s |    55,071 tok/s | Metal Unified GPU: 0.34GB (Peak: 5.66GB) | Swap: 2943.25M | ETA: 119.6m
  Step    850/3814 | ELBO Loss:  34.58 | CE: 6.220 | LR: 2.79e-04 |   0.4 st/s |    54,519 tok/s | Metal Unified GPU: 0.34GB (Peak: 5.66GB) | Swap: 4164.19M | ETA: 118.8m
  Step    900/3814 | ELBO Loss:  36.08 | CE: 6.164 | LR: 2.76e-04 |   0.4 st/s |    54,548 tok/s | Metal Unified GPU: 0.34GB (Peak: 5.66GB) | Swap: 4052.19M | ETA: 116.7m
  Step    950/3814 | ELBO Loss:  35.42 | CE: 6.184 | LR: 2.72e-04 |   0.4 st/s |    54,444 tok/s | Metal Unified GPU: 0.34GB (Peak: 5.66GB) | Swap: 4036.19M | ETA: 114.9m
  Step   1000/3814 | ELBO Loss:  28.29 | CE: 6.115 | LR: 2.69e-04 |   0.4 st/s |    54,468 tok/s | Metal Unified GPU: 0.34GB (Peak: 5.66GB) | Swap: 4004.19M | ETA: 112.9m
  Step   1050/3814 | ELBO Loss:  35.25 | CE: 6.282 | LR: 2.65e-04 |   0.4 st/s |    54,583 tok/s | Metal Unified GPU: 0.34GB (Peak: 5.66GB) | Swap: 3996.19M | ETA: 110.6m
  Step   1100/3814 | ELBO Loss:  30.87 | CE: 6.033 | LR: 2.61e-04 |   0.4 st/s |    54,718 tok/s | Metal Unified GPU: 0.34GB (Peak: 5.66GB) | Swap: 3988.19M | ETA: 108.4m
  Step   1150/3814 | ELBO Loss:  28.15 | CE: 6.102 | LR: 2.57e-04 |   0.4 st/s |    54,855 tok/s | Metal Unified GPU: 0.34GB (Peak: 5.66GB) | Swap: 3932.19M | ETA: 106.1m
  Step   1200/3814 | ELBO Loss:  36.92 | CE: 6.071 | LR: 2.52e-04 |   0.4 st/s |    54,988 tok/s | Metal Unified GPU: 0.34GB (Peak: 5.66GB) | Swap: 3916.19M | ETA: 103.8m
  Step   1250/3814 | ELBO Loss:  34.38 | CE: 5.981 | LR: 2.48e-04 |   0.4 st/s |    55,105 tok/s | Metal Unified GPU: 0.34GB (Peak: 5.66GB) | Swap: 3916.19M | ETA: 101.6m
  Step   1300/3814 | ELBO Loss:  30.72 | CE: 6.150 | LR: 2.43e-04 |   0.4 st/s |    55,349 tok/s | Metal Unified GPU: 0.34GB (Peak: 5.66GB) | Swap: 3884.19M | ETA: 99.2m
  Step   1350/3814 | ELBO Loss:  29.56 | CE: 6.187 | LR: 2.38e-04 |   0.4 st/s |    55,639 tok/s | Metal Unified GPU: 0.34GB (Peak: 5.66GB) | Swap: 3884.19M | ETA: 96.7m
  Step   1400/3814 | ELBO Loss:  22.03 | CE: 5.897 | LR: 2.33e-04 |   0.4 st/s |    55,904 tok/s | Metal Unified GPU: 0.34GB (Peak: 5.66GB) | Swap: 3876.19M | ETA: 94.3m
  Step   1450/3814 | ELBO Loss:  36.23 | CE: 6.140 | LR: 2.28e-04 |   0.4 st/s |    56,045 tok/s | Metal Unified GPU: 0.34GB (Peak: 5.66GB) | Swap: 3860.19M | ETA: 92.1m
  Step   1500/3814 | ELBO Loss:  30.18 | CE: 6.043 | LR: 2.23e-04 |   0.4 st/s |    56,085 tok/s | Metal Unified GPU: 0.34GB (Peak: 5.66GB) | Swap: 3860.19M | ETA: 90.1m
  Step   1550/3814 | ELBO Loss:  29.24 | CE: 6.160 | LR: 2.17e-04 |   0.4 st/s |    56,087 tok/s | Metal Unified GPU: 0.34GB (Peak: 5.66GB) | Swap: 3852.19M | ETA: 88.2m
  Step   1600/3814 | ELBO Loss:  34.41 | CE: 6.019 | LR: 2.12e-04 |   0.4 st/s |    56,151 tok/s | Metal Unified GPU: 0.34GB (Peak: 5.66GB) | Swap: 3844.19M | ETA: 86.1m
  Step   1650/3814 | ELBO Loss:  34.40 | CE: 6.162 | LR: 2.06e-04 |   0.4 st/s |    56,204 tok/s | Metal Unified GPU: 0.34GB (Peak: 5.66GB) | Swap: 3836.19M | ETA: 84.1m
  Step   1700/3814 | ELBO Loss:  31.25 | CE: 6.037 | LR: 2.01e-04 |   0.4 st/s |    56,259 tok/s | Metal Unified GPU: 0.34GB (Peak: 5.66GB) | Swap: 3836.19M | ETA: 82.1m
  Step   1750/3814 | ELBO Loss:  33.77 | CE: 6.132 | LR: 1.95e-04 |   0.4 st/s |    56,312 tok/s | Metal Unified GPU: 0.34GB (Peak: 5.66GB) | Swap: 3836.19M | ETA: 80.1m
  Step   1800/3814 | ELBO Loss:  29.79 | CE: 6.007 | LR: 1.89e-04 |   0.4 st/s |    56,343 tok/s | Metal Unified GPU: 0.34GB (Peak: 5.66GB) | Swap: 3836.19M | ETA: 78.1m
  Step   1850/3814 | ELBO Loss:  30.50 | CE: 5.935 | LR: 1.83e-04 |   0.4 st/s |    56,286 tok/s | Metal Unified GPU: 0.34GB (Peak: 5.66GB) | Swap: 3836.19M | ETA: 76.2m
  Step   1900/3814 | ELBO Loss:  32.92 | CE: 6.196 | LR: 1.78e-04 |   0.4 st/s |    56,204 tok/s | Metal Unified GPU: 0.34GB (Peak: 5.66GB) | Swap: 3836.19M | ETA: 74.4m
  Step   1950/3814 | ELBO Loss:  31.07 | CE: 6.056 | LR: 1.72e-04 |   0.4 st/s |    56,170 tok/s | Metal Unified GPU: 0.34GB (Peak: 5.66GB) | Swap: 3820.19M | ETA: 72.5m
  Step   2000/3814 | ELBO Loss:  32.71 | CE: 5.991 | LR: 1.66e-04 |   0.4 st/s |    56,126 tok/s | Metal Unified GPU: 0.34GB (Peak: 5.66GB) | Swap: 3820.19M | ETA: 70.6m
  Step   2050/3814 | ELBO Loss:  32.77 | CE: 5.960 | LR: 1.60e-04 |   0.4 st/s |    56,161 tok/s | Metal Unified GPU: 0.34GB (Peak: 5.66GB) | Swap: 3820.19M | ETA: 68.6m
  Step   2100/3814 | ELBO Loss:  28.40 | CE: 6.019 | LR: 1.54e-04 |   0.4 st/s |    56,202 tok/s | Metal Unified GPU: 0.34GB (Peak: 5.66GB) | Swap: 3820.19M | ETA: 66.6m
  Step   2150/3814 | ELBO Loss:  35.18 | CE: 6.201 | LR: 1.48e-04 |   0.4 st/s |    56,246 tok/s | Metal Unified GPU: 0.34GB (Peak: 5.66GB) | Swap: 3820.19M | ETA: 64.6m
  Step   2200/3814 | ELBO Loss:  36.67 | CE: 6.247 | LR: 1.42e-04 |   0.4 st/s |    56,287 tok/s | Metal Unified GPU: 0.34GB (Peak: 5.66GB) | Swap: 3820.19M | ETA: 62.6m
  Step   2250/3814 | ELBO Loss:  31.31 | CE: 5.774 | LR: 1.37e-04 |   0.4 st/s |    56,330 tok/s | Metal Unified GPU: 0.34GB (Peak: 5.66GB) | Swap: 3820.19M | ETA: 60.7m
  Step   2300/3814 | ELBO Loss:  36.36 | CE: 6.191 | LR: 1.31e-04 |   0.4 st/s |    56,368 tok/s | Metal Unified GPU: 0.34GB (Peak: 5.66GB) | Swap: 3812.19M | ETA: 58.7m
  Step   2350/3814 | ELBO Loss:  36.19 | CE: 6.062 | LR: 1.25e-04 |   0.4 st/s |    56,328 tok/s | Metal Unified GPU: 0.34GB (Peak: 5.66GB) | Swap: 3812.19M | ETA: 56.8m
  Step   2400/3814 | ELBO Loss:  32.70 | CE: 6.042 | LR: 1.20e-04 |   0.4 st/s |    56,290 tok/s | Metal Unified GPU: 0.34GB (Peak: 5.66GB) | Swap: 3812.19M | ETA: 54.9m
  Step   2450/3814 | ELBO Loss:  36.37 | CE: 6.122 | LR: 1.14e-04 |   0.4 st/s |    56,300 tok/s | Metal Unified GPU: 0.36GB (Peak: 5.66GB) | Swap: 3796.19M | ETA: 52.9m
  Step   2500/3814 | ELBO Loss:  39.06 | CE: 6.135 | LR: 1.09e-04 |   0.4 st/s |    56,244 tok/s | Metal Unified GPU: 0.34GB (Peak: 5.66GB) | Swap: 3788.19M | ETA: 51.0m
  Step   2550/3814 | ELBO Loss:  26.99 | CE: 6.237 | LR: 1.04e-04 |   0.4 st/s |    56,210 tok/s | Metal Unified GPU: 0.34GB (Peak: 5.66GB) | Swap: 3788.19M | ETA: 49.1m
  Step   2600/3814 | ELBO Loss:  30.93 | CE: 5.973 | LR: 9.85e-05 |   0.4 st/s |    56,179 tok/s | Metal Unified GPU: 0.34GB (Peak: 5.66GB) | Swap: 3788.19M | ETA: 47.2m
  Step   2650/3814 | ELBO Loss:  26.77 | CE: 6.175 | LR: 9.34e-05 |   0.4 st/s |    56,126 tok/s | Metal Unified GPU: 0.34GB (Peak: 5.66GB) | Swap: 3788.19M | ETA: 45.3m
  Step   2700/3814 | ELBO Loss:  31.74 | CE: 6.038 | LR: 8.85e-05 |   0.4 st/s |    56,097 tok/s | Metal Unified GPU: 0.34GB (Peak: 5.66GB) | Swap: 3788.19M | ETA: 43.4m
  Step   2750/3814 | ELBO Loss:  31.38 | CE: 6.126 | LR: 8.37e-05 |   0.4 st/s |    56,032 tok/s | Metal Unified GPU: 0.34GB (Peak: 5.66GB) | Swap: 3788.19M | ETA: 41.5m
  Step   2800/3814 | ELBO Loss:  26.62 | CE: 6.010 | LR: 7.91e-05 |   0.4 st/s |    55,978 tok/s | Metal Unified GPU: 0.34GB (Peak: 5.66GB) | Swap: 3780.19M | ETA: 39.6m
  Step   2850/3814 | ELBO Loss:  30.42 | CE: 6.076 | LR: 7.47e-05 |   0.4 st/s |    55,930 tok/s | Metal Unified GPU: 0.34GB (Peak: 5.66GB) | Swap: 3780.19M | ETA: 37.7m
  Step   2900/3814 | ELBO Loss:  33.99 | CE: 6.141 | LR: 7.04e-05 |   0.4 st/s |    55,910 tok/s | Metal Unified GPU: 0.34GB (Peak: 5.66GB) | Swap: 3732.19M | ETA: 35.7m
  Step   2950/3814 | ELBO Loss:  33.60 | CE: 5.994 | LR: 6.63e-05 |   0.4 st/s |    55,887 tok/s | Metal Unified GPU: 0.34GB (Peak: 5.66GB) | Swap: 3732.19M | ETA: 33.8m
  Step   3000/3814 | ELBO Loss:  37.33 | CE: 6.030 | LR: 6.24e-05 |   0.4 st/s |    55,878 tok/s | Metal Unified GPU: 0.34GB (Peak: 5.66GB) | Swap: 3724.19M | ETA: 31.8m
  Step   3050/3814 | ELBO Loss:  32.33 | CE: 6.178 | LR: 5.87e-05 |   0.4 st/s |    55,866 tok/s | Metal Unified GPU: 0.34GB (Peak: 5.66GB) | Swap: 3810.31M | ETA: 29.9m
  Step   3100/3814 | ELBO Loss:  37.98 | CE: 6.255 | LR: 5.52e-05 |   0.4 st/s |    55,758 tok/s | Metal Unified GPU: 0.34GB (Peak: 5.66GB) | Swap: 3810.31M | ETA: 28.0m
  Step   3150/3814 | ELBO Loss:  29.81 | CE: 6.062 | LR: 5.19e-05 |   0.4 st/s |    55,697 tok/s | Metal Unified GPU: 0.34GB (Peak: 5.66GB) | Swap: 3810.31M | ETA: 26.0m
  Step   3200/3814 | ELBO Loss:  30.51 | CE: 6.185 | LR: 4.88e-05 |   0.4 st/s |    55,682 tok/s | Metal Unified GPU: 0.34GB (Peak: 5.66GB) | Swap: 3810.31M | ETA: 24.1m
  Step   3250/3814 | ELBO Loss:  33.44 | CE: 5.996 | LR: 4.59e-05 |   0.4 st/s |    55,687 tok/s | Metal Unified GPU: 0.34GB (Peak: 5.66GB) | Swap: 4012.31M | ETA: 22.1m
  Step   3300/3814 | ELBO Loss:  24.72 | CE: 5.990 | LR: 4.33e-05 |   0.4 st/s |    55,717 tok/s | Metal Unified GPU: 0.34GB (Peak: 5.66GB) | Swap: 4012.31M | ETA: 20.2m
  Step   3350/3814 | ELBO Loss:  37.18 | CE: 6.122 | LR: 4.08e-05 |   0.4 st/s |    55,654 tok/s | Metal Unified GPU: 0.34GB (Peak: 5.66GB) | Swap: 4004.31M | ETA: 18.2m
  Step   3400/3814 | ELBO Loss:  36.11 | CE: 6.110 | LR: 3.86e-05 |   0.4 st/s |    55,543 tok/s | Metal Unified GPU: 0.34GB (Peak: 5.66GB) | Swap: 4004.31M | ETA: 16.3m
  Step   3450/3814 | ELBO Loss:  33.17 | CE: 6.167 | LR: 3.67e-05 |   0.4 st/s |    55,436 tok/s | Metal Unified GPU: 0.34GB (Peak: 5.66GB) | Swap: 4004.31M | ETA: 14.3m
  Step   3500/3814 | ELBO Loss:  34.94 | CE: 6.044 | LR: 3.50e-05 |   0.4 st/s |    55,331 tok/s | Metal Unified GPU: 0.34GB (Peak: 5.66GB) | Swap: 4004.31M | ETA: 12.4m
  Step   3550/3814 | ELBO Loss:  26.96 | CE: 5.905 | LR: 3.35e-05 |   0.4 st/s |    55,212 tok/s | Metal Unified GPU: 0.34GB (Peak: 5.66GB) | Swap: 4004.31M | ETA: 10.4m
  Step   3600/3814 | ELBO Loss:  36.47 | CE: 6.144 | LR: 3.23e-05 |   0.4 st/s |    55,110 tok/s | Metal Unified GPU: 0.34GB (Peak: 5.66GB) | Swap: 4004.31M | ETA:  8.5m
  Step   3650/3814 | ELBO Loss:  34.75 | CE: 6.130 | LR: 3.14e-05 |   0.4 st/s |    55,010 tok/s | Metal Unified GPU: 0.34GB (Peak: 5.66GB) | Swap: 4004.31M | ETA:  6.5m
  Step   3700/3814 | ELBO Loss:  29.62 | CE: 5.863 | LR: 3.07e-05 |   0.4 st/s |    54,912 tok/s | Metal Unified GPU: 0.34GB (Peak: 5.66GB) | Swap: 4004.31M | ETA:  4.5m
  Step   3750/3814 | ELBO Loss:  35.70 | CE: 6.086 | LR: 3.02e-05 |   0.4 st/s |    54,808 tok/s | Metal Unified GPU: 0.34GB (Peak: 5.66GB) | Swap: 4004.31M | ETA:  2.6m
  Step   3800/3814 | ELBO Loss:  27.53 | CE: 5.947 | LR: 3.00e-05 |   0.4 st/s |    54,697 tok/s | Metal Unified GPU: 0.34GB (Peak: 5.66GB) | Swap: 4004.31M | ETA:  0.6m
  Step   3814/3814 | ELBO Loss:  34.72 | CE: 6.179 | LR: 3.00e-05 |   0.4 st/s |    54,669 tok/s | Metal Unified GPU: 0.34GB (Peak: 5.66GB) | Swap: 4004.31M | ETA:  0.0m
  Step      1/6502 | ELBO Loss:  24.05 | CE: 7.033 | LR: 2.40e-06 |   0.3 st/s |    45,736 tok/s | Metal Unified GPU: 0.34GB (Peak: 5.66GB) | Swap: 4004.31M | ETA: 310.5m
  Step     50/6502 | ELBO Loss:  22.33 | CE: 6.248 | LR: 6.12e-05 |   0.4 st/s |    47,535 tok/s | Metal Unified GPU: 0.34GB (Peak: 5.66GB) | Swap: 2657.38M | ETA: 296.5m
  Step    100/6502 | ELBO Loss:  21.95 | CE: 6.403 | LR: 1.21e-04 |   0.4 st/s |    47,373 tok/s | Metal Unified GPU: 0.34GB (Peak: 5.66GB) | Swap: 2657.38M | ETA: 295.2m
  Step    150/6502 | ELBO Loss:  21.86 | CE: 6.275 | LR: 1.81e-04 |   0.4 st/s |    47,099 tok/s | Metal Unified GPU: 0.34GB (Peak: 5.66GB) | Swap: 2657.38M | ETA: 294.6m
  Step    200/6502 | ELBO Loss:  22.22 | CE: 6.309 | LR: 2.41e-04 |   0.4 st/s |    46,913 tok/s | Metal Unified GPU: 0.34GB (Peak: 5.66GB) | Swap: 2657.38M | ETA: 293.5m
  Step    250/6502 | ELBO Loss:  21.20 | CE: 6.173 | LR: 3.00e-04 |   0.4 st/s |    47,000 tok/s | Metal Unified GPU: 0.34GB (Peak: 5.66GB) | Swap: 2657.38M | ETA: 290.6m
  Step    300/6502 | ELBO Loss:  22.19 | CE: 6.289 | LR: 3.00e-04 |   0.4 st/s |    47,115 tok/s | Metal Unified GPU: 0.36GB (Peak: 5.66GB) | Swap: 2657.38M | ETA: 287.6m
  Step    350/6502 | ELBO Loss:  22.29 | CE: 6.334 | LR: 3.00e-04 |   0.4 st/s |    47,204 tok/s | Metal Unified GPU: 0.34GB (Peak: 5.66GB) | Swap: 2657.38M | ETA: 284.7m
  Step    400/6502 | ELBO Loss:  21.48 | CE: 6.158 | LR: 3.00e-04 |   0.4 st/s |    47,439 tok/s | Metal Unified GPU: 0.34GB (Peak: 5.66GB) | Swap: 2657.38M | ETA: 281.0m
  Step    450/6502 | ELBO Loss:  22.00 | CE: 6.234 | LR: 2.99e-04 |   0.4 st/s |    47,569 tok/s | Metal Unified GPU: 0.34GB (Peak: 5.66GB) | Swap: 2657.38M | ETA: 277.9m
  Step    500/6502 | ELBO Loss:  21.33 | CE: 6.211 | LR: 2.99e-04 |   0.4 st/s |    47,474 tok/s | Metal Unified GPU: 0.34GB (Peak: 5.66GB) | Swap: 2657.38M | ETA: 276.2m
  Step    550/6502 | ELBO Loss:  20.85 | CE: 6.137 | LR: 2.98e-04 |   0.4 st/s |    47,385 tok/s | Metal Unified GPU: 0.34GB (Peak: 5.66GB) | Swap: 2657.38M | ETA: 274.4m
  Step    600/6502 | ELBO Loss:  21.72 | CE: 6.126 | LR: 2.98e-04 |   0.4 st/s |    47,309 tok/s | Metal Unified GPU: 0.34GB (Peak: 5.66GB) | Swap: 2657.38M | ETA: 272.5m
  Step    650/6502 | ELBO Loss:  22.68 | CE: 6.319 | LR: 2.97e-04 |   0.4 st/s |    47,276 tok/s | Metal Unified GPU: 0.34GB (Peak: 5.66GB) | Swap: 2657.38M | ETA: 270.4m
  Step    700/6502 | ELBO Loss:  22.29 | CE: 6.261 | LR: 2.97e-04 |   0.4 st/s |    47,312 tok/s | Metal Unified GPU: 0.34GB (Peak: 5.66GB) | Swap: 2657.38M | ETA: 267.9m
  Step    750/6502 | ELBO Loss:  22.35 | CE: 6.420 | LR: 2.96e-04 |   0.4 st/s |    47,353 tok/s | Metal Unified GPU: 0.34GB (Peak: 5.66GB) | Swap: 2657.38M | ETA: 265.4m
  Step    800/6502 | ELBO Loss:  21.99 | CE: 6.279 | LR: 2.95e-04 |   0.4 st/s |    47,352 tok/s | Metal Unified GPU: 0.34GB (Peak: 5.66GB) | Swap: 2657.38M | ETA: 263.1m
  Step    850/6502 | ELBO Loss:  20.98 | CE: 6.139 | LR: 2.94e-04 |   0.4 st/s |    47,548 tok/s | Metal Unified GPU: 0.34GB (Peak: 5.66GB) | Swap: 2657.38M | ETA: 259.7m
  Step    900/6502 | ELBO Loss:  21.53 | CE: 6.082 | LR: 2.93e-04 |   0.4 st/s |    47,602 tok/s | Metal Unified GPU: 0.34GB (Peak: 5.66GB) | Swap: 2657.38M | ETA: 257.1m
  Step    950/6502 | ELBO Loss:  21.73 | CE: 6.211 | LR: 2.92e-04 |   0.4 st/s |    47,578 tok/s | Metal Unified GPU: 0.34GB (Peak: 5.66GB) | Swap: 2657.38M | ETA: 254.9m
  Step   1000/6502 | ELBO Loss:  21.81 | CE: 6.223 | LR: 2.91e-04 |   0.4 st/s |    47,558 tok/s | Metal Unified GPU: 0.34GB (Peak: 5.66GB) | Swap: 2657.38M | ETA: 252.7m
  Step   1050/6502 | ELBO Loss:  21.83 | CE: 6.278 | LR: 2.89e-04 |   0.4 st/s |    47,548 tok/s | Metal Unified GPU: 0.34GB (Peak: 5.66GB) | Swap: 2657.38M | ETA: 250.5m
  Step   1100/6502 | ELBO Loss:  21.52 | CE: 6.047 | LR: 2.88e-04 |   0.4 st/s |    47,523 tok/s | Metal Unified GPU: 0.34GB (Peak: 5.66GB) | Swap: 2657.38M | ETA: 248.3m
  Step   1150/6502 | ELBO Loss:  21.61 | CE: 6.156 | LR: 2.86e-04 |   0.4 st/s |    47,577 tok/s | Metal Unified GPU: 0.34GB (Peak: 5.66GB) | Swap: 2657.38M | ETA: 245.7m
  Step   1200/6502 | ELBO Loss:  21.76 | CE: 6.091 | LR: 2.85e-04 |   0.4 st/s |    47,595 tok/s | Metal Unified GPU: 0.34GB (Peak: 5.66GB) | Swap: 2657.38M | ETA: 243.4m
  Step   1250/6502 | ELBO Loss:  21.43 | CE: 6.037 | LR: 2.83e-04 |   0.4 st/s |    47,649 tok/s | Metal Unified GPU: 0.34GB (Peak: 5.66GB) | Swap: 2657.38M | ETA: 240.8m
  Step   1300/6502 | ELBO Loss:  21.53 | CE: 6.168 | LR: 2.82e-04 |   0.4 st/s |    47,633 tok/s | Metal Unified GPU: 0.34GB (Peak: 5.66GB) | Swap: 2657.38M | ETA: 238.6m
  Step   1350/6502 | ELBO Loss:  21.57 | CE: 6.144 | LR: 2.80e-04 |   0.4 st/s |    47,603 tok/s | Metal Unified GPU: 0.34GB (Peak: 5.66GB) | Swap: 2657.38M | ETA: 236.4m
  Step   1400/6502 | ELBO Loss:  20.08 | CE: 5.774 | LR: 2.78e-04 |   0.4 st/s |    47,619 tok/s | Metal Unified GPU: 0.34GB (Peak: 5.66GB) | Swap: 2657.38M | ETA: 234.1m
  Step   1450/6502 | ELBO Loss:  20.68 | CE: 6.087 | LR: 2.76e-04 |   0.4 st/s |    47,581 tok/s | Metal Unified GPU: 0.34GB (Peak: 5.66GB) | Swap: 2657.38M | ETA: 231.9m
  Step   1500/6502 | ELBO Loss:  21.13 | CE: 6.119 | LR: 2.74e-04 |   0.4 st/s |    47,541 tok/s | Metal Unified GPU: 0.34GB (Peak: 5.66GB) | Swap: 2657.38M | ETA: 229.8m
  Step   1550/6502 | ELBO Loss:  21.52 | CE: 6.236 | LR: 2.72e-04 |   0.4 st/s |    47,564 tok/s | Metal Unified GPU: 0.34GB (Peak: 5.66GB) | Swap: 2657.38M | ETA: 227.4m
  Step   1600/6502 | ELBO Loss:  19.98 | CE: 5.983 | LR: 2.70e-04 |   0.4 st/s |    47,542 tok/s | Metal Unified GPU: 0.34GB (Peak: 5.66GB) | Swap: 2657.38M | ETA: 225.2m
  Step   1650/6502 | ELBO Loss:  21.04 | CE: 6.167 | LR: 2.68e-04 |   0.4 st/s |    47,511 tok/s | Metal Unified GPU: 0.34GB (Peak: 5.66GB) | Swap: 2657.38M | ETA: 223.1m
  Step   1700/6502 | ELBO Loss:  21.56 | CE: 6.082 | LR: 2.66e-04 |   0.4 st/s |    47,469 tok/s | Metal Unified GPU: 0.34GB (Peak: 5.66GB) | Swap: 2657.38M | ETA: 221.0m
  Step   1750/6502 | ELBO Loss:  21.23 | CE: 6.049 | LR: 2.63e-04 |   0.4 st/s |    47,455 tok/s | Metal Unified GPU: 0.34GB (Peak: 5.66GB) | Swap: 2633.38M | ETA: 218.8m
  Step   1800/6502 | ELBO Loss:  21.81 | CE: 6.124 | LR: 2.61e-04 |   0.4 st/s |    47,454 tok/s | Metal Unified GPU: 0.34GB (Peak: 5.66GB) | Swap: 2633.38M | ETA: 216.5m
  Step   1850/6502 | ELBO Loss:  20.76 | CE: 5.963 | LR: 2.59e-04 |   0.4 st/s |    47,457 tok/s | Metal Unified GPU: 0.34GB (Peak: 5.66GB) | Swap: 2633.38M | ETA: 214.1m
  Step   1900/6502 | ELBO Loss:  22.19 | CE: 6.234 | LR: 2.56e-04 |   0.4 st/s |    47,415 tok/s | Metal Unified GPU: 0.34GB (Peak: 5.66GB) | Swap: 2633.38M | ETA: 212.0m
  Step   1950/6502 | ELBO Loss:  21.62 | CE: 6.122 | LR: 2.54e-04 |   0.4 st/s |    47,373 tok/s | Metal Unified GPU: 0.34GB (Peak: 5.66GB) | Swap: 2633.38M | ETA: 209.9m
  Step   2000/6502 | ELBO Loss:  21.00 | CE: 5.946 | LR: 2.51e-04 |   0.4 st/s |    47,328 tok/s | Metal Unified GPU: 0.34GB (Peak: 5.66GB) | Swap: 2633.38M | ETA: 207.8m
  Step   2050/6502 | ELBO Loss:  21.03 | CE: 5.977 | LR: 2.48e-04 |   0.4 st/s |    47,322 tok/s | Metal Unified GPU: 0.34GB (Peak: 5.66GB) | Swap: 2633.38M | ETA: 205.5m
  Step   2100/6502 | ELBO Loss:  20.77 | CE: 6.048 | LR: 2.46e-04 |   0.4 st/s |    47,334 tok/s | Metal Unified GPU: 0.34GB (Peak: 5.66GB) | Swap: 2633.38M | ETA: 203.2m
  Step   2150/6502 | ELBO Loss:  21.06 | CE: 6.063 | LR: 2.43e-04 |   0.4 st/s |    47,369 tok/s | Metal Unified GPU: 0.36GB (Peak: 5.66GB) | Swap: 2633.38M | ETA: 200.7m
  Step   2200/6502 | ELBO Loss:  22.29 | CE: 6.268 | LR: 2.40e-04 |   0.4 st/s |    47,373 tok/s | Metal Unified GPU: 0.34GB (Peak: 5.66GB) | Swap: 2633.38M | ETA: 198.4m
  Step   2250/6502 | ELBO Loss:  19.19 | CE: 5.645 | LR: 2.37e-04 |   0.4 st/s |    47,379 tok/s | Metal Unified GPU: 0.34GB (Peak: 5.66GB) | Swap: 2633.38M | ETA: 196.0m
  Step   2300/6502 | ELBO Loss:  22.01 | CE: 6.194 | LR: 2.34e-04 |   0.4 st/s |    47,358 tok/s | Metal Unified GPU: 0.34GB (Peak: 5.66GB) | Swap: 2633.38M | ETA: 193.8m
  Step   2350/6502 | ELBO Loss:  21.72 | CE: 6.091 | LR: 2.32e-04 |   0.4 st/s |    47,354 tok/s | Metal Unified GPU: 0.34GB (Peak: 5.66GB) | Swap: 2633.38M | ETA: 191.5m
  Step   2400/6502 | ELBO Loss:  21.60 | CE: 6.048 | LR: 2.29e-04 |   0.4 st/s |    47,452 tok/s | Metal Unified GPU: 0.34GB (Peak: 5.66GB) | Swap: 2633.38M | ETA: 188.8m
  Step   2450/6502 | ELBO Loss:  21.34 | CE: 6.082 | LR: 2.26e-04 |   0.4 st/s |    47,523 tok/s | Metal Unified GPU: 0.34GB (Peak: 5.66GB) | Swap: 2625.38M | ETA: 186.3m
  Step   2500/6502 | ELBO Loss:  21.11 | CE: 6.043 | LR: 2.23e-04 |   0.4 st/s |    47,564 tok/s | Metal Unified GPU: 0.34GB (Peak: 5.66GB) | Swap: 2625.38M | ETA: 183.8m
  Step   2550/6502 | ELBO Loss:  22.77 | CE: 6.417 | LR: 2.19e-04 |   0.4 st/s |    47,586 tok/s | Metal Unified GPU: 0.34GB (Peak: 5.66GB) | Swap: 2625.38M | ETA: 181.4m
  Step   2600/6502 | ELBO Loss:  21.42 | CE: 6.016 | LR: 2.16e-04 |   0.4 st/s |    47,619 tok/s | Metal Unified GPU: 0.34GB (Peak: 5.66GB) | Swap: 2601.38M | ETA: 179.0m
  Step   2650/6502 | ELBO Loss:  21.43 | CE: 6.227 | LR: 2.13e-04 |   0.4 st/s |    47,602 tok/s | Metal Unified GPU: 0.34GB (Peak: 5.66GB) | Swap: 2601.38M | ETA: 176.8m
  Step   2700/6502 | ELBO Loss:  20.93 | CE: 6.018 | LR: 2.10e-04 |   0.4 st/s |    47,642 tok/s | Metal Unified GPU: 0.34GB (Peak: 5.66GB) | Swap: 2601.38M | ETA: 174.3m
  Step   2750/6502 | ELBO Loss:  21.30 | CE: 6.104 | LR: 2.07e-04 |   0.4 st/s |    47,687 tok/s | Metal Unified GPU: 0.34GB (Peak: 5.66GB) | Swap: 2601.38M | ETA: 171.9m
  Step   2800/6502 | ELBO Loss:  21.31 | CE: 6.083 | LR: 2.04e-04 |   0.4 st/s |    47,799 tok/s | Metal Unified GPU: 0.34GB (Peak: 5.66GB) | Swap: 2601.38M | ETA: 169.2m
  Step   2850/6502 | ELBO Loss:  21.61 | CE: 6.155 | LR: 2.00e-04 |   0.4 st/s |    47,898 tok/s | Metal Unified GPU: 0.34GB (Peak: 5.66GB) | Swap: 2585.38M | ETA: 166.6m
  Step   2900/6502 | ELBO Loss:  21.19 | CE: 6.061 | LR: 1.97e-04 |   0.4 st/s |    47,876 tok/s | Metal Unified GPU: 0.34GB (Peak: 5.66GB) | Swap: 2585.38M | ETA: 164.4m
  Step   2950/6502 | ELBO Loss:  20.98 | CE: 5.981 | LR: 1.94e-04 |   0.4 st/s |    47,853 tok/s | Metal Unified GPU: 0.34GB (Peak: 5.66GB) | Swap: 2585.38M | ETA: 162.2m
  Step   3000/6502 | ELBO Loss:  21.03 | CE: 5.971 | LR: 1.90e-04 |   0.4 st/s |    47,884 tok/s | Metal Unified GPU: 0.34GB (Peak: 5.66GB) | Swap: 2585.38M | ETA: 159.8m
  Step   3050/6502 | ELBO Loss:  21.81 | CE: 6.152 | LR: 1.87e-04 |   0.4 st/s |    47,846 tok/s | Metal Unified GPU: 0.34GB (Peak: 5.66GB) | Swap: 2585.38M | ETA: 157.6m
  Step   3100/6502 | ELBO Loss:  21.76 | CE: 6.120 | LR: 1.84e-04 |   0.4 st/s |    47,822 tok/s | Metal Unified GPU: 0.34GB (Peak: 5.66GB) | Swap: 2585.38M | ETA: 155.4m
  Step   3150/6502 | ELBO Loss:  21.39 | CE: 6.113 | LR: 1.80e-04 |   0.4 st/s |    47,807 tok/s | Metal Unified GPU: 0.34GB (Peak: 5.66GB) | Swap: 2585.38M | ETA: 153.2m
  Step   3200/6502 | ELBO Loss:  21.85 | CE: 6.210 | LR: 1.77e-04 |   0.4 st/s |    47,798 tok/s | Metal Unified GPU: 0.34GB (Peak: 5.66GB) | Swap: 2585.38M | ETA: 150.9m
  Step   3250/6502 | ELBO Loss:  20.91 | CE: 5.992 | LR: 1.74e-04 |   0.4 st/s |    47,778 tok/s | Metal Unified GPU: 0.34GB (Peak: 5.66GB) | Swap: 2585.38M | ETA: 148.7m
  Step   3300/6502 | ELBO Loss:  20.97 | CE: 6.043 | LR: 1.70e-04 |   0.4 st/s |    47,753 tok/s | Metal Unified GPU: 0.34GB (Peak: 5.66GB) | Swap: 2585.38M | ETA: 146.5m
  Step   3350/6502 | ELBO Loss:  21.79 | CE: 6.123 | LR: 1.67e-04 |   0.4 st/s |    47,723 tok/s | Metal Unified GPU: 0.34GB (Peak: 5.66GB) | Swap: 2577.38M | ETA: 144.3m
  Step   3400/6502 | ELBO Loss:  21.22 | CE: 6.026 | LR: 1.63e-04 |   0.4 st/s |    47,687 tok/s | Metal Unified GPU: 0.34GB (Peak: 5.66GB) | Swap: 2577.38M | ETA: 142.1m
  Step   3450/6502 | ELBO Loss:  21.12 | CE: 6.100 | LR: 1.60e-04 |   0.4 st/s |    47,652 tok/s | Metal Unified GPU: 0.34GB (Peak: 5.66GB) | Swap: 2577.38M | ETA: 139.9m
  Step   3500/6502 | ELBO Loss:  20.59 | CE: 5.993 | LR: 1.57e-04 |   0.4 st/s |    47,642 tok/s | Metal Unified GPU: 0.34GB (Peak: 5.66GB) | Swap: 2577.38M | ETA: 137.7m
  Step   3550/6502 | ELBO Loss:  20.48 | CE: 5.982 | LR: 1.53e-04 |   0.4 st/s |    47,629 tok/s | Metal Unified GPU: 0.34GB (Peak: 5.66GB) | Swap: 2577.38M | ETA: 135.4m
  Step   3600/6502 | ELBO Loss:  20.56 | CE: 5.982 | LR: 1.50e-04 |   0.4 st/s |    47,632 tok/s | Metal Unified GPU: 0.34GB (Peak: 5.66GB) | Swap: 2577.38M | ETA: 133.1m
  Step   3650/6502 | ELBO Loss:  20.06 | CE: 6.009 | LR: 1.46e-04 |   0.4 st/s |    47,643 tok/s | Metal Unified GPU: 0.34GB (Peak: 5.66GB) | Swap: 2577.38M | ETA: 130.8m
  Step   3700/6502 | ELBO Loss:  19.95 | CE: 5.828 | LR: 1.43e-04 |   0.4 st/s |    47,668 tok/s | Metal Unified GPU: 0.34GB (Peak: 5.66GB) | Swap: 2577.38M | ETA: 128.4m
  Step   3750/6502 | ELBO Loss:  20.59 | CE: 6.033 | LR: 1.40e-04 |   0.4 st/s |    47,707 tok/s | Metal Unified GPU: 0.34GB (Peak: 5.66GB) | Swap: 6237.69M | ETA: 126.0m
  Step   3800/6502 | ELBO Loss:  21.07 | CE: 6.006 | LR: 1.36e-04 |   0.4 st/s |    47,754 tok/s | Metal Unified GPU: 0.34GB (Peak: 5.66GB) | Swap: 5968.75M | ETA: 123.6m
  Step   3850/6502 | ELBO Loss:  22.13 | CE: 6.338 | LR: 1.33e-04 |   0.4 st/s |    47,795 tok/s | Metal Unified GPU: 0.34GB (Peak: 5.66GB) | Swap: 5472.62M | ETA: 121.2m
  Step   3900/6502 | ELBO Loss:  21.37 | CE: 6.110 | LR: 1.30e-04 |   0.4 st/s |    47,765 tok/s | Metal Unified GPU: 0.34GB (Peak: 5.66GB) | Swap: 5256.31M | ETA: 119.0m
  Step   3950/6502 | ELBO Loss:  21.33 | CE: 6.074 | LR: 1.27e-04 |   0.4 st/s |    47,737 tok/s | Metal Unified GPU: 0.36GB (Peak: 5.66GB) | Swap: 5208.31M | ETA: 116.8m
  Step   4000/6502 | ELBO Loss:  20.65 | CE: 5.932 | LR: 1.23e-04 |   0.4 st/s |    47,719 tok/s | Metal Unified GPU: 0.34GB (Peak: 5.66GB) | Swap: 5008.31M | ETA: 114.5m
  Step   4050/6502 | ELBO Loss:  21.39 | CE: 6.176 | LR: 1.20e-04 |   0.4 st/s |    47,744 tok/s | Metal Unified GPU: 0.34GB (Peak: 5.66GB) | Swap: 4968.31M | ETA: 112.2m
  Step   4100/6502 | ELBO Loss:  21.28 | CE: 6.086 | LR: 1.17e-04 |   0.4 st/s |    47,766 tok/s | Metal Unified GPU: 0.34GB (Peak: 5.66GB) | Swap: 4888.31M | ETA: 109.9m
  Step   4150/6502 | ELBO Loss:  21.27 | CE: 6.058 | LR: 1.14e-04 |   0.4 st/s |    47,840 tok/s | Metal Unified GPU: 0.34GB (Peak: 5.66GB) | Swap: 4752.25M | ETA: 107.4m
  Step   4200/6502 | ELBO Loss:  18.60 | CE: 5.809 | LR: 1.11e-04 |   0.4 st/s |    47,871 tok/s | Metal Unified GPU: 0.34GB (Peak: 5.66GB) | Swap: 4712.25M | ETA: 105.0m
  Step   4250/6502 | ELBO Loss:  21.76 | CE: 6.121 | LR: 1.08e-04 |   0.4 st/s |    47,891 tok/s | Metal Unified GPU: 0.36GB (Peak: 5.66GB) | Swap: 4584.25M | ETA: 102.7m
  Step   4300/6502 | ELBO Loss:  20.95 | CE: 6.137 | LR: 1.05e-04 |   0.4 st/s |    47,854 tok/s | Metal Unified GPU: 0.34GB (Peak: 5.66GB) | Swap: 4512.25M | ETA: 100.5m
  Step   4350/6502 | ELBO Loss:  20.98 | CE: 6.054 | LR: 1.02e-04 |   0.4 st/s |    47,784 tok/s | Metal Unified GPU: 0.34GB (Peak: 5.66GB) | Swap: 4512.25M | ETA: 98.4m
  Step   4400/6502 | ELBO Loss:  21.16 | CE: 6.081 | LR: 9.86e-05 |   0.4 st/s |    47,725 tok/s | Metal Unified GPU: 0.34GB (Peak: 5.66GB) | Swap: 4488.25M | ETA: 96.2m
  Step   4450/6502 | ELBO Loss:  21.06 | CE: 6.119 | LR: 9.56e-05 |   0.4 st/s |    47,672 tok/s | Metal Unified GPU: 0.34GB (Peak: 5.66GB) | Swap: 4464.25M | ETA: 94.0m
  Step   4500/6502 | ELBO Loss:  21.28 | CE: 6.093 | LR: 9.27e-05 |   0.4 st/s |    47,637 tok/s | Metal Unified GPU: 0.34GB (Peak: 5.66GB) | Swap: 4432.25M | ETA: 91.8m
  Step   4550/6502 | ELBO Loss:  20.20 | CE: 5.921 | LR: 8.99e-05 |   0.4 st/s |    47,719 tok/s | Metal Unified GPU: 0.34GB (Peak: 5.66GB) | Swap: 4424.25M | ETA: 89.4m
  Step   4600/6502 | ELBO Loss:  19.03 | CE: 5.537 | LR: 8.71e-05 |   0.4 st/s |    47,809 tok/s | Metal Unified GPU: 0.34GB (Peak: 5.66GB) | Swap: 4424.25M | ETA: 86.9m
  Step   4650/6502 | ELBO Loss:  21.16 | CE: 6.123 | LR: 8.44e-05 |   0.4 st/s |    47,899 tok/s | Metal Unified GPU: 0.34GB (Peak: 5.66GB) | Swap: 4184.38M | ETA: 84.5m
  Step   4700/6502 | ELBO Loss:  22.03 | CE: 6.149 | LR: 8.17e-05 |   0.4 st/s |    47,989 tok/s | Metal Unified GPU: 0.34GB (Peak: 5.66GB) | Swap: 4176.38M | ETA: 82.0m
  Step   4750/6502 | ELBO Loss:  21.27 | CE: 5.992 | LR: 7.90e-05 |   0.4 st/s |    48,080 tok/s | Metal Unified GPU: 0.34GB (Peak: 5.66GB) | Swap: 4176.38M | ETA: 79.6m
  Step   4800/6502 | ELBO Loss:  21.17 | CE: 6.087 | LR: 7.64e-05 |   0.4 st/s |    48,169 tok/s | Metal Unified GPU: 0.34GB (Peak: 5.66GB) | Swap: 4168.38M | ETA: 77.2m
  Step   4850/6502 | ELBO Loss:  19.91 | CE: 5.863 | LR: 7.39e-05 |   0.4 st/s |    48,256 tok/s | Metal Unified GPU: 0.34GB (Peak: 5.66GB) | Swap: 4168.38M | ETA: 74.8m
  Step   4900/6502 | ELBO Loss:  20.85 | CE: 6.118 | LR: 7.14e-05 |   0.4 st/s |    48,342 tok/s | Metal Unified GPU: 0.34GB (Peak: 5.66GB) | Swap: 4168.38M | ETA: 72.4m
  Step   4950/6502 | ELBO Loss:  20.09 | CE: 5.997 | LR: 6.90e-05 |   0.4 st/s |    48,424 tok/s | Metal Unified GPU: 0.34GB (Peak: 5.66GB) | Swap: 4160.38M | ETA: 70.0m
  Step   5000/6502 | ELBO Loss:  20.92 | CE: 6.037 | LR: 6.67e-05 |   0.4 st/s |    48,506 tok/s | Metal Unified GPU: 0.34GB (Peak: 5.66GB) | Swap: 4160.38M | ETA: 67.6m
  Step   5050/6502 | ELBO Loss:  21.37 | CE: 6.048 | LR: 6.44e-05 |   0.4 st/s |    48,588 tok/s | Metal Unified GPU: 0.34GB (Peak: 5.66GB) | Swap: 4160.38M | ETA: 65.3m
  Step   5100/6502 | ELBO Loss:  20.94 | CE: 6.049 | LR: 6.21e-05 |   0.4 st/s |    48,668 tok/s | Metal Unified GPU: 0.34GB (Peak: 5.66GB) | Swap: 4160.38M | ETA: 62.9m
  Step   5150/6502 | ELBO Loss:  20.55 | CE: 6.021 | LR: 6.00e-05 |   0.4 st/s |    48,747 tok/s | Metal Unified GPU: 0.34GB (Peak: 5.66GB) | Swap: 4160.38M | ETA: 60.6m
  Step   5200/6502 | ELBO Loss:  21.58 | CE: 6.193 | LR: 5.79e-05 |   0.4 st/s |    48,825 tok/s | Metal Unified GPU: 0.34GB (Peak: 5.66GB) | Swap: 4160.38M | ETA: 58.3m
  Step   5250/6502 | ELBO Loss:  22.32 | CE: 6.367 | LR: 5.58e-05 |   0.4 st/s |    48,901 tok/s | Metal Unified GPU: 0.34GB (Peak: 5.66GB) | Swap: 4160.38M | ETA: 55.9m
  Step   5300/6502 | ELBO Loss:  21.45 | CE: 6.161 | LR: 5.39e-05 |   0.4 st/s |    48,978 tok/s | Metal Unified GPU: 0.34GB (Peak: 5.66GB) | Swap: 4160.38M | ETA: 53.6m
  Step   5350/6502 | ELBO Loss:  21.49 | CE: 5.999 | LR: 5.20e-05 |   0.4 st/s |    49,054 tok/s | Metal Unified GPU: 0.34GB (Peak: 5.66GB) | Swap: 4160.38M | ETA: 51.3m
  Step   5400/6502 | ELBO Loss:  20.74 | CE: 6.104 | LR: 5.02e-05 |   0.4 st/s |    49,128 tok/s | Metal Unified GPU: 0.34GB (Peak: 5.66GB) | Swap: 4160.38M | ETA: 49.0m
  Step   5450/6502 | ELBO Loss:  20.85 | CE: 6.088 | LR: 4.84e-05 |   0.4 st/s |    49,199 tok/s | Metal Unified GPU: 0.34GB (Peak: 5.66GB) | Swap: 4160.38M | ETA: 46.7m
  Step   5500/6502 | ELBO Loss:  21.29 | CE: 6.060 | LR: 4.68e-05 |   0.4 st/s |    49,271 tok/s | Metal Unified GPU: 0.34GB (Peak: 5.66GB) | Swap: 4160.38M | ETA: 44.4m
  Step   5550/6502 | ELBO Loss:  21.22 | CE: 5.947 | LR: 4.52e-05 |   0.4 st/s |    49,343 tok/s | Metal Unified GPU: 0.34GB (Peak: 5.66GB) | Swap: 4152.38M | ETA: 42.1m
  Step   5600/6502 | ELBO Loss:  20.16 | CE: 5.973 | LR: 4.36e-05 |   0.4 st/s |    49,413 tok/s | Metal Unified GPU: 0.34GB (Peak: 5.66GB) | Swap: 4152.38M | ETA: 39.9m
  Step   5650/6502 | ELBO Loss:  21.36 | CE: 6.120 | LR: 4.22e-05 |   0.4 st/s |    49,475 tok/s | Metal Unified GPU: 0.34GB (Peak: 5.66GB) | Swap: 4040.06M | ETA: 37.6m
  Step   5700/6502 | ELBO Loss:  21.84 | CE: 6.158 | LR: 4.08e-05 |   0.4 st/s |    49,510 tok/s | Metal Unified GPU: 0.34GB (Peak: 5.66GB) | Swap: 4008.06M | ETA: 35.4m
  Step   5750/6502 | ELBO Loss:  21.11 | CE: 5.993 | LR: 3.95e-05 |   0.4 st/s |    49,527 tok/s | Metal Unified GPU: 0.34GB (Peak: 5.66GB) | Swap: 4008.06M | ETA: 33.2m
  Step   5800/6502 | ELBO Loss:  21.41 | CE: 6.030 | LR: 3.83e-05 |   0.4 st/s |    49,543 tok/s | Metal Unified GPU: 0.34GB (Peak: 5.66GB) | Swap: 4008.06M | ETA: 31.0m
  Step   5850/6502 | ELBO Loss:  21.73 | CE: 6.115 | LR: 3.72e-05 |   0.4 st/s |    49,533 tok/s | Metal Unified GPU: 0.34GB (Peak: 5.66GB) | Swap: 4008.06M | ETA: 28.8m
  Step   5900/6502 | ELBO Loss:  21.39 | CE: 5.997 | LR: 3.61e-05 |   0.4 st/s |    49,530 tok/s | Metal Unified GPU: 0.34GB (Peak: 5.66GB) | Swap: 3936.06M | ETA: 26.6m
  Step   5950/6502 | ELBO Loss:  20.78 | CE: 5.993 | LR: 3.52e-05 |   0.4 st/s |    49,542 tok/s | Metal Unified GPU: 0.34GB (Peak: 5.66GB) | Swap: 3920.06M | ETA: 24.3m
  Step   6000/6502 | ELBO Loss:  21.30 | CE: 6.107 | LR: 3.43e-05 |   0.4 st/s |    49,525 tok/s | Metal Unified GPU: 0.34GB (Peak: 5.66GB) | Swap: 3920.06M | ETA: 22.1m
  Step   6050/6502 | ELBO Loss:  21.21 | CE: 6.111 | LR: 3.35e-05 |   0.4 st/s |    49,505 tok/s | Metal Unified GPU: 0.34GB (Peak: 5.66GB) | Swap: 3904.06M | ETA: 19.9m
  Step   6100/6502 | ELBO Loss:  20.13 | CE: 5.971 | LR: 3.27e-05 |   0.4 st/s |    49,481 tok/s | Metal Unified GPU: 0.34GB (Peak: 5.66GB) | Swap: 3904.06M | ETA: 17.7m
  Step   6150/6502 | ELBO Loss:  20.47 | CE: 5.977 | LR: 3.21e-05 |   0.4 st/s |    49,449 tok/s | Metal Unified GPU: 0.34GB (Peak: 5.66GB) | Swap: 3888.06M | ETA: 15.6m
  Step   6200/6502 | ELBO Loss:  20.86 | CE: 6.044 | LR: 3.16e-05 |   0.4 st/s |    49,434 tok/s | Metal Unified GPU: 0.34GB (Peak: 5.66GB) | Swap: 3880.06M | ETA: 13.3m
  Step   6250/6502 | ELBO Loss:  20.43 | CE: 6.104 | LR: 3.11e-05 |   0.4 st/s |    49,399 tok/s | Metal Unified GPU: 0.34GB (Peak: 5.66GB) | Swap: 3880.06M | ETA: 11.1m
  Step   6300/6502 | ELBO Loss:  21.55 | CE: 6.045 | LR: 3.07e-05 |   0.4 st/s |    49,373 tok/s | Metal Unified GPU: 0.34GB (Peak: 5.66GB) | Swap: 3880.06M | ETA:  8.9m
  Step   6350/6502 | ELBO Loss:  20.74 | CE: 6.081 | LR: 3.04e-05 |   0.4 st/s |    49,336 tok/s | Metal Unified GPU: 0.34GB (Peak: 5.66GB) | Swap: 3872.06M | ETA:  6.7m
  Step   6400/6502 | ELBO Loss:  21.30 | CE: 6.046 | LR: 3.02e-05 |   0.4 st/s |    49,302 tok/s | Metal Unified GPU: 0.34GB (Peak: 5.66GB) | Swap: 3872.06M | ETA:  4.5m
  Step   6450/6502 | ELBO Loss:  21.72 | CE: 6.136 | LR: 3.00e-05 |   0.4 st/s |    49,266 tok/s | Metal Unified GPU: 0.34GB (Peak: 5.66GB) | Swap: 3864.06M | ETA:  2.3m
  Step   6500/6502 | ELBO Loss:  21.20 | CE: 5.986 | LR: 3.00e-05 |   0.4 st/s |    49,241 tok/s | Metal Unified GPU: 0.34GB (Peak: 5.66GB) | Swap: 3864.06M | ETA:  0.1m
  Step   6502/6502 | ELBO Loss:  20.32 | CE: 5.970 | LR: 3.00e-05 |   0.4 st/s |    49,240 tok/s | Metal Unified GPU: 0.34GB (Peak: 5.66GB) | Swap: 3864.06M | ETA:  0.0m
  Step      1/9536 | ELBO Loss:  15.52 | CE: 6.416 | LR: 2.00e-06 |   0.3 st/s |    35,138 tok/s | Metal Unified GPU: 0.69GB (Peak: 5.66GB) | Swap: 3961.88M | ETA: 592.8m
  Step     50/9536 | ELBO Loss:  14.63 | CE: 6.023 | LR: 5.10e-05 |   0.2 st/s |    28,044 tok/s | Metal Unified GPU: 0.69GB (Peak: 5.66GB) | Swap: 2816.62M | ETA: 738.9m
  Step    100/9536 | ELBO Loss:  14.76 | CE: 6.106 | LR: 1.01e-04 |   0.2 st/s |    29,969 tok/s | Metal Unified GPU: 0.69GB (Peak: 5.66GB) | Swap: 2688.56M | ETA: 687.8m
  Step    150/9536 | ELBO Loss:  14.74 | CE: 6.096 | LR: 1.51e-04 |   0.2 st/s |    30,876 tok/s | Metal Unified GPU: 0.69GB (Peak: 5.66GB) | Swap: 2656.56M | ETA: 664.1m
  Step    200/9536 | ELBO Loss:  14.50 | CE: 6.018 | LR: 2.01e-04 |   0.2 st/s |    31,532 tok/s | Metal Unified GPU: 0.69GB (Peak: 5.66GB) | Swap: 2656.56M | ETA: 646.8m
  Step    250/9536 | ELBO Loss:  14.44 | CE: 5.997 | LR: 2.51e-04 |   0.2 st/s |    32,058 tok/s | Metal Unified GPU: 0.69GB (Peak: 5.66GB) | Swap: 2656.56M | ETA: 632.8m
  Step    300/9536 | ELBO Loss:  14.71 | CE: 6.075 | LR: 3.00e-04 |   0.2 st/s |    32,385 tok/s | Metal Unified GPU: 0.69GB (Peak: 5.66GB) | Swap: 2640.56M | ETA: 623.0m
  Step    350/9536 | ELBO Loss:  14.88 | CE: 6.166 | LR: 3.00e-04 |   0.2 st/s |    32,663 tok/s | Metal Unified GPU: 0.69GB (Peak: 5.66GB) | Swap: 2640.56M | ETA: 614.4m
  Step    400/9536 | ELBO Loss:  14.30 | CE: 5.938 | LR: 3.00e-04 |   0.3 st/s |    32,800 tok/s | Metal Unified GPU: 0.69GB (Peak: 5.66GB) | Swap: 2640.56M | ETA: 608.5m
  Step    450/9536 | ELBO Loss:  14.53 | CE: 6.042 | LR: 3.00e-04 |   0.3 st/s |    32,795 tok/s | Metal Unified GPU: 0.69GB (Peak: 5.66GB) | Swap: 2608.56M | ETA: 605.2m
  Step    500/9536 | ELBO Loss:  14.72 | CE: 6.080 | LR: 3.00e-04 |   0.3 st/s |    32,781 tok/s | Metal Unified GPU: 0.69GB (Peak: 5.66GB) | Swap: 2608.56M | ETA: 602.2m
  Step    550/9536 | ELBO Loss:  14.18 | CE: 5.905 | LR: 3.00e-04 |   0.3 st/s |    32,769 tok/s | Metal Unified GPU: 0.69GB (Peak: 5.66GB) | Swap: 2608.56M | ETA: 599.1m
  Step    600/9536 | ELBO Loss:  14.16 | CE: 5.862 | LR: 2.99e-04 |   0.2 st/s |    32,765 tok/s | Metal Unified GPU: 0.69GB (Peak: 5.66GB) | Swap: 2608.56M | ETA: 595.8m
  Step    650/9536 | ELBO Loss:  14.89 | CE: 6.103 | LR: 2.99e-04 |   0.3 st/s |    32,820 tok/s | Metal Unified GPU: 0.69GB (Peak: 5.66GB) | Swap: 2608.56M | ETA: 591.5m
  Step    700/9536 | ELBO Loss:  14.71 | CE: 6.084 | LR: 2.99e-04 |   0.3 st/s |    32,914 tok/s | Metal Unified GPU: 0.69GB (Peak: 5.66GB) | Swap: 2608.56M | ETA: 586.5m
  Step    750/9536 | ELBO Loss:  15.00 | CE: 6.156 | LR: 2.98e-04 |   0.3 st/s |    32,999 tok/s | Metal Unified GPU: 0.69GB (Peak: 5.66GB) | Swap: 2608.56M | ETA: 581.6m
  Step    800/9536 | ELBO Loss:  14.43 | CE: 6.016 | LR: 2.98e-04 |   0.3 st/s |    33,071 tok/s | Metal Unified GPU: 0.69GB (Peak: 5.66GB) | Swap: 2608.56M | ETA: 577.1m
  Step    850/9536 | ELBO Loss:  14.35 | CE: 5.953 | LR: 2.98e-04 |   0.3 st/s |    33,145 tok/s | Metal Unified GPU: 0.69GB (Peak: 5.66GB) | Swap: 2608.56M | ETA: 572.5m
  Step    900/9536 | ELBO Loss:  13.94 | CE: 5.792 | LR: 2.97e-04 |   0.3 st/s |    33,205 tok/s | Metal Unified GPU: 0.69GB (Peak: 5.66GB) | Swap: 2608.56M | ETA: 568.1m
  Step    950/9536 | ELBO Loss:  14.48 | CE: 5.965 | LR: 2.97e-04 |   0.3 st/s |    33,262 tok/s | Metal Unified GPU: 0.69GB (Peak: 5.66GB) | Swap: 2608.56M | ETA: 563.9m
  Step   1000/9536 | ELBO Loss:  14.30 | CE: 5.933 | LR: 2.96e-04 |   0.3 st/s |    33,319 tok/s | Metal Unified GPU: 0.69GB (Peak: 5.66GB) | Swap: 2600.56M | ETA: 559.7m
  Step   1050/9536 | ELBO Loss:  14.61 | CE: 6.080 | LR: 2.96e-04 |   0.3 st/s |    33,375 tok/s | Metal Unified GPU: 0.69GB (Peak: 5.66GB) | Swap: 2584.56M | ETA: 555.4m
  Step   1100/9536 | ELBO Loss:  13.83 | CE: 5.785 | LR: 2.95e-04 |   0.3 st/s |    33,410 tok/s | Metal Unified GPU: 0.69GB (Peak: 5.66GB) | Swap: 2584.56M | ETA: 551.6m
  Step   1150/9536 | ELBO Loss:  14.18 | CE: 5.914 | LR: 2.94e-04 |   0.3 st/s |    33,451 tok/s | Metal Unified GPU: 0.69GB (Peak: 5.66GB) | Swap: 2584.56M | ETA: 547.7m
  Step   1200/9536 | ELBO Loss:  13.94 | CE: 5.793 | LR: 2.94e-04 |   0.3 st/s |    33,497 tok/s | Metal Unified GPU: 0.69GB (Peak: 5.66GB) | Swap: 2584.56M | ETA: 543.6m
  Step   1250/9536 | ELBO Loss:  13.99 | CE: 5.791 | LR: 2.93e-04 |   0.3 st/s |    33,542 tok/s | Metal Unified GPU: 0.69GB (Peak: 5.66GB) | Swap: 2584.56M | ETA: 539.7m
  Step   1300/9536 | ELBO Loss:  14.36 | CE: 5.964 | LR: 2.92e-04 |   0.3 st/s |    33,575 tok/s | Metal Unified GPU: 0.69GB (Peak: 5.66GB) | Swap: 2576.56M | ETA: 535.9m
  Step   1350/9536 | ELBO Loss:  14.09 | CE: 5.865 | LR: 2.91e-04 |   0.3 st/s |    33,604 tok/s | Metal Unified GPU: 0.69GB (Peak: 5.66GB) | Swap: 2576.56M | ETA: 532.1m
  Step   1400/9536 | ELBO Loss:  12.48 | CE: 5.205 | LR: 2.91e-04 |   0.3 st/s |    33,631 tok/s | Metal Unified GPU: 0.69GB (Peak: 5.66GB) | Swap: 2576.56M | ETA: 528.5m
  Step   1450/9536 | ELBO Loss:  14.25 | CE: 5.886 | LR: 2.90e-04 |   0.3 st/s |    33,663 tok/s | Metal Unified GPU: 0.69GB (Peak: 5.66GB) | Swap: 2576.56M | ETA: 524.7m
  Step   1500/9536 | ELBO Loss:  14.27 | CE: 5.940 | LR: 2.89e-04 |   0.3 st/s |    33,689 tok/s | Metal Unified GPU: 0.69GB (Peak: 5.66GB) | Swap: 2576.56M | ETA: 521.1m
  Step   1550/9536 | ELBO Loss:  14.42 | CE: 6.029 | LR: 2.88e-04 |   0.3 st/s |    33,716 tok/s | Metal Unified GPU: 0.69GB (Peak: 5.66GB) | Swap: 2568.56M | ETA: 517.4m
  Step   1600/9536 | ELBO Loss:  13.99 | CE: 5.813 | LR: 2.87e-04 |   0.3 st/s |    33,733 tok/s | Metal Unified GPU: 0.69GB (Peak: 5.66GB) | Swap: 2568.56M | ETA: 513.9m
  Step   1650/9536 | ELBO Loss:  14.20 | CE: 5.979 | LR: 2.86e-04 |   0.3 st/s |    33,742 tok/s | Metal Unified GPU: 0.69GB (Peak: 5.66GB) | Swap: 2568.56M | ETA: 510.6m
  Step   1700/9536 | ELBO Loss:  14.17 | CE: 5.903 | LR: 2.85e-04 |   0.3 st/s |    33,749 tok/s | Metal Unified GPU: 0.69GB (Peak: 5.66GB) | Swap: 2568.56M | ETA: 507.2m
  Step   1750/9536 | ELBO Loss:  14.19 | CE: 5.888 | LR: 2.84e-04 |   0.3 st/s |    33,760 tok/s | Metal Unified GPU: 0.69GB (Peak: 5.66GB) | Swap: 2568.56M | ETA: 503.8m
  Step   1800/9536 | ELBO Loss:  13.96 | CE: 5.820 | LR: 2.83e-04 |   0.3 st/s |    33,776 tok/s | Metal Unified GPU: 0.69GB (Peak: 5.66GB) | Swap: 2560.56M | ETA: 500.3m
  Step   1850/9536 | ELBO Loss:  13.82 | CE: 5.760 | LR: 2.82e-04 |   0.3 st/s |    33,793 tok/s | Metal Unified GPU: 0.69GB (Peak: 5.66GB) | Swap: 2560.56M | ETA: 496.9m
  Step   1900/9536 | ELBO Loss:  14.38 | CE: 5.962 | LR: 2.80e-04 |   0.3 st/s |    33,807 tok/s | Metal Unified GPU: 0.69GB (Peak: 5.66GB) | Swap: 2560.56M | ETA: 493.4m
  Step   1950/9536 | ELBO Loss:  14.28 | CE: 5.958 | LR: 2.79e-04 |   0.3 st/s |    33,826 tok/s | Metal Unified GPU: 0.69GB (Peak: 5.66GB) | Swap: 2560.56M | ETA: 489.9m
  Step   2000/9536 | ELBO Loss:  13.87 | CE: 5.744 | LR: 2.78e-04 |   0.3 st/s |    33,846 tok/s | Metal Unified GPU: 0.69GB (Peak: 5.66GB) | Swap: 2560.56M | ETA: 486.4m
  Step   2050/9536 | ELBO Loss:  13.92 | CE: 5.762 | LR: 2.77e-04 |   0.3 st/s |    33,863 tok/s | Metal Unified GPU: 0.69GB (Peak: 5.66GB) | Swap: 2560.56M | ETA: 482.9m
  Step   2100/9536 | ELBO Loss:  14.12 | CE: 5.864 | LR: 2.75e-04 |   0.3 st/s |    33,880 tok/s | Metal Unified GPU: 0.69GB (Peak: 5.66GB) | Swap: 2560.56M | ETA: 479.5m
  Step   2150/9536 | ELBO Loss:  14.21 | CE: 5.883 | LR: 2.74e-04 |   0.3 st/s |    33,897 tok/s | Metal Unified GPU: 0.69GB (Peak: 5.66GB) | Swap: 2560.56M | ETA: 476.0m
  Step   2200/9536 | ELBO Loss:  14.69 | CE: 6.049 | LR: 2.73e-04 |   0.3 st/s |    33,915 tok/s | Metal Unified GPU: 0.69GB (Peak: 5.66GB) | Swap: 2560.56M | ETA: 472.5m
  Step   2250/9536 | ELBO Loss:  13.09 | CE: 5.436 | LR: 2.71e-04 |   0.3 st/s |    33,932 tok/s | Metal Unified GPU: 0.69GB (Peak: 5.66GB) | Swap: 2560.56M | ETA: 469.1m
  Step   2300/9536 | ELBO Loss:  14.32 | CE: 5.942 | LR: 2.70e-04 |   0.3 st/s |    33,946 tok/s | Metal Unified GPU: 0.69GB (Peak: 5.66GB) | Swap: 2560.56M | ETA: 465.7m
  Step   2350/9536 | ELBO Loss:  14.13 | CE: 5.845 | LR: 2.68e-04 |   0.3 st/s |    33,952 tok/s | Metal Unified GPU: 0.69GB (Peak: 5.66GB) | Swap: 2560.56M | ETA: 462.4m
  Step   2400/9536 | ELBO Loss:  13.96 | CE: 5.797 | LR: 2.67e-04 |   0.3 st/s |    33,965 tok/s | Metal Unified GPU: 0.69GB (Peak: 5.66GB) | Swap: 2560.56M | ETA: 459.0m
  Step   2450/9536 | ELBO Loss:  13.99 | CE: 5.876 | LR: 2.65e-04 |   0.3 st/s |    33,975 tok/s | Metal Unified GPU: 0.69GB (Peak: 5.66GB) | Swap: 2560.56M | ETA: 455.6m
  Step   2500/9536 | ELBO Loss:  13.98 | CE: 5.843 | LR: 2.64e-04 |   0.3 st/s |    33,985 tok/s | Metal Unified GPU: 0.69GB (Peak: 5.66GB) | Swap: 2560.56M | ETA: 452.3m
  Step   2550/9536 | ELBO Loss:  14.82 | CE: 6.145 | LR: 2.62e-04 |   0.3 st/s |    33,996 tok/s | Metal Unified GPU: 0.69GB (Peak: 5.66GB) | Swap: 2560.56M | ETA: 448.9m
  Step   2600/9536 | ELBO Loss:  13.91 | CE: 5.781 | LR: 2.61e-04 |   0.3 st/s |    34,008 tok/s | Metal Unified GPU: 0.69GB (Peak: 5.66GB) | Swap: 2560.56M | ETA: 445.5m
  Step   2650/9536 | ELBO Loss:  14.51 | CE: 6.010 | LR: 2.59e-04 |   0.3 st/s |    34,020 tok/s | Metal Unified GPU: 0.69GB (Peak: 5.66GB) | Swap: 2560.56M | ETA: 442.2m
  Step   2700/9536 | ELBO Loss:  13.85 | CE: 5.744 | LR: 2.57e-04 |   0.3 st/s |    34,028 tok/s | Metal Unified GPU: 0.69GB (Peak: 5.66GB) | Swap: 2560.56M | ETA: 438.9m
  Step   2750/9536 | ELBO Loss:  14.35 | CE: 5.957 | LR: 2.56e-04 |   0.3 st/s |    34,034 tok/s | Metal Unified GPU: 0.69GB (Peak: 5.66GB) | Swap: 2560.56M | ETA: 435.6m
  Step   2800/9536 | ELBO Loss:  13.93 | CE: 5.815 | LR: 2.54e-04 |   0.3 st/s |    34,040 tok/s | Metal Unified GPU: 0.69GB (Peak: 5.66GB) | Swap: 2560.56M | ETA: 432.3m
  Step   2850/9536 | ELBO Loss:  14.03 | CE: 5.873 | LR: 2.52e-04 |   0.3 st/s |    34,049 tok/s | Metal Unified GPU: 0.69GB (Peak: 5.66GB) | Swap: 2560.56M | ETA: 429.0m
  Step   2900/9536 | ELBO Loss:  14.28 | CE: 5.890 | LR: 2.51e-04 |   0.3 st/s |    34,062 tok/s | Metal Unified GPU: 0.69GB (Peak: 5.66GB) | Swap: 2560.56M | ETA: 425.6m
  Step   2950/9536 | ELBO Loss:  14.03 | CE: 5.783 | LR: 2.49e-04 |   0.3 st/s |    34,070 tok/s | Metal Unified GPU: 0.69GB (Peak: 5.66GB) | Swap: 2560.56M | ETA: 422.3m
  Step   3000/9536 | ELBO Loss:  13.74 | CE: 5.720 | LR: 2.47e-04 |   0.3 st/s |    34,077 tok/s | Metal Unified GPU: 0.69GB (Peak: 5.66GB) | Swap: 2560.56M | ETA: 419.0m
  Step   3050/9536 | ELBO Loss:  14.21 | CE: 5.885 | LR: 2.45e-04 |   0.3 st/s |    34,083 tok/s | Metal Unified GPU: 0.69GB (Peak: 5.66GB) | Swap: 2560.56M | ETA: 415.7m
  Step   3100/9536 | ELBO Loss:  14.37 | CE: 5.939 | LR: 2.43e-04 |   0.3 st/s |    34,090 tok/s | Metal Unified GPU: 0.69GB (Peak: 5.66GB) | Swap: 2560.56M | ETA: 412.4m
  Step   3150/9536 | ELBO Loss:  14.33 | CE: 5.934 | LR: 2.41e-04 |   0.3 st/s |    34,100 tok/s | Metal Unified GPU: 0.69GB (Peak: 5.66GB) | Swap: 2560.56M | ETA: 409.1m
  Step   3200/9536 | ELBO Loss:  14.21 | CE: 5.928 | LR: 2.39e-04 |   0.3 st/s |    34,109 tok/s | Metal Unified GPU: 0.69GB (Peak: 5.66GB) | Swap: 2560.56M | ETA: 405.8m
  Step   3250/9536 | ELBO Loss:  14.17 | CE: 5.839 | LR: 2.38e-04 |   0.3 st/s |    34,118 tok/s | Metal Unified GPU: 0.69GB (Peak: 5.66GB) | Swap: 2560.56M | ETA: 402.5m
  Step   3300/9536 | ELBO Loss:  13.93 | CE: 5.781 | LR: 2.36e-04 |   0.3 st/s |    34,125 tok/s | Metal Unified GPU: 0.69GB (Peak: 5.66GB) | Swap: 2560.56M | ETA: 399.2m
  Step   3350/9536 | ELBO Loss:  14.05 | CE: 5.855 | LR: 2.34e-04 |   0.3 st/s |    34,132 tok/s | Metal Unified GPU: 0.69GB (Peak: 5.66GB) | Swap: 2560.56M | ETA: 395.9m
  Step   3400/9536 | ELBO Loss:  13.67 | CE: 5.743 | LR: 2.32e-04 |   0.3 st/s |    34,140 tok/s | Metal Unified GPU: 0.69GB (Peak: 5.66GB) | Swap: 2560.56M | ETA: 392.6m
  Step   3450/9536 | ELBO Loss:  14.20 | CE: 5.884 | LR: 2.30e-04 |   0.3 st/s |    34,148 tok/s | Metal Unified GPU: 0.69GB (Peak: 5.66GB) | Swap: 2560.56M | ETA: 389.3m
  Step   3500/9536 | ELBO Loss:  13.73 | CE: 5.706 | LR: 2.28e-04 |   0.3 st/s |    34,154 tok/s | Metal Unified GPU: 0.69GB (Peak: 5.66GB) | Swap: 2560.56M | ETA: 386.1m
  Step   3550/9536 | ELBO Loss:  13.64 | CE: 5.648 | LR: 2.26e-04 |   0.3 st/s |    34,162 tok/s | Metal Unified GPU: 0.69GB (Peak: 5.66GB) | Swap: 2560.56M | ETA: 382.8m
  Step   3600/9536 | ELBO Loss:  14.13 | CE: 5.862 | LR: 2.24e-04 |   0.3 st/s |    34,169 tok/s | Metal Unified GPU: 0.69GB (Peak: 5.66GB) | Swap: 2560.56M | ETA: 379.5m
  Step   3650/9536 | ELBO Loss:  13.91 | CE: 5.804 | LR: 2.21e-04 |   0.3 st/s |    34,177 tok/s | Metal Unified GPU: 0.69GB (Peak: 5.66GB) | Swap: 2560.56M | ETA: 376.2m
  Step   3700/9536 | ELBO Loss:  13.45 | CE: 5.611 | LR: 2.19e-04 |   0.3 st/s |    34,184 tok/s | Metal Unified GPU: 0.69GB (Peak: 5.66GB) | Swap: 2560.56M | ETA: 373.0m
  Step   3750/9536 | ELBO Loss:  14.09 | CE: 5.851 | LR: 2.17e-04 |   0.3 st/s |    34,190 tok/s | Metal Unified GPU: 0.69GB (Peak: 5.66GB) | Swap: 2560.56M | ETA: 369.7m
  Step   3800/9536 | ELBO Loss:  13.90 | CE: 5.778 | LR: 2.15e-04 |   0.3 st/s |    34,198 tok/s | Metal Unified GPU: 0.69GB (Peak: 5.66GB) | Swap: 2560.56M | ETA: 366.4m
  Step   3850/9536 | ELBO Loss:  14.91 | CE: 6.167 | LR: 2.13e-04 |   0.3 st/s |    34,203 tok/s | Metal Unified GPU: 0.69GB (Peak: 5.66GB) | Swap: 2560.56M | ETA: 363.2m
  Step   3900/9536 | ELBO Loss:  14.31 | CE: 5.924 | LR: 2.11e-04 |   0.3 st/s |    34,208 tok/s | Metal Unified GPU: 0.69GB (Peak: 5.66GB) | Swap: 2560.56M | ETA: 359.9m
  Step   3950/9536 | ELBO Loss:  14.06 | CE: 5.818 | LR: 2.09e-04 |   0.3 st/s |    34,214 tok/s | Metal Unified GPU: 0.69GB (Peak: 5.66GB) | Swap: 2560.56M | ETA: 356.7m
  Step   4000/9536 | ELBO Loss:  13.71 | CE: 5.685 | LR: 2.06e-04 |   0.3 st/s |    34,221 tok/s | Metal Unified GPU: 0.69GB (Peak: 5.66GB) | Swap: 2560.56M | ETA: 353.4m
  Step   4050/9536 | ELBO Loss:  14.32 | CE: 5.942 | LR: 2.04e-04 |   0.3 st/s |    34,228 tok/s | Metal Unified GPU: 0.69GB (Peak: 5.66GB) | Swap: 2560.56M | ETA: 350.1m
  Step   4100/9536 | ELBO Loss:  14.22 | CE: 5.918 | LR: 2.02e-04 |   0.3 st/s |    34,231 tok/s | Metal Unified GPU: 0.69GB (Peak: 5.66GB) | Swap: 2560.56M | ETA: 346.9m
  Step   4150/9536 | ELBO Loss:  14.01 | CE: 5.797 | LR: 2.00e-04 |   0.3 st/s |    34,233 tok/s | Metal Unified GPU: 0.69GB (Peak: 5.66GB) | Swap: 2560.56M | ETA: 343.7m
  Step   4200/9536 | ELBO Loss:  13.26 | CE: 5.589 | LR: 1.98e-04 |   0.3 st/s |    34,236 tok/s | Metal Unified GPU: 0.69GB (Peak: 5.66GB) | Swap: 2560.56M | ETA: 340.5m
  Step   4250/9536 | ELBO Loss:  14.16 | CE: 5.850 | LR: 1.95e-04 |   0.3 st/s |    34,241 tok/s | Metal Unified GPU: 0.69GB (Peak: 5.66GB) | Swap: 2560.56M | ETA: 337.2m
  Step   4300/9536 | ELBO Loss:  14.25 | CE: 5.913 | LR: 1.93e-04 |   0.3 st/s |    34,246 tok/s | Metal Unified GPU: 0.69GB (Peak: 5.66GB) | Swap: 2560.56M | ETA: 334.0m
  Step   4350/9536 | ELBO Loss:  14.04 | CE: 5.829 | LR: 1.91e-04 |   0.3 st/s |    34,252 tok/s | Metal Unified GPU: 0.69GB (Peak: 5.66GB) | Swap: 2560.56M | ETA: 330.8m
  Step   4400/9536 | ELBO Loss:  13.85 | CE: 5.776 | LR: 1.89e-04 |   0.3 st/s |    34,255 tok/s | Metal Unified GPU: 0.69GB (Peak: 5.66GB) | Swap: 2560.56M | ETA: 327.5m
  Step   4450/9536 | ELBO Loss:  13.96 | CE: 5.815 | LR: 1.86e-04 |   0.3 st/s |    34,260 tok/s | Metal Unified GPU: 0.69GB (Peak: 5.66GB) | Swap: 2560.56M | ETA: 324.3m
  Step   4500/9536 | ELBO Loss:  14.17 | CE: 5.897 | LR: 1.84e-04 |   0.3 st/s |    34,261 tok/s | Metal Unified GPU: 0.69GB (Peak: 5.66GB) | Swap: 2560.56M | ETA: 321.1m
  Step   4550/9536 | ELBO Loss:  13.69 | CE: 5.685 | LR: 1.82e-04 |   0.3 st/s |    34,266 tok/s | Metal Unified GPU: 0.69GB (Peak: 5.66GB) | Swap: 2560.56M | ETA: 317.9m
  Step   4600/9536 | ELBO Loss:  13.19 | CE: 5.498 | LR: 1.80e-04 |   0.3 st/s |    34,270 tok/s | Metal Unified GPU: 0.69GB (Peak: 5.66GB) | Swap: 2560.56M | ETA: 314.6m
  Step   4650/9536 | ELBO Loss:  14.16 | CE: 5.901 | LR: 1.77e-04 |   0.3 st/s |    34,273 tok/s | Metal Unified GPU: 0.69GB (Peak: 5.66GB) | Swap: 2560.56M | ETA: 311.4m
  Step   4700/9536 | ELBO Loss:  13.96 | CE: 5.836 | LR: 1.75e-04 |   0.3 st/s |    34,277 tok/s | Metal Unified GPU: 0.69GB (Peak: 5.66GB) | Swap: 2560.56M | ETA: 308.2m
  Step   4750/9536 | ELBO Loss:  13.61 | CE: 5.706 | LR: 1.73e-04 |   0.3 st/s |    34,279 tok/s | Metal Unified GPU: 0.69GB (Peak: 5.66GB) | Swap: 2560.56M | ETA: 305.0m
  Step   4800/9536 | ELBO Loss:  14.10 | CE: 5.871 | LR: 1.70e-04 |   0.3 st/s |    34,284 tok/s | Metal Unified GPU: 0.69GB (Peak: 5.66GB) | Swap: 2560.56M | ETA: 301.8m
  Step   4850/9536 | ELBO Loss:  13.64 | CE: 5.682 | LR: 1.68e-04 |   0.3 st/s |    34,287 tok/s | Metal Unified GPU: 0.69GB (Peak: 5.66GB) | Swap: 2560.56M | ETA: 298.6m
  Step   4900/9536 | ELBO Loss:  14.33 | CE: 5.954 | LR: 1.66e-04 |   0.3 st/s |    34,290 tok/s | Metal Unified GPU: 0.69GB (Peak: 5.66GB) | Swap: 2560.56M | ETA: 295.4m
  Step   4950/9536 | ELBO Loss:  14.14 | CE: 5.860 | LR: 1.64e-04 |   0.3 st/s |    34,293 tok/s | Metal Unified GPU: 0.69GB (Peak: 5.66GB) | Swap: 2560.56M | ETA: 292.1m
  Step   5000/9536 | ELBO Loss:  14.10 | CE: 5.846 | LR: 1.61e-04 |   0.3 st/s |    34,296 tok/s | Metal Unified GPU: 0.69GB (Peak: 5.66GB) | Swap: 2560.56M | ETA: 288.9m
  Step   5050/9536 | ELBO Loss:  13.86 | CE: 5.747 | LR: 1.59e-04 |   0.3 st/s |    34,299 tok/s | Metal Unified GPU: 0.69GB (Peak: 5.66GB) | Swap: 2560.56M | ETA: 285.7m
  Step   5100/9536 | ELBO Loss:  13.97 | CE: 5.805 | LR: 1.57e-04 |   0.3 st/s |    34,303 tok/s | Metal Unified GPU: 0.69GB (Peak: 5.66GB) | Swap: 2560.56M | ETA: 282.5m
  Step   5150/9536 | ELBO Loss:  14.27 | CE: 5.905 | LR: 1.54e-04 |   0.3 st/s |    34,308 tok/s | Metal Unified GPU: 0.69GB (Peak: 5.66GB) | Swap: 2560.56M | ETA: 279.3m
  Step   5200/9536 | ELBO Loss:  14.26 | CE: 5.919 | LR: 1.52e-04 |   0.3 st/s |    34,311 tok/s | Metal Unified GPU: 0.69GB (Peak: 5.66GB) | Swap: 2560.56M | ETA: 276.1m
  Step   5250/9536 | ELBO Loss:  14.56 | CE: 6.109 | LR: 1.50e-04 |   0.3 st/s |    34,314 tok/s | Metal Unified GPU: 0.69GB (Peak: 5.66GB) | Swap: 2560.56M | ETA: 272.9m
  Step   5300/9536 | ELBO Loss:  14.17 | CE: 5.904 | LR: 1.48e-04 |   0.3 st/s |    34,317 tok/s | Metal Unified GPU: 0.69GB (Peak: 5.66GB) | Swap: 2560.56M | ETA: 269.7m
  Step   5350/9536 | ELBO Loss:  13.98 | CE: 5.804 | LR: 1.45e-04 |   0.3 st/s |    34,321 tok/s | Metal Unified GPU: 0.69GB (Peak: 5.66GB) | Swap: 2560.56M | ETA: 266.4m
  Step   5400/9536 | ELBO Loss:  13.47 | CE: 5.661 | LR: 1.43e-04 |   0.3 st/s |    34,324 tok/s | Metal Unified GPU: 0.69GB (Peak: 5.66GB) | Swap: 2560.56M | ETA: 263.2m
  Step   5450/9536 | ELBO Loss:  13.77 | CE: 5.724 | LR: 1.41e-04 |   0.3 st/s |    34,329 tok/s | Metal Unified GPU: 0.69GB (Peak: 5.66GB) | Swap: 2560.56M | ETA: 260.0m
  Step   5500/9536 | ELBO Loss:  14.01 | CE: 5.807 | LR: 1.38e-04 |   0.3 st/s |    34,333 tok/s | Metal Unified GPU: 0.69GB (Peak: 5.66GB) | Swap: 2560.56M | ETA: 256.8m
  Step   5550/9536 | ELBO Loss:  13.81 | CE: 5.700 | LR: 1.36e-04 |   0.3 st/s |    34,336 tok/s | Metal Unified GPU: 0.69GB (Peak: 5.66GB) | Swap: 2560.56M | ETA: 253.6m
  Step   5600/9536 | ELBO Loss:  13.89 | CE: 5.762 | LR: 1.34e-04 |   0.3 st/s |    34,333 tok/s | Metal Unified GPU: 0.69GB (Peak: 5.66GB) | Swap: 2560.56M | ETA: 250.4m
  Step   5650/9536 | ELBO Loss:  14.13 | CE: 5.872 | LR: 1.32e-04 |   0.3 st/s |    34,332 tok/s | Metal Unified GPU: 0.69GB (Peak: 5.66GB) | Swap: 2560.56M | ETA: 247.3m
  Step   5700/9536 | ELBO Loss:  14.24 | CE: 5.906 | LR: 1.30e-04 |   0.3 st/s |    34,332 tok/s | Metal Unified GPU: 0.69GB (Peak: 5.66GB) | Swap: 2560.56M | ETA: 244.1m
  Step   5750/9536 | ELBO Loss:  14.16 | CE: 5.821 | LR: 1.27e-04 |   0.3 st/s |    34,337 tok/s | Metal Unified GPU: 0.69GB (Peak: 5.66GB) | Swap: 2560.56M | ETA: 240.9m
  Step   5800/9536 | ELBO Loss:  14.00 | CE: 5.815 | LR: 1.25e-04 |   0.3 st/s |    34,340 tok/s | Metal Unified GPU: 0.69GB (Peak: 5.66GB) | Swap: 2560.56M | ETA: 237.7m
  Step   5850/9536 | ELBO Loss:  14.06 | CE: 5.851 | LR: 1.23e-04 |   0.3 st/s |    34,345 tok/s | Metal Unified GPU: 0.69GB (Peak: 5.66GB) | Swap: 2560.56M | ETA: 234.5m
  Step   5900/9536 | ELBO Loss:  13.80 | CE: 5.727 | LR: 1.21e-04 |   0.3 st/s |    34,347 tok/s | Metal Unified GPU: 0.69GB (Peak: 5.66GB) | Swap: 2560.56M | ETA: 231.3m
  Step   5950/9536 | ELBO Loss:  14.03 | CE: 5.812 | LR: 1.19e-04 |   0.3 st/s |    34,350 tok/s | Metal Unified GPU: 0.69GB (Peak: 5.66GB) | Swap: 2560.56M | ETA: 228.1m
  Step   6000/9536 | ELBO Loss:  14.03 | CE: 5.866 | LR: 1.16e-04 |   0.3 st/s |    34,353 tok/s | Metal Unified GPU: 0.69GB (Peak: 5.66GB) | Swap: 2560.56M | ETA: 224.9m
  Step   6050/9536 | ELBO Loss:  13.77 | CE: 5.773 | LR: 1.14e-04 |   0.3 st/s |    34,355 tok/s | Metal Unified GPU: 0.69GB (Peak: 5.66GB) | Swap: 2560.56M | ETA: 221.7m
  Step   6100/9536 | ELBO Loss:  14.15 | CE: 5.842 | LR: 1.12e-04 |   0.3 st/s |    34,359 tok/s | Metal Unified GPU: 0.69GB (Peak: 5.66GB) | Swap: 2560.56M | ETA: 218.5m
  Step   6150/9536 | ELBO Loss:  13.76 | CE: 5.755 | LR: 1.10e-04 |   0.3 st/s |    34,363 tok/s | Metal Unified GPU: 0.69GB (Peak: 5.66GB) | Swap: 2560.56M | ETA: 215.3m
  Step   6200/9536 | ELBO Loss:  13.80 | CE: 5.764 | LR: 1.08e-04 |   0.3 st/s |    34,365 tok/s | Metal Unified GPU: 0.69GB (Peak: 5.66GB) | Swap: 2560.56M | ETA: 212.1m
  Step   6250/9536 | ELBO Loss:  14.24 | CE: 5.912 | LR: 1.06e-04 |   0.3 st/s |    34,369 tok/s | Metal Unified GPU: 0.69GB (Peak: 5.66GB) | Swap: 2560.56M | ETA: 208.9m
  Step   6300/9536 | ELBO Loss:  13.69 | CE: 5.697 | LR: 1.04e-04 |   0.3 st/s |    34,373 tok/s | Metal Unified GPU: 0.69GB (Peak: 5.66GB) | Swap: 2552.56M | ETA: 205.7m
  Step   6350/9536 | ELBO Loss:  14.15 | CE: 5.883 | LR: 1.02e-04 |   0.3 st/s |    34,375 tok/s | Metal Unified GPU: 0.69GB (Peak: 5.66GB) | Swap: 2552.56M | ETA: 202.5m
  Step   6400/9536 | ELBO Loss:  13.88 | CE: 5.823 | LR: 9.98e-05 |   0.3 st/s |    34,378 tok/s | Metal Unified GPU: 0.69GB (Peak: 5.66GB) | Swap: 2552.56M | ETA: 199.3m
  Step   6450/9536 | ELBO Loss:  13.93 | CE: 5.816 | LR: 9.78e-05 |   0.3 st/s |    34,381 tok/s | Metal Unified GPU: 0.69GB (Peak: 5.66GB) | Swap: 2552.56M | ETA: 196.1m
  Step   6500/9536 | ELBO Loss:  13.75 | CE: 5.713 | LR: 9.58e-05 |   0.3 st/s |    34,384 tok/s | Metal Unified GPU: 0.69GB (Peak: 5.66GB) | Swap: 2544.56M | ETA: 192.9m
  Step   6550/9536 | ELBO Loss:  13.81 | CE: 5.721 | LR: 9.38e-05 |   0.3 st/s |    34,384 tok/s | Metal Unified GPU: 0.69GB (Peak: 5.66GB) | Swap: 2544.56M | ETA: 189.7m
  Step   6600/9536 | ELBO Loss:  13.78 | CE: 5.725 | LR: 9.19e-05 |   0.3 st/s |    34,386 tok/s | Metal Unified GPU: 0.69GB (Peak: 5.66GB) | Swap: 2544.56M | ETA: 186.5m
  Step   6650/9536 | ELBO Loss:  13.86 | CE: 5.752 | LR: 9.00e-05 |   0.3 st/s |    34,388 tok/s | Metal Unified GPU: 0.69GB (Peak: 5.66GB) | Swap: 2544.56M | ETA: 183.3m
  Step   6700/9536 | ELBO Loss:  13.69 | CE: 5.756 | LR: 8.81e-05 |   0.3 st/s |    34,390 tok/s | Metal Unified GPU: 0.69GB (Peak: 5.66GB) | Swap: 2544.56M | ETA: 180.1m
  Step   6750/9536 | ELBO Loss:  13.58 | CE: 5.668 | LR: 8.62e-05 |   0.3 st/s |    34,392 tok/s | Metal Unified GPU: 0.69GB (Peak: 5.66GB) | Swap: 2544.56M | ETA: 177.0m
  Step   6800/9536 | ELBO Loss:  13.50 | CE: 5.611 | LR: 8.44e-05 |   0.3 st/s |    34,395 tok/s | Metal Unified GPU: 0.69GB (Peak: 5.66GB) | Swap: 2544.56M | ETA: 173.8m
  Step   6850/9536 | ELBO Loss:  13.64 | CE: 5.675 | LR: 8.25e-05 |   0.3 st/s |    34,397 tok/s | Metal Unified GPU: 0.69GB (Peak: 5.66GB) | Swap: 2544.56M | ETA: 170.6m
  Step   6900/9536 | ELBO Loss:  13.92 | CE: 5.773 | LR: 8.07e-05 |   0.3 st/s |    34,399 tok/s | Metal Unified GPU: 0.69GB (Peak: 5.66GB) | Swap: 2544.56M | ETA: 167.4m
  Step   6950/9536 | ELBO Loss:  14.14 | CE: 5.889 | LR: 7.89e-05 |   0.3 st/s |    34,403 tok/s | Metal Unified GPU: 0.69GB (Peak: 5.66GB) | Swap: 2544.56M | ETA: 164.2m
  Step   7000/9536 | ELBO Loss:  13.68 | CE: 5.667 | LR: 7.72e-05 |   0.3 st/s |    34,405 tok/s | Metal Unified GPU: 0.69GB (Peak: 5.66GB) | Swap: 2544.56M | ETA: 161.0m
  Step   7050/9536 | ELBO Loss:  13.62 | CE: 5.674 | LR: 7.55e-05 |   0.3 st/s |    34,405 tok/s | Metal Unified GPU: 0.69GB (Peak: 5.66GB) | Swap: 2544.56M | ETA: 157.8m
  Step   7100/9536 | ELBO Loss:  14.04 | CE: 5.830 | LR: 7.38e-05 |   0.3 st/s |    34,408 tok/s | Metal Unified GPU: 0.69GB (Peak: 5.66GB) | Swap: 2544.56M | ETA: 154.7m
  Step   7150/9536 | ELBO Loss:  13.90 | CE: 5.795 | LR: 7.21e-05 |   0.3 st/s |    34,411 tok/s | Metal Unified GPU: 0.69GB (Peak: 5.66GB) | Swap: 2544.56M | ETA: 151.5m
  Step   7200/9536 | ELBO Loss:  13.41 | CE: 5.590 | LR: 7.04e-05 |   0.3 st/s |    34,413 tok/s | Metal Unified GPU: 0.69GB (Peak: 5.66GB) | Swap: 2544.56M | ETA: 148.3m
  Step   7250/9536 | ELBO Loss:  13.72 | CE: 5.713 | LR: 6.88e-05 |   0.3 st/s |    34,413 tok/s | Metal Unified GPU: 0.69GB (Peak: 5.66GB) | Swap: 2544.56M | ETA: 145.1m
  Step   7300/9536 | ELBO Loss:  13.88 | CE: 5.816 | LR: 6.72e-05 |   0.3 st/s |    34,413 tok/s | Metal Unified GPU: 0.69GB (Peak: 5.66GB) | Swap: 2544.56M | ETA: 141.9m
  Step   7350/9536 | ELBO Loss:  13.75 | CE: 5.745 | LR: 6.56e-05 |   0.3 st/s |    34,415 tok/s | Metal Unified GPU: 0.69GB (Peak: 5.66GB) | Swap: 2544.56M | ETA: 138.8m
  Step   7400/9536 | ELBO Loss:  13.84 | CE: 5.766 | LR: 6.41e-05 |   0.3 st/s |    34,416 tok/s | Metal Unified GPU: 0.69GB (Peak: 5.66GB) | Swap: 2544.56M | ETA: 135.6m
  Step   7450/9536 | ELBO Loss:  13.88 | CE: 5.771 | LR: 6.26e-05 |   0.3 st/s |    34,416 tok/s | Metal Unified GPU: 0.69GB (Peak: 5.66GB) | Swap: 2544.56M | ETA: 132.4m
  Step   7500/9536 | ELBO Loss:  14.18 | CE: 5.872 | LR: 6.11e-05 |   0.3 st/s |    34,415 tok/s | Metal Unified GPU: 0.69GB (Peak: 5.66GB) | Swap: 2544.56M | ETA: 129.2m
  Step   7550/9536 | ELBO Loss:  14.02 | CE: 5.824 | LR: 5.96e-05 |   0.3 st/s |    34,415 tok/s | Metal Unified GPU: 0.69GB (Peak: 5.66GB) | Swap: 2544.56M | ETA: 126.1m
  Step   7600/9536 | ELBO Loss:  13.85 | CE: 5.824 | LR: 5.82e-05 |   0.3 st/s |    34,416 tok/s | Metal Unified GPU: 0.69GB (Peak: 5.66GB) | Swap: 2544.56M | ETA: 122.9m
  Step   7650/9536 | ELBO Loss:  13.91 | CE: 5.781 | LR: 5.68e-05 |   0.3 st/s |    34,416 tok/s | Metal Unified GPU: 0.69GB (Peak: 5.66GB) | Swap: 2544.56M | ETA: 119.7m
  Step   7700/9536 | ELBO Loss:  13.92 | CE: 5.822 | LR: 5.55e-05 |   0.3 st/s |    34,415 tok/s | Metal Unified GPU: 0.69GB (Peak: 5.66GB) | Swap: 2544.56M | ETA: 116.5m
  Step   7750/9536 | ELBO Loss:  13.95 | CE: 5.820 | LR: 5.42e-05 |   0.3 st/s |    34,418 tok/s | Metal Unified GPU: 0.69GB (Peak: 5.66GB) | Swap: 2536.56M | ETA: 113.4m
  Step   7800/9536 | ELBO Loss:  13.90 | CE: 5.718 | LR: 5.29e-05 |   0.3 st/s |    34,420 tok/s | Metal Unified GPU: 0.69GB (Peak: 5.66GB) | Swap: 2536.56M | ETA: 110.2m
  Step   7850/9536 | ELBO Loss:  13.84 | CE: 5.717 | LR: 5.16e-05 |   0.3 st/s |    34,422 tok/s | Metal Unified GPU: 0.69GB (Peak: 5.66GB) | Swap: 2536.56M | ETA: 107.0m
  Step   7900/9536 | ELBO Loss:  13.72 | CE: 5.752 | LR: 5.04e-05 |   0.3 st/s |    34,424 tok/s | Metal Unified GPU: 0.69GB (Peak: 5.66GB) | Swap: 2536.56M | ETA: 103.8m
  Step   7950/9536 | ELBO Loss:  13.71 | CE: 5.724 | LR: 4.92e-05 |   0.3 st/s |    34,427 tok/s | Metal Unified GPU: 0.69GB (Peak: 5.66GB) | Swap: 2536.56M | ETA: 100.6m
  Step   8000/9536 | ELBO Loss:  13.97 | CE: 5.799 | LR: 4.80e-05 |   0.3 st/s |    34,430 tok/s | Metal Unified GPU: 0.69GB (Peak: 5.66GB) | Swap: 2536.56M | ETA: 97.5m
  Step   8050/9536 | ELBO Loss:  13.64 | CE: 5.693 | LR: 4.69e-05 |   0.3 st/s |    34,434 tok/s | Metal Unified GPU: 0.69GB (Peak: 5.66GB) | Swap: 2536.56M | ETA: 94.3m
  Step   8100/9536 | ELBO Loss:  14.09 | CE: 5.852 | LR: 4.58e-05 |   0.3 st/s |    34,435 tok/s | Metal Unified GPU: 0.69GB (Peak: 5.66GB) | Swap: 2536.56M | ETA: 91.1m
  Step   8150/9536 | ELBO Loss:  14.21 | CE: 5.860 | LR: 4.47e-05 |   0.3 st/s |    34,437 tok/s | Metal Unified GPU: 0.69GB (Peak: 5.66GB) | Swap: 2536.56M | ETA: 87.9m
  Step   8200/9536 | ELBO Loss:  13.84 | CE: 5.714 | LR: 4.37e-05 |   0.3 st/s |    34,439 tok/s | Metal Unified GPU: 0.69GB (Peak: 5.66GB) | Swap: 2536.56M | ETA: 84.7m
  Step   8250/9536 | ELBO Loss:  13.91 | CE: 5.799 | LR: 4.27e-05 |   0.3 st/s |    34,441 tok/s | Metal Unified GPU: 0.69GB (Peak: 5.66GB) | Swap: 2536.56M | ETA: 81.6m
  Step   8300/9536 | ELBO Loss:  13.84 | CE: 5.798 | LR: 4.18e-05 |   0.3 st/s |    34,443 tok/s | Metal Unified GPU: 0.69GB (Peak: 5.66GB) | Swap: 2536.56M | ETA: 78.4m
  Step   8350/9536 | ELBO Loss:  14.39 | CE: 5.983 | LR: 4.08e-05 |   0.3 st/s |    34,443 tok/s | Metal Unified GPU: 0.69GB (Peak: 5.66GB) | Swap: 2536.56M | ETA: 75.2m
  Step   8400/9536 | ELBO Loss:  14.07 | CE: 5.844 | LR: 4.00e-05 |   0.3 st/s |    34,445 tok/s | Metal Unified GPU: 0.69GB (Peak: 5.66GB) | Swap: 2536.56M | ETA: 72.0m
  Step   8450/9536 | ELBO Loss:  14.11 | CE: 5.832 | LR: 3.91e-05 |   0.3 st/s |    34,447 tok/s | Metal Unified GPU: 0.69GB (Peak: 5.66GB) | Swap: 2536.56M | ETA: 68.9m
  Step   8500/9536 | ELBO Loss:  13.75 | CE: 5.742 | LR: 3.83e-05 |   0.3 st/s |    34,449 tok/s | Metal Unified GPU: 0.69GB (Peak: 5.66GB) | Swap: 2536.56M | ETA: 65.7m
  Step   8550/9536 | ELBO Loss:  14.01 | CE: 5.758 | LR: 3.75e-05 |   0.3 st/s |    34,452 tok/s | Metal Unified GPU: 0.69GB (Peak: 5.66GB) | Swap: 2536.56M | ETA: 62.5m
  Step   8600/9536 | ELBO Loss:  14.13 | CE: 5.856 | LR: 3.68e-05 |   0.3 st/s |    34,456 tok/s | Metal Unified GPU: 0.69GB (Peak: 5.66GB) | Swap: 2536.56M | ETA: 59.3m
  Step   8650/9536 | ELBO Loss:  14.11 | CE: 5.851 | LR: 3.61e-05 |   0.3 st/s |    34,458 tok/s | Metal Unified GPU: 0.69GB (Peak: 5.66GB) | Swap: 2536.56M | ETA: 56.2m
  Step   8700/9536 | ELBO Loss:  14.14 | CE: 5.917 | LR: 3.54e-05 |   0.3 st/s |    34,460 tok/s | Metal Unified GPU: 0.69GB (Peak: 5.66GB) | Swap: 2536.56M | ETA: 53.0m
  Step   8750/9536 | ELBO Loss:  13.76 | CE: 5.731 | LR: 3.48e-05 |   0.3 st/s |    34,461 tok/s | Metal Unified GPU: 0.69GB (Peak: 5.66GB) | Swap: 2536.56M | ETA: 49.8m
  Step   8800/9536 | ELBO Loss:  14.09 | CE: 5.859 | LR: 3.42e-05 |   0.3 st/s |    34,463 tok/s | Metal Unified GPU: 0.69GB (Peak: 5.66GB) | Swap: 2536.56M | ETA: 46.7m
  Step   8850/9536 | ELBO Loss:  13.50 | CE: 5.675 | LR: 3.37e-05 |   0.3 st/s |    34,466 tok/s | Metal Unified GPU: 0.69GB (Peak: 5.66GB) | Swap: 2536.56M | ETA: 43.5m
  Step   8900/9536 | ELBO Loss:  14.00 | CE: 5.784 | LR: 3.31e-05 |   0.3 st/s |    34,469 tok/s | Metal Unified GPU: 0.69GB (Peak: 5.66GB) | Swap: 2536.56M | ETA: 40.3m
  Step   8950/9536 | ELBO Loss:  13.77 | CE: 5.743 | LR: 3.27e-05 |   0.3 st/s |    34,471 tok/s | Metal Unified GPU: 0.69GB (Peak: 5.66GB) | Swap: 2536.56M | ETA: 37.1m
  Step   9000/9536 | ELBO Loss:  13.91 | CE: 5.771 | LR: 3.22e-05 |   0.3 st/s |    34,474 tok/s | Metal Unified GPU: 0.69GB (Peak: 5.66GB) | Swap: 2536.56M | ETA: 34.0m
  Step   9050/9536 | ELBO Loss:  14.08 | CE: 5.833 | LR: 3.18e-05 |   0.3 st/s |    34,476 tok/s | Metal Unified GPU: 0.69GB (Peak: 5.66GB) | Swap: 2536.56M | ETA: 30.8m
  Step   9100/9536 | ELBO Loss:  14.11 | CE: 5.859 | LR: 3.15e-05 |   0.3 st/s |    34,479 tok/s | Metal Unified GPU: 0.69GB (Peak: 5.66GB) | Swap: 2536.56M | ETA: 27.6m
  Step   9150/9536 | ELBO Loss:  13.80 | CE: 5.752 | LR: 3.12e-05 |   0.3 st/s |    34,480 tok/s | Metal Unified GPU: 0.69GB (Peak: 5.66GB) | Swap: 2536.56M | ETA: 24.5m
  Step   9200/9536 | ELBO Loss:  13.43 | CE: 5.580 | LR: 3.09e-05 |   0.3 st/s |    34,482 tok/s | Metal Unified GPU: 0.69GB (Peak: 5.66GB) | Swap: 2536.56M | ETA: 21.3m
  Step   9250/9536 | ELBO Loss:  14.35 | CE: 5.987 | LR: 3.06e-05 |   0.3 st/s |    34,483 tok/s | Metal Unified GPU: 0.69GB (Peak: 5.66GB) | Swap: 2536.56M | ETA: 18.1m
  Step   9300/9536 | ELBO Loss:  13.77 | CE: 5.768 | LR: 3.04e-05 |   0.3 st/s |    34,485 tok/s | Metal Unified GPU: 0.69GB (Peak: 5.66GB) | Swap: 2536.56M | ETA: 15.0m
  Step   9350/9536 | ELBO Loss:  14.16 | CE: 5.862 | LR: 3.03e-05 |   0.3 st/s |    34,487 tok/s | Metal Unified GPU: 0.69GB (Peak: 5.66GB) | Swap: 2536.56M | ETA: 11.8m
  Step   9400/9536 | ELBO Loss:  13.76 | CE: 5.748 | LR: 3.01e-05 |   0.3 st/s |    34,488 tok/s | Metal Unified GPU: 0.69GB (Peak: 5.66GB) | Swap: 2536.56M | ETA:  8.6m
  Step   9450/9536 | ELBO Loss:  13.88 | CE: 5.769 | LR: 3.01e-05 |   0.3 st/s |    34,490 tok/s | Metal Unified GPU: 0.69GB (Peak: 5.66GB) | Swap: 2536.56M | ETA:  5.4m
  Step   9500/9536 | ELBO Loss:  13.96 | CE: 5.773 | LR: 3.00e-05 |   0.3 st/s |    34,491 tok/s | Metal Unified GPU: 0.69GB (Peak: 5.66GB) | Swap: 2536.56M | ETA:  2.3m
  Step   9536/9536 | ELBO Loss:  13.86 | CE: 5.774 | LR: 3.00e-05 |   0.3 st/s |    34,491 tok/s | Metal Unified GPU: 0.69GB (Peak: 5.66GB) | Swap: 2536.56M | ETA:  0.0m
  Step      1/13350 | ELBO Loss:  31.89 | CE: 9.163 | LR: 2.00e-06 |   0.3 st/s |    34,811 tok/s | Metal Unified GPU: 0.69GB (Peak: 5.66GB) | Swap: 2071.19M | ETA: 837.7m
  Step     50/13350 | ELBO Loss:  23.18 | CE: 6.518 | LR: 5.10e-05 |   0.3 st/s |    32,816 tok/s | Metal Unified GPU: 0.69GB (Peak: 5.66GB) | Swap: 2071.19M | ETA: 885.4m
  Step    100/13350 | ELBO Loss:  22.69 | CE: 6.617 | LR: 1.01e-04 |   0.2 st/s |    31,777 tok/s | Metal Unified GPU: 0.69GB (Peak: 5.66GB) | Swap: 2055.19M | ETA: 910.9m
  Step    150/13350 | ELBO Loss:  22.29 | CE: 6.515 | LR: 1.51e-04 |   0.2 st/s |    32,193 tok/s | Metal Unified GPU: 0.69GB (Peak: 5.66GB) | Swap: 2055.19M | ETA: 895.7m
  Step    200/13350 | ELBO Loss:  22.55 | CE: 6.486 | LR: 2.01e-04 |   0.2 st/s |    32,427 tok/s | Metal Unified GPU: 0.69GB (Peak: 5.66GB) | Swap: 2055.19M | ETA: 885.9m
  Step    250/13350 | ELBO Loss:  22.90 | CE: 6.445 | LR: 2.51e-04 |   0.2 st/s |    32,575 tok/s | Metal Unified GPU: 0.69GB (Peak: 5.66GB) | Swap: 2055.19M | ETA: 878.5m
  Step    300/13350 | ELBO Loss:  22.84 | CE: 6.568 | LR: 3.00e-04 |   0.2 st/s |    32,685 tok/s | Metal Unified GPU: 0.69GB (Peak: 5.66GB) | Swap: 2055.19M | ETA: 872.2m
  Step    350/13350 | ELBO Loss:  22.47 | CE: 6.514 | LR: 3.00e-04 |   0.3 st/s |    32,775 tok/s | Metal Unified GPU: 0.69GB (Peak: 5.66GB) | Swap: 2055.19M | ETA: 866.5m
  Step    400/13350 | ELBO Loss:  22.01 | CE: 6.316 | LR: 3.00e-04 |   0.3 st/s |    32,848 tok/s | Metal Unified GPU: 0.69GB (Peak: 5.66GB) | Swap: 2055.19M | ETA: 861.2m
  Step    450/13350 | ELBO Loss:  22.68 | CE: 6.438 | LR: 3.00e-04 |   0.3 st/s |    32,908 tok/s | Metal Unified GPU: 0.69GB (Peak: 5.66GB) | Swap: 1975.19M | ETA: 856.4m
  Step    500/13350 | ELBO Loss:  22.01 | CE: 6.371 | LR: 3.00e-04 |   0.3 st/s |    32,957 tok/s | Metal Unified GPU: 0.69GB (Peak: 5.66GB) | Swap: 1975.19M | ETA: 851.8m
  Step    550/13350 | ELBO Loss:  21.96 | CE: 6.374 | LR: 3.00e-04 |   0.3 st/s |    33,004 tok/s | Metal Unified GPU: 0.69GB (Peak: 5.66GB) | Swap: 1975.19M | ETA: 847.2m
  Step    600/13350 | ELBO Loss:  21.47 | CE: 6.242 | LR: 3.00e-04 |   0.3 st/s |    33,042 tok/s | Metal Unified GPU: 0.69GB (Peak: 5.66GB) | Swap: 1975.19M | ETA: 843.0m
  Step    650/13350 | ELBO Loss:  22.26 | CE: 6.435 | LR: 3.00e-04 |   0.3 st/s |    33,078 tok/s | Metal Unified GPU: 0.69GB (Peak: 5.66GB) | Swap: 1975.19M | ETA: 838.7m
  Step    700/13350 | ELBO Loss:  21.82 | CE: 6.348 | LR: 2.99e-04 |   0.3 st/s |    33,109 tok/s | Metal Unified GPU: 0.69GB (Peak: 5.66GB) | Swap: 1975.19M | ETA: 834.6m
  Step    750/13350 | ELBO Loss:  22.60 | CE: 6.517 | LR: 2.99e-04 |   0.3 st/s |    33,135 tok/s | Metal Unified GPU: 0.69GB (Peak: 5.66GB) | Swap: 1975.19M | ETA: 830.7m
  Step    800/13350 | ELBO Loss:  22.36 | CE: 6.477 | LR: 2.99e-04 |   0.3 st/s |    33,158 tok/s | Metal Unified GPU: 0.69GB (Peak: 5.66GB) | Swap: 1975.19M | ETA: 826.8m
  Step    850/13350 | ELBO Loss:  21.03 | CE: 6.231 | LR: 2.99e-04 |   0.3 st/s |    33,181 tok/s | Metal Unified GPU: 0.69GB (Peak: 5.66GB) | Swap: 1975.19M | ETA: 823.0m
  Step    900/13350 | ELBO Loss:  22.71 | CE: 6.263 | LR: 2.99e-04 |   0.3 st/s |    33,200 tok/s | Metal Unified GPU: 0.69GB (Peak: 5.66GB) | Swap: 1975.19M | ETA: 819.2m
  Step    950/13350 | ELBO Loss:  21.36 | CE: 6.221 | LR: 2.98e-04 |   0.3 st/s |    33,217 tok/s | Metal Unified GPU: 0.69GB (Peak: 5.66GB) | Swap: 1975.19M | ETA: 815.5m
  Step   1000/13350 | ELBO Loss:  22.08 | CE: 6.276 | LR: 2.98e-04 |   0.3 st/s |    33,233 tok/s | Metal Unified GPU: 0.69GB (Peak: 5.66GB) | Swap: 1975.19M | ETA: 811.8m
  Step   1050/13350 | ELBO Loss:  22.09 | CE: 6.377 | LR: 2.98e-04 |   0.3 st/s |    33,245 tok/s | Metal Unified GPU: 0.69GB (Peak: 5.66GB) | Swap: 1975.19M | ETA: 808.2m
  Step   1100/13350 | ELBO Loss:  21.46 | CE: 6.112 | LR: 2.98e-04 |   0.3 st/s |    33,258 tok/s | Metal Unified GPU: 0.69GB (Peak: 5.66GB) | Swap: 1967.19M | ETA: 804.6m
  Step   1150/13350 | ELBO Loss:  21.56 | CE: 6.210 | LR: 2.97e-04 |   0.3 st/s |    33,269 tok/s | Metal Unified GPU: 0.69GB (Peak: 5.66GB) | Swap: 1967.19M | ETA: 801.1m
  Step   1200/13350 | ELBO Loss:  21.10 | CE: 6.120 | LR: 2.97e-04 |   0.3 st/s |    33,281 tok/s | Metal Unified GPU: 0.69GB (Peak: 5.66GB) | Swap: 1967.19M | ETA: 797.5m
  Step   1250/13350 | ELBO Loss:  20.78 | CE: 6.085 | LR: 2.96e-04 |   0.3 st/s |    33,291 tok/s | Metal Unified GPU: 0.69GB (Peak: 5.66GB) | Swap: 1967.19M | ETA: 794.0m
  Step   1300/13350 | ELBO Loss:  21.37 | CE: 6.249 | LR: 2.96e-04 |   0.3 st/s |    33,301 tok/s | Metal Unified GPU: 0.69GB (Peak: 5.66GB) | Swap: 1967.19M | ETA: 790.5m
  Step   1350/13350 | ELBO Loss:  21.31 | CE: 6.229 | LR: 2.96e-04 |   0.3 st/s |    33,310 tok/s | Metal Unified GPU: 0.69GB (Peak: 5.66GB) | Swap: 1967.19M | ETA: 787.0m
  Step   1400/13350 | ELBO Loss:  23.12 | CE: 6.671 | LR: 2.95e-04 |   0.3 st/s |    33,318 tok/s | Metal Unified GPU: 0.69GB (Peak: 5.66GB) | Swap: 1967.19M | ETA: 783.5m
  Step   1450/13350 | ELBO Loss:  21.57 | CE: 6.215 | LR: 2.95e-04 |   0.3 st/s |    33,327 tok/s | Metal Unified GPU: 0.69GB (Peak: 5.66GB) | Swap: 1967.19M | ETA: 780.0m
  Step   1500/13350 | ELBO Loss:  20.72 | CE: 6.162 | LR: 2.94e-04 |   0.3 st/s |    33,336 tok/s | Metal Unified GPU: 0.69GB (Peak: 5.66GB) | Swap: 1967.19M | ETA: 776.5m
  Step   1550/13350 | ELBO Loss:  21.90 | CE: 6.302 | LR: 2.94e-04 |   0.3 st/s |    33,345 tok/s | Metal Unified GPU: 0.69GB (Peak: 5.66GB) | Swap: 1967.19M | ETA: 773.1m
  Step   1600/13350 | ELBO Loss:  20.55 | CE: 6.037 | LR: 2.93e-04 |   0.3 st/s |    33,353 tok/s | Metal Unified GPU: 0.69GB (Peak: 5.66GB) | Swap: 1967.19M | ETA: 769.6m
  Step   1650/13350 | ELBO Loss:  21.43 | CE: 6.221 | LR: 2.93e-04 |   0.3 st/s |    33,360 tok/s | Metal Unified GPU: 0.69GB (Peak: 5.66GB) | Swap: 1967.19M | ETA: 766.2m
  Step   1700/13350 | ELBO Loss:  21.14 | CE: 6.096 | LR: 2.92e-04 |   0.3 st/s |    33,365 tok/s | Metal Unified GPU: 0.69GB (Peak: 5.66GB) | Swap: 1967.19M | ETA: 762.8m
  Step   1750/13350 | ELBO Loss:  21.18 | CE: 6.129 | LR: 2.92e-04 |   0.3 st/s |    33,369 tok/s | Metal Unified GPU: 0.69GB (Peak: 5.66GB) | Swap: 1967.19M | ETA: 759.4m
  Step   1800/13350 | ELBO Loss:  21.14 | CE: 6.127 | LR: 2.91e-04 |   0.3 st/s |    33,375 tok/s | Metal Unified GPU: 0.69GB (Peak: 5.66GB) | Swap: 1967.19M | ETA: 756.0m
  Step   1850/13350 | ELBO Loss:  20.76 | CE: 6.000 | LR: 2.91e-04 |   0.3 st/s |    33,379 tok/s | Metal Unified GPU: 0.69GB (Peak: 5.66GB) | Swap: 1967.19M | ETA: 752.6m
  Step   1900/13350 | ELBO Loss:  21.78 | CE: 6.238 | LR: 2.90e-04 |   0.3 st/s |    33,384 tok/s | Metal Unified GPU: 0.69GB (Peak: 5.66GB) | Swap: 1967.19M | ETA: 749.2m
  Step   1950/13350 | ELBO Loss:  21.13 | CE: 6.177 | LR: 2.89e-04 |   0.3 st/s |    33,389 tok/s | Metal Unified GPU: 0.69GB (Peak: 5.66GB) | Swap: 1967.19M | ETA: 745.9m
  Step   2000/13350 | ELBO Loss:  20.57 | CE: 5.989 | LR: 2.89e-04 |   0.3 st/s |    33,392 tok/s | Metal Unified GPU: 0.69GB (Peak: 5.66GB) | Swap: 1967.19M | ETA: 742.5m
  Step   2050/13350 | ELBO Loss:  20.72 | CE: 5.989 | LR: 2.88e-04 |   0.3 st/s |    33,396 tok/s | Metal Unified GPU: 0.69GB (Peak: 5.66GB) | Swap: 1967.19M | ETA: 739.2m
  Step   2100/13350 | ELBO Loss:  21.08 | CE: 6.100 | LR: 2.88e-04 |   0.3 st/s |    33,400 tok/s | Metal Unified GPU: 0.69GB (Peak: 5.66GB) | Swap: 1967.19M | ETA: 735.8m
  Step   2150/13350 | ELBO Loss:  21.45 | CE: 6.170 | LR: 2.87e-04 |   0.3 st/s |    33,404 tok/s | Metal Unified GPU: 0.69GB (Peak: 5.66GB) | Swap: 1967.19M | ETA: 732.5m
  Step   2200/13350 | ELBO Loss:  21.14 | CE: 6.208 | LR: 2.86e-04 |   0.3 st/s |    33,406 tok/s | Metal Unified GPU: 0.69GB (Peak: 5.66GB) | Swap: 1967.19M | ETA: 729.1m
  Step   2250/13350 | ELBO Loss:  19.64 | CE: 5.680 | LR: 2.85e-04 |   0.3 st/s |    33,409 tok/s | Metal Unified GPU: 0.69GB (Peak: 5.66GB) | Swap: 1967.19M | ETA: 725.8m
  Step   2300/13350 | ELBO Loss:  21.83 | CE: 6.217 | LR: 2.85e-04 |   0.3 st/s |    33,412 tok/s | Metal Unified GPU: 0.69GB (Peak: 5.66GB) | Swap: 1967.19M | ETA: 722.5m
  Step   2350/13350 | ELBO Loss:  20.81 | CE: 6.052 | LR: 2.84e-04 |   0.3 st/s |    33,416 tok/s | Metal Unified GPU: 0.69GB (Peak: 5.66GB) | Swap: 1967.19M | ETA: 719.1m
  Step   2400/13350 | ELBO Loss:  20.81 | CE: 6.039 | LR: 2.83e-04 |   0.3 st/s |    33,419 tok/s | Metal Unified GPU: 0.69GB (Peak: 5.66GB) | Swap: 1967.19M | ETA: 715.8m
  Step   2450/13350 | ELBO Loss:  22.18 | CE: 6.231 | LR: 2.82e-04 |   0.3 st/s |    33,422 tok/s | Metal Unified GPU: 0.69GB (Peak: 5.66GB) | Swap: 1967.19M | ETA: 712.5m
  Step   2500/13350 | ELBO Loss:  21.27 | CE: 6.116 | LR: 2.82e-04 |   0.3 st/s |    33,424 tok/s | Metal Unified GPU: 0.69GB (Peak: 5.66GB) | Swap: 1967.19M | ETA: 709.1m
  Step   2550/13350 | ELBO Loss:  22.16 | CE: 6.406 | LR: 2.81e-04 |   0.3 st/s |    33,427 tok/s | Metal Unified GPU: 0.69GB (Peak: 5.66GB) | Swap: 1967.19M | ETA: 705.8m
  Step   2600/13350 | ELBO Loss:  20.88 | CE: 6.046 | LR: 2.80e-04 |   0.3 st/s |    33,428 tok/s | Metal Unified GPU: 0.69GB (Peak: 5.66GB) | Swap: 1967.19M | ETA: 702.5m
  Step   2650/13350 | ELBO Loss:  21.20 | CE: 6.249 | LR: 2.79e-04 |   0.3 st/s |    33,428 tok/s | Metal Unified GPU: 0.69GB (Peak: 5.66GB) | Swap: 1967.19M | ETA: 699.2m
  Step   2700/13350 | ELBO Loss:  20.38 | CE: 5.989 | LR: 2.78e-04 |   0.3 st/s |    33,430 tok/s | Metal Unified GPU: 0.69GB (Peak: 5.66GB) | Swap: 1967.19M | ETA: 695.9m
  Step   2750/13350 | ELBO Loss:  21.56 | CE: 6.171 | LR: 2.77e-04 |   0.3 st/s |    33,431 tok/s | Metal Unified GPU: 0.69GB (Peak: 5.66GB) | Swap: 1967.19M | ETA: 692.6m
  Step   2800/13350 | ELBO Loss:  21.37 | CE: 6.159 | LR: 2.76e-04 |   0.3 st/s |    33,432 tok/s | Metal Unified GPU: 0.69GB (Peak: 5.66GB) | Swap: 1967.19M | ETA: 689.4m
  Step   2850/13350 | ELBO Loss:  21.65 | CE: 6.154 | LR: 2.75e-04 |   0.3 st/s |    33,431 tok/s | Metal Unified GPU: 0.69GB (Peak: 5.66GB) | Swap: 1967.19M | ETA: 686.1m
  Step   2900/13350 | ELBO Loss:  21.21 | CE: 6.124 | LR: 2.74e-04 |   0.3 st/s |    33,432 tok/s | Metal Unified GPU: 0.69GB (Peak: 5.66GB) | Swap: 1967.19M | ETA: 682.8m
  Step   2950/13350 | ELBO Loss:  20.60 | CE: 5.991 | LR: 2.73e-04 |   0.3 st/s |    33,433 tok/s | Metal Unified GPU: 0.69GB (Peak: 5.66GB) | Swap: 1967.19M | ETA: 679.5m
  Step   3000/13350 | ELBO Loss:  20.81 | CE: 5.960 | LR: 2.72e-04 |   0.3 st/s |    33,435 tok/s | Metal Unified GPU: 0.69GB (Peak: 5.66GB) | Swap: 1967.19M | ETA: 676.2m
  Step   3050/13350 | ELBO Loss:  20.25 | CE: 6.006 | LR: 2.71e-04 |   0.3 st/s |    33,436 tok/s | Metal Unified GPU: 0.69GB (Peak: 5.66GB) | Swap: 1967.19M | ETA: 672.9m
  Step   3100/13350 | ELBO Loss:  21.49 | CE: 6.158 | LR: 2.70e-04 |   0.3 st/s |    33,438 tok/s | Metal Unified GPU: 0.69GB (Peak: 5.66GB) | Swap: 1967.19M | ETA: 669.6m
  Step   3150/13350 | ELBO Loss:  21.57 | CE: 6.153 | LR: 2.69e-04 |   0.3 st/s |    33,440 tok/s | Metal Unified GPU: 0.69GB (Peak: 5.66GB) | Swap: 1967.19M | ETA: 666.3m
  Step   3200/13350 | ELBO Loss:  21.62 | CE: 6.205 | LR: 2.68e-04 |   0.3 st/s |    33,442 tok/s | Metal Unified GPU: 0.69GB (Peak: 5.66GB) | Swap: 1967.19M | ETA: 663.0m
  Step   3250/13350 | ELBO Loss:  20.80 | CE: 6.009 | LR: 2.67e-04 |   0.3 st/s |    33,444 tok/s | Metal Unified GPU: 0.69GB (Peak: 5.66GB) | Swap: 1967.19M | ETA: 659.7m
  Step   3300/13350 | ELBO Loss:  20.96 | CE: 6.055 | LR: 2.66e-04 |   0.3 st/s |    33,447 tok/s | Metal Unified GPU: 0.69GB (Peak: 5.66GB) | Swap: 1967.19M | ETA: 656.4m
  Step   3350/13350 | ELBO Loss:  20.73 | CE: 6.079 | LR: 2.65e-04 |   0.3 st/s |    33,449 tok/s | Metal Unified GPU: 0.69GB (Peak: 5.66GB) | Swap: 1967.19M | ETA: 653.1m
  Step   3400/13350 | ELBO Loss:  21.16 | CE: 6.040 | LR: 2.64e-04 |   0.3 st/s |    33,451 tok/s | Metal Unified GPU: 0.69GB (Peak: 5.66GB) | Swap: 1967.19M | ETA: 649.8m
  Step   3450/13350 | ELBO Loss:  21.38 | CE: 6.132 | LR: 2.63e-04 |   0.3 st/s |    33,453 tok/s | Metal Unified GPU: 0.69GB (Peak: 5.66GB) | Swap: 1967.19M | ETA: 646.5m
  Step   3500/13350 | ELBO Loss:  20.59 | CE: 6.000 | LR: 2.62e-04 |   0.3 st/s |    33,455 tok/s | Metal Unified GPU: 0.69GB (Peak: 5.66GB) | Swap: 1967.19M | ETA: 643.2m
  Step   3550/13350 | ELBO Loss:  20.38 | CE: 5.982 | LR: 2.61e-04 |   0.3 st/s |    33,458 tok/s | Metal Unified GPU: 0.69GB (Peak: 5.66GB) | Swap: 1967.19M | ETA: 639.9m
  Step   3600/13350 | ELBO Loss:  20.96 | CE: 6.038 | LR: 2.60e-04 |   0.3 st/s |    33,460 tok/s | Metal Unified GPU: 0.69GB (Peak: 5.66GB) | Swap: 1967.19M | ETA: 636.6m
  Step   3650/13350 | ELBO Loss:  20.94 | CE: 6.085 | LR: 2.58e-04 |   0.3 st/s |    33,462 tok/s | Metal Unified GPU: 0.69GB (Peak: 5.66GB) | Swap: 1967.19M | ETA: 633.3m
  Step   3700/13350 | ELBO Loss:  20.60 | CE: 5.894 | LR: 2.57e-04 |   0.3 st/s |    33,464 tok/s | Metal Unified GPU: 0.69GB (Peak: 5.66GB) | Swap: 1967.19M | ETA: 630.0m
  Step   3750/13350 | ELBO Loss:  20.83 | CE: 6.036 | LR: 2.56e-04 |   0.3 st/s |    33,466 tok/s | Metal Unified GPU: 0.69GB (Peak: 5.66GB) | Swap: 1967.19M | ETA: 626.7m
  Step   3800/13350 | ELBO Loss:  20.82 | CE: 5.963 | LR: 2.55e-04 |   0.3 st/s |    33,468 tok/s | Metal Unified GPU: 0.69GB (Peak: 5.66GB) | Swap: 1967.19M | ETA: 623.4m
  Step   3850/13350 | ELBO Loss:  21.57 | CE: 6.308 | LR: 2.54e-04 |   0.3 st/s |    33,470 tok/s | Metal Unified GPU: 0.69GB (Peak: 5.66GB) | Swap: 1967.19M | ETA: 620.1m
  Step   3900/13350 | ELBO Loss:  21.76 | CE: 6.162 | LR: 2.52e-04 |   0.3 st/s |    33,472 tok/s | Metal Unified GPU: 0.69GB (Peak: 5.66GB) | Swap: 1967.19M | ETA: 616.8m
  Step   3950/13350 | ELBO Loss:  21.10 | CE: 6.064 | LR: 2.51e-04 |   0.3 st/s |    33,474 tok/s | Metal Unified GPU: 0.69GB (Peak: 5.66GB) | Swap: 1967.19M | ETA: 613.5m
  Step   4000/13350 | ELBO Loss:  20.12 | CE: 5.899 | LR: 2.50e-04 |   0.3 st/s |    33,475 tok/s | Metal Unified GPU: 0.69GB (Peak: 5.66GB) | Swap: 1967.19M | ETA: 610.2m
  Step   4050/13350 | ELBO Loss:  21.01 | CE: 6.127 | LR: 2.49e-04 |   0.3 st/s |    33,477 tok/s | Metal Unified GPU: 0.69GB (Peak: 5.66GB) | Swap: 1967.19M | ETA: 606.9m
  Step   4100/13350 | ELBO Loss:  20.96 | CE: 6.108 | LR: 2.47e-04 |   0.3 st/s |    33,479 tok/s | Metal Unified GPU: 0.69GB (Peak: 5.66GB) | Swap: 1967.19M | ETA: 603.6m
  Step   4150/13350 | ELBO Loss:  20.76 | CE: 6.015 | LR: 2.46e-04 |   0.3 st/s |    33,480 tok/s | Metal Unified GPU: 0.69GB (Peak: 5.66GB) | Swap: 1967.19M | ETA: 600.3m
  Step   4200/13350 | ELBO Loss:  19.01 | CE: 5.885 | LR: 2.45e-04 |   0.3 st/s |    33,481 tok/s | Metal Unified GPU: 0.69GB (Peak: 5.66GB) | Swap: 1967.19M | ETA: 597.0m
  Step   4250/13350 | ELBO Loss:  20.43 | CE: 6.069 | LR: 2.43e-04 |   0.3 st/s |    33,482 tok/s | Metal Unified GPU: 0.69GB (Peak: 5.66GB) | Swap: 1967.19M | ETA: 593.7m
  Step   4300/13350 | ELBO Loss:  21.05 | CE: 6.111 | LR: 2.42e-04 |   0.3 st/s |    33,483 tok/s | Metal Unified GPU: 0.69GB (Peak: 5.66GB) | Swap: 1967.19M | ETA: 590.4m
  Step   4350/13350 | ELBO Loss:  20.83 | CE: 6.030 | LR: 2.41e-04 |   0.3 st/s |    33,485 tok/s | Metal Unified GPU: 0.69GB (Peak: 5.66GB) | Swap: 1967.19M | ETA: 587.2m
  Step   4400/13350 | ELBO Loss:  19.99 | CE: 5.974 | LR: 2.39e-04 |   0.3 st/s |    33,486 tok/s | Metal Unified GPU: 0.69GB (Peak: 5.66GB) | Swap: 1967.19M | ETA: 583.9m
  Step   4450/13350 | ELBO Loss:  20.79 | CE: 6.077 | LR: 2.38e-04 |   0.3 st/s |    33,487 tok/s | Metal Unified GPU: 0.69GB (Peak: 5.66GB) | Swap: 1967.19M | ETA: 580.6m
  Step   4500/13350 | ELBO Loss:  20.27 | CE: 6.020 | LR: 2.37e-04 |   0.3 st/s |    33,488 tok/s | Metal Unified GPU: 0.69GB (Peak: 5.66GB) | Swap: 1967.19M | ETA: 577.3m
  Step   4550/13350 | ELBO Loss:  19.83 | CE: 5.816 | LR: 2.35e-04 |   0.3 st/s |    33,488 tok/s | Metal Unified GPU: 0.69GB (Peak: 5.66GB) | Swap: 1967.19M | ETA: 574.0m
  Step   4600/13350 | ELBO Loss:  20.27 | CE: 5.968 | LR: 2.34e-04 |   0.3 st/s |    33,489 tok/s | Metal Unified GPU: 0.69GB (Peak: 5.66GB) | Swap: 1967.19M | ETA: 570.8m
  Step   4650/13350 | ELBO Loss:  21.17 | CE: 6.126 | LR: 2.32e-04 |   0.3 st/s |    33,490 tok/s | Metal Unified GPU: 0.69GB (Peak: 5.66GB) | Swap: 1967.19M | ETA: 567.5m
  Step   4700/13350 | ELBO Loss:  20.90 | CE: 6.070 | LR: 2.31e-04 |   0.3 st/s |    33,491 tok/s | Metal Unified GPU: 0.69GB (Peak: 5.66GB) | Swap: 1967.19M | ETA: 564.2m
  Step   4750/13350 | ELBO Loss:  20.34 | CE: 5.905 | LR: 2.30e-04 |   0.3 st/s |    33,492 tok/s | Metal Unified GPU: 0.69GB (Peak: 5.66GB) | Swap: 1967.19M | ETA: 560.9m
  Step   4800/13350 | ELBO Loss:  21.07 | CE: 6.076 | LR: 2.28e-04 |   0.3 st/s |    33,493 tok/s | Metal Unified GPU: 0.69GB (Peak: 5.66GB) | Swap: 1967.19M | ETA: 557.7m
  Step   4850/13350 | ELBO Loss:  20.36 | CE: 5.864 | LR: 2.27e-04 |   0.3 st/s |    33,495 tok/s | Metal Unified GPU: 0.69GB (Peak: 5.66GB) | Swap: 1967.19M | ETA: 554.4m
  Step   4900/13350 | ELBO Loss:  20.77 | CE: 6.112 | LR: 2.25e-04 |   0.3 st/s |    33,495 tok/s | Metal Unified GPU: 0.69GB (Peak: 5.66GB) | Swap: 1967.19M | ETA: 551.1m
  Step   4950/13350 | ELBO Loss:  20.14 | CE: 5.977 | LR: 2.24e-04 |   0.3 st/s |    33,497 tok/s | Metal Unified GPU: 0.69GB (Peak: 5.66GB) | Swap: 1967.19M | ETA: 547.8m
  Step   5000/13350 | ELBO Loss:  21.05 | CE: 6.044 | LR: 2.22e-04 |   0.3 st/s |    33,494 tok/s | Metal Unified GPU: 0.69GB (Peak: 5.66GB) | Swap: 1967.19M | ETA: 544.6m
  Step   5050/13350 | ELBO Loss:  20.29 | CE: 6.003 | LR: 2.21e-04 |   0.3 st/s |    33,495 tok/s | Metal Unified GPU: 0.69GB (Peak: 5.66GB) | Swap: 1967.19M | ETA: 541.3m
  Step   5050/13350 | ELBO Loss:  13.21 | CE: 6.162 | LR: 2.21e-04 |  27.1 st/s | 3,552,206 tok/s | Metal Unified GPU: 0.69GB (Peak: 4.38GB) | Swap: 5067.25M | ETA:  5.1m
  Step   5100/13350 | ELBO Loss:  13.10 | CE: 6.126 | LR: 2.19e-04 |  13.4 st/s | 1,751,565 tok/s | Metal Unified GPU: 0.69GB (Peak: 4.38GB) | Swap: 5051.25M | ETA: 10.3m
  Step   5150/13350 | ELBO Loss:  13.30 | CE: 6.242 | LR: 2.18e-04 |   8.9 st/s | 1,163,790 tok/s | Metal Unified GPU: 0.69GB (Peak: 4.39GB) | Swap: 5043.25M | ETA: 15.4m
  Step   5200/13350 | ELBO Loss:  13.32 | CE: 6.203 | LR: 2.16e-04 |   6.7 st/s |   877,767 tok/s | Metal Unified GPU: 0.69GB (Peak: 4.39GB) | Swap: 5043.25M | ETA: 20.3m
  Step   5250/13350 | ELBO Loss:  13.71 | CE: 6.456 | LR: 2.15e-04 |   5.4 st/s |   707,182 tok/s | Metal Unified GPU: 0.69GB (Peak: 4.39GB) | Swap: 5043.25M | ETA: 25.0m
  Step   5300/13350 | ELBO Loss:  13.14 | CE: 6.148 | LR: 2.13e-04 |   4.5 st/s |   593,677 tok/s | Metal Unified GPU: 0.69GB (Peak: 4.39GB) | Swap: 5043.25M | ETA: 29.6m
  Step   5350/13350 | ELBO Loss:  12.75 | CE: 5.976 | LR: 2.12e-04 |   3.9 st/s |   513,211 tok/s | Metal Unified GPU: 0.69GB (Peak: 4.39GB) | Swap: 5043.25M | ETA: 34.1m
  Step   5400/13350 | ELBO Loss:  13.05 | CE: 6.098 | LR: 2.10e-04 |   3.5 st/s |   453,062 tok/s | Metal Unified GPU: 0.69GB (Peak: 4.39GB) | Swap: 5035.25M | ETA: 38.3m
  Step   5450/13350 | ELBO Loss:  12.80 | CE: 5.987 | LR: 2.09e-04 |   3.1 st/s |   406,389 tok/s | Metal Unified GPU: 0.69GB (Peak: 4.39GB) | Swap: 5035.25M | ETA: 42.5m
  Step   5500/13350 | ELBO Loss:  12.82 | CE: 6.021 | LR: 2.07e-04 |   2.8 st/s |   369,025 tok/s | Metal Unified GPU: 0.69GB (Peak: 4.45GB) | Swap: 5027.25M | ETA: 46.5m
  Step   5550/13350 | ELBO Loss:  12.50 | CE: 5.870 | LR: 2.06e-04 |   2.6 st/s |   338,430 tok/s | Metal Unified GPU: 0.69GB (Peak: 4.45GB) | Swap: 5011.25M | ETA: 50.3m
  Step   5600/13350 | ELBO Loss:  12.47 | CE: 5.883 | LR: 2.04e-04 |   2.4 st/s |   312,935 tok/s | Metal Unified GPU: 0.69GB (Peak: 4.45GB) | Swap: 5011.25M | ETA: 54.1m
  Step   5650/13350 | ELBO Loss:  12.94 | CE: 6.055 | LR: 2.03e-04 |   2.2 st/s |   291,386 tok/s | Metal Unified GPU: 0.69GB (Peak: 4.45GB) | Swap: 5003.25M | ETA: 57.7m
  Step   5700/13350 | ELBO Loss:  12.94 | CE: 6.064 | LR: 2.01e-04 |   2.1 st/s |   272,964 tok/s | Metal Unified GPU: 0.69GB (Peak: 4.45GB) | Swap: 5003.25M | ETA: 61.2m
  Step   5750/13350 | ELBO Loss:  12.62 | CE: 5.910 | LR: 2.00e-04 |   2.0 st/s |   257,005 tok/s | Metal Unified GPU: 0.69GB (Peak: 4.45GB) | Swap: 5003.25M | ETA: 64.6m
  Step   5800/13350 | ELBO Loss:  12.76 | CE: 5.978 | LR: 1.98e-04 |   1.9 st/s |   243,065 tok/s | Metal Unified GPU: 0.69GB (Peak: 4.45GB) | Swap: 5003.25M | ETA: 67.9m
  Step   5850/13350 | ELBO Loss:  13.07 | CE: 6.087 | LR: 1.96e-04 |   1.8 st/s |   230,682 tok/s | Metal Unified GPU: 0.69GB (Peak: 4.45GB) | Swap: 4979.25M | ETA: 71.0m
  Step   5900/13350 | ELBO Loss:  12.44 | CE: 5.832 | LR: 1.95e-04 |   1.7 st/s |   219,596 tok/s | Metal Unified GPU: 0.69GB (Peak: 4.45GB) | Swap: 4971.25M | ETA: 74.1m
  Step   5950/13350 | ELBO Loss:  12.53 | CE: 5.890 | LR: 1.93e-04 |   1.6 st/s |   209,676 tok/s | Metal Unified GPU: 0.69GB (Peak: 4.45GB) | Swap: 4971.25M | ETA: 77.1m
  Step   6000/13350 | ELBO Loss:  12.71 | CE: 5.958 | LR: 1.92e-04 |   1.5 st/s |   200,781 tok/s | Metal Unified GPU: 0.69GB (Peak: 4.45GB) | Swap: 4971.25M | ETA: 80.0m
  Step   6050/13350 | ELBO Loss:  12.55 | CE: 5.921 | LR: 1.90e-04 |   1.5 st/s |   192,761 tok/s | Metal Unified GPU: 0.69GB (Peak: 4.45GB) | Swap: 4971.25M | ETA: 82.7m
  Step   6100/13350 | ELBO Loss:  12.76 | CE: 5.940 | LR: 1.88e-04 |   1.4 st/s |   185,492 tok/s | Metal Unified GPU: 0.69GB (Peak: 4.45GB) | Swap: 4971.25M | ETA: 85.4m
  Step   6150/13350 | ELBO Loss:  12.60 | CE: 5.904 | LR: 1.87e-04 |   1.4 st/s |   178,857 tok/s | Metal Unified GPU: 0.69GB (Peak: 4.45GB) | Swap: 4915.25M | ETA: 87.9m
  Step   6200/13350 | ELBO Loss:  12.59 | CE: 5.892 | LR: 1.85e-04 |   1.3 st/s |   172,779 tok/s | Metal Unified GPU: 0.69GB (Peak: 4.45GB) | Swap: 4915.25M | ETA: 90.4m
  Step   6250/13350 | ELBO Loss:  12.88 | CE: 6.029 | LR: 1.84e-04 |   1.3 st/s |   167,188 tok/s | Metal Unified GPU: 0.69GB (Peak: 4.45GB) | Swap: 4915.25M | ETA: 92.8m
  Step   6300/13350 | ELBO Loss:  12.50 | CE: 5.836 | LR: 1.82e-04 |   1.2 st/s |   162,024 tok/s | Metal Unified GPU: 0.69GB (Peak: 4.45GB) | Swap: 4915.25M | ETA: 95.1m
  Step   6350/13350 | ELBO Loss:  13.04 | CE: 6.044 | LR: 1.80e-04 |   1.2 st/s |   157,245 tok/s | Metal Unified GPU: 0.69GB (Peak: 4.45GB) | Swap: 4915.25M | ETA: 97.2m
  Step   6400/13350 | ELBO Loss:  12.62 | CE: 5.916 | LR: 1.79e-04 |   1.2 st/s |   152,821 tok/s | Metal Unified GPU: 0.69GB (Peak: 4.45GB) | Swap: 4907.25M | ETA: 99.3m
  Step   6450/13350 | ELBO Loss:  12.69 | CE: 5.954 | LR: 1.77e-04 |   1.1 st/s |   148,696 tok/s | Metal Unified GPU: 0.69GB (Peak: 4.45GB) | Swap: 4907.25M | ETA: 101.4m
  Step   6500/13350 | ELBO Loss:  12.40 | CE: 5.800 | LR: 1.76e-04 |   1.1 st/s |   144,845 tok/s | Metal Unified GPU: 0.69GB (Peak: 4.45GB) | Swap: 4907.25M | ETA: 103.3m
  Step   6550/13350 | ELBO Loss:  12.45 | CE: 5.822 | LR: 1.74e-04 |   1.1 st/s |   141,246 tok/s | Metal Unified GPU: 0.69GB (Peak: 4.45GB) | Swap: 4907.25M | ETA: 105.2m
  Step   6600/13350 | ELBO Loss:  12.46 | CE: 5.821 | LR: 1.72e-04 |   1.1 st/s |   137,872 tok/s | Metal Unified GPU: 0.69GB (Peak: 4.45GB) | Swap: 4907.25M | ETA: 107.0m
  Step   6650/13350 | ELBO Loss:  12.37 | CE: 5.829 | LR: 1.71e-04 |   1.0 st/s |   134,695 tok/s | Metal Unified GPU: 0.69GB (Peak: 4.45GB) | Swap: 4899.25M | ETA: 108.7m
  Step   6700/13350 | ELBO Loss:  12.53 | CE: 5.861 | LR: 1.69e-04 |   1.0 st/s |   131,712 tok/s | Metal Unified GPU: 0.69GB (Peak: 4.45GB) | Swap: 4899.25M | ETA: 110.3m
  Step   6750/13350 | ELBO Loss:  12.37 | CE: 5.767 | LR: 1.67e-04 |   1.0 st/s |   128,900 tok/s | Metal Unified GPU: 0.69GB (Peak: 4.45GB) | Swap: 4899.25M | ETA: 111.9m
  Step   6800/13350 | ELBO Loss:  12.27 | CE: 5.729 | LR: 1.66e-04 |   1.0 st/s |   126,242 tok/s | Metal Unified GPU: 0.69GB (Peak: 4.45GB) | Swap: 4899.25M | ETA: 113.3m
  Step   6850/13350 | ELBO Loss:  12.35 | CE: 5.786 | LR: 1.64e-04 |   0.9 st/s |   123,727 tok/s | Metal Unified GPU: 0.69GB (Peak: 4.45GB) | Swap: 4899.25M | ETA: 114.8m
  Step   6900/13350 | ELBO Loss:  12.42 | CE: 5.799 | LR: 1.63e-04 |   0.9 st/s |   121,345 tok/s | Metal Unified GPU: 0.69GB (Peak: 4.45GB) | Swap: 4899.25M | ETA: 116.1m
  Step   6950/13350 | ELBO Loss:  12.61 | CE: 5.921 | LR: 1.61e-04 |   0.9 st/s |   119,082 tok/s | Metal Unified GPU: 0.69GB (Peak: 4.45GB) | Swap: 4891.25M | ETA: 117.4m
  Step   7000/13350 | ELBO Loss:  12.08 | CE: 5.679 | LR: 1.59e-04 |   0.9 st/s |   116,932 tok/s | Metal Unified GPU: 0.69GB (Peak: 4.45GB) | Swap: 4891.25M | ETA: 118.6m
  Step   7050/13350 | ELBO Loss:  12.33 | CE: 5.757 | LR: 1.58e-04 |   0.9 st/s |   114,887 tok/s | Metal Unified GPU: 0.69GB (Peak: 4.45GB) | Swap: 4891.25M | ETA: 119.8m
  Step   7100/13350 | ELBO Loss:  12.51 | CE: 5.861 | LR: 1.56e-04 |   0.9 st/s |   112,934 tok/s | Metal Unified GPU: 0.69GB (Peak: 4.45GB) | Swap: 4891.25M | ETA: 120.9m
  Step   7150/13350 | ELBO Loss:  12.48 | CE: 5.843 | LR: 1.54e-04 |   0.8 st/s |   111,078 tok/s | Metal Unified GPU: 0.69GB (Peak: 4.45GB) | Swap: 4891.25M | ETA: 121.9m
  Step   7200/13350 | ELBO Loss:  11.99 | CE: 5.630 | LR: 1.53e-04 |   0.8 st/s |   109,308 tok/s | Metal Unified GPU: 0.69GB (Peak: 4.45GB) | Swap: 4891.25M | ETA: 122.9m
  Step   7250/13350 | ELBO Loss:  12.28 | CE: 5.767 | LR: 1.51e-04 |   0.8 st/s |   107,616 tok/s | Metal Unified GPU: 0.69GB (Peak: 4.45GB) | Swap: 4699.25M | ETA: 123.8m
  Step   7300/13350 | ELBO Loss:  12.51 | CE: 5.870 | LR: 1.50e-04 |   0.8 st/s |   105,998 tok/s | Metal Unified GPU: 0.69GB (Peak: 4.45GB) | Swap: 4691.25M | ETA: 124.7m
  Step   7350/13350 | ELBO Loss:  12.23 | CE: 5.757 | LR: 1.48e-04 |   0.8 st/s |   104,452 tok/s | Metal Unified GPU: 0.69GB (Peak: 4.45GB) | Swap: 4683.25M | ETA: 125.5m
  Step   7400/13350 | ELBO Loss:  12.51 | CE: 5.859 | LR: 1.46e-04 |   0.8 st/s |   102,970 tok/s | Metal Unified GPU: 0.69GB (Peak: 4.45GB) | Swap: 4675.25M | ETA: 126.2m
  Step   7450/13350 | ELBO Loss:  12.31 | CE: 5.813 | LR: 1.45e-04 |   0.8 st/s |   101,549 tok/s | Metal Unified GPU: 0.69GB (Peak: 4.45GB) | Swap: 4675.25M | ETA: 126.9m
  Step   7500/13350 | ELBO Loss:  12.69 | CE: 5.922 | LR: 1.43e-04 |   0.8 st/s |   100,186 tok/s | Metal Unified GPU: 0.69GB (Peak: 4.45GB) | Swap: 4675.25M | ETA: 127.6m
  Step   7550/13350 | ELBO Loss:  12.49 | CE: 5.822 | LR: 1.42e-04 |   0.8 st/s |    98,874 tok/s | Metal Unified GPU: 0.69GB (Peak: 4.45GB) | Swap: 4675.25M | ETA: 128.1m
  Step   7600/13350 | ELBO Loss:  12.50 | CE: 5.865 | LR: 1.40e-04 |   0.7 st/s |    97,615 tok/s | Metal Unified GPU: 0.69GB (Peak: 4.45GB) | Swap: 4675.25M | ETA: 128.7m
  Step   7650/13350 | ELBO Loss:  12.41 | CE: 5.834 | LR: 1.38e-04 |   0.7 st/s |    96,402 tok/s | Metal Unified GPU: 0.69GB (Peak: 4.45GB) | Swap: 4675.25M | ETA: 129.2m
  Step   7700/13350 | ELBO Loss:  12.51 | CE: 5.848 | LR: 1.37e-04 |   0.7 st/s |    95,234 tok/s | Metal Unified GPU: 0.69GB (Peak: 4.45GB) | Swap: 4675.25M | ETA: 129.6m
  Step   7750/13350 | ELBO Loss:  12.34 | CE: 5.826 | LR: 1.35e-04 |   0.7 st/s |    94,109 tok/s | Metal Unified GPU: 0.69GB (Peak: 4.45GB) | Swap: 4675.25M | ETA: 130.0m
  Step   7800/13350 | ELBO Loss:  12.28 | CE: 5.739 | LR: 1.34e-04 |   0.7 st/s |    93,024 tok/s | Metal Unified GPU: 0.69GB (Peak: 4.45GB) | Swap: 4675.25M | ETA: 130.3m
  Step   7850/13350 | ELBO Loss:  12.41 | CE: 5.793 | LR: 1.32e-04 |   0.7 st/s |    91,977 tok/s | Metal Unified GPU: 0.69GB (Peak: 4.45GB) | Swap: 4675.25M | ETA: 130.6m
  Step   7900/13350 | ELBO Loss:  12.30 | CE: 5.778 | LR: 1.30e-04 |   0.7 st/s |    90,967 tok/s | Metal Unified GPU: 0.69GB (Peak: 4.45GB) | Swap: 4675.25M | ETA: 130.9m
  Step   7950/13350 | ELBO Loss:  12.27 | CE: 5.762 | LR: 1.29e-04 |   0.7 st/s |    89,991 tok/s | Metal Unified GPU: 0.69GB (Peak: 4.45GB) | Swap: 4675.25M | ETA: 131.1m
  Step   8000/13350 | ELBO Loss:  12.30 | CE: 5.796 | LR: 1.27e-04 |   0.7 st/s |    89,048 tok/s | Metal Unified GPU: 0.69GB (Peak: 4.45GB) | Swap: 4675.25M | ETA: 131.2m
  Step   8050/13350 | ELBO Loss:  12.38 | CE: 5.773 | LR: 1.26e-04 |   0.7 st/s |    88,135 tok/s | Metal Unified GPU: 0.69GB (Peak: 4.45GB) | Swap: 4675.25M | ETA: 131.4m
  Step   8100/13350 | ELBO Loss:  12.76 | CE: 5.962 | LR: 1.24e-04 |   0.7 st/s |    87,252 tok/s | Metal Unified GPU: 0.69GB (Peak: 4.45GB) | Swap: 4667.25M | ETA: 131.4m
  Step   8150/13350 | ELBO Loss:  12.51 | CE: 5.861 | LR: 1.23e-04 |   0.7 st/s |    86,396 tok/s | Metal Unified GPU: 0.69GB (Peak: 4.45GB) | Swap: 4667.25M | ETA: 131.5m
  Step   8200/13350 | ELBO Loss:  12.18 | CE: 5.719 | LR: 1.21e-04 |   0.7 st/s |    85,567 tok/s | Metal Unified GPU: 0.69GB (Peak: 4.45GB) | Swap: 4667.25M | ETA: 131.5m
  Step   8250/13350 | ELBO Loss:  12.55 | CE: 5.858 | LR: 1.20e-04 |   0.6 st/s |    84,764 tok/s | Metal Unified GPU: 0.69GB (Peak: 4.45GB) | Swap: 4667.25M | ETA: 131.4m
  Step   8300/13350 | ELBO Loss:  12.48 | CE: 5.846 | LR: 1.18e-04 |   0.6 st/s |    83,986 tok/s | Metal Unified GPU: 0.69GB (Peak: 4.45GB) | Swap: 4667.25M | ETA: 131.4m
  Step   8350/13350 | ELBO Loss:  12.61 | CE: 5.952 | LR: 1.17e-04 |   0.6 st/s |    83,231 tok/s | Metal Unified GPU: 0.69GB (Peak: 4.45GB) | Swap: 4659.25M | ETA: 131.2m
  Step   8400/13350 | ELBO Loss:  12.33 | CE: 5.790 | LR: 1.15e-04 |   0.6 st/s |    82,499 tok/s | Metal Unified GPU: 0.69GB (Peak: 4.45GB) | Swap: 4659.25M | ETA: 131.1m
  Step   8450/13350 | ELBO Loss:  12.21 | CE: 5.745 | LR: 1.14e-04 |   0.6 st/s |    81,787 tok/s | Metal Unified GPU: 0.69GB (Peak: 4.45GB) | Swap: 4659.25M | ETA: 130.9m
  Step   8500/13350 | ELBO Loss:  12.26 | CE: 5.732 | LR: 1.12e-04 |   0.6 st/s |    81,086 tok/s | Metal Unified GPU: 0.69GB (Peak: 4.45GB) | Swap: 4659.25M | ETA: 130.7m
  Step   8550/13350 | ELBO Loss:  12.21 | CE: 5.723 | LR: 1.11e-04 |   0.6 st/s |    80,414 tok/s | Metal Unified GPU: 0.69GB (Peak: 4.45GB) | Swap: 4659.25M | ETA: 130.4m
  Step   8600/13350 | ELBO Loss:  12.35 | CE: 5.770 | LR: 1.09e-04 |   0.6 st/s |    79,761 tok/s | Metal Unified GPU: 0.69GB (Peak: 4.45GB) | Swap: 4659.25M | ETA: 130.1m
  Step   8650/13350 | ELBO Loss:  12.49 | CE: 5.830 | LR: 1.08e-04 |   0.6 st/s |    79,126 tok/s | Metal Unified GPU: 0.69GB (Peak: 4.45GB) | Swap: 4659.25M | ETA: 129.8m
  Step   8700/13350 | ELBO Loss:  12.74 | CE: 5.976 | LR: 1.06e-04 |   0.6 st/s |    78,508 tok/s | Metal Unified GPU: 0.69GB (Peak: 4.45GB) | Swap: 4659.25M | ETA: 129.4m
  Step   8750/13350 | ELBO Loss:  12.10 | CE: 5.684 | LR: 1.05e-04 |   0.6 st/s |    77,906 tok/s | Metal Unified GPU: 0.69GB (Peak: 4.45GB) | Swap: 4659.25M | ETA: 129.0m
  Step   8800/13350 | ELBO Loss:  12.39 | CE: 5.826 | LR: 1.03e-04 |   0.6 st/s |    77,321 tok/s | Metal Unified GPU: 0.69GB (Peak: 4.45GB) | Swap: 4659.25M | ETA: 128.6m
  Step   8850/13350 | ELBO Loss:  11.95 | CE: 5.618 | LR: 1.02e-04 |   0.6 st/s |    76,749 tok/s | Metal Unified GPU: 0.69GB (Peak: 4.45GB) | Swap: 4659.25M | ETA: 128.1m
  Step   8900/13350 | ELBO Loss:  12.52 | CE: 5.834 | LR: 1.00e-04 |   0.6 st/s |    76,193 tok/s | Metal Unified GPU: 0.69GB (Peak: 4.45GB) | Swap: 4659.25M | ETA: 127.6m
  Step   8950/13350 | ELBO Loss:  12.26 | CE: 5.747 | LR: 9.89e-05 |   0.6 st/s |    75,651 tok/s | Metal Unified GPU: 0.69GB (Peak: 4.45GB) | Swap: 4659.25M | ETA: 127.1m
  Step   9000/13350 | ELBO Loss:  12.17 | CE: 5.701 | LR: 9.75e-05 |   0.6 st/s |    75,122 tok/s | Metal Unified GPU: 0.69GB (Peak: 4.45GB) | Swap: 4659.25M | ETA: 126.5m
  Step   9050/13350 | ELBO Loss:  12.34 | CE: 5.801 | LR: 9.61e-05 |   0.6 st/s |    74,607 tok/s | Metal Unified GPU: 0.69GB (Peak: 4.45GB) | Swap: 4659.25M | ETA: 125.9m
  Step   9100/13350 | ELBO Loss:  12.36 | CE: 5.836 | LR: 9.47e-05 |   0.6 st/s |    74,105 tok/s | Metal Unified GPU: 0.69GB (Peak: 4.45GB) | Swap: 4659.25M | ETA: 125.3m
  Step   9150/13350 | ELBO Loss:  12.12 | CE: 5.742 | LR: 9.33e-05 |   0.6 st/s |    73,614 tok/s | Metal Unified GPU: 0.69GB (Peak: 4.45GB) | Swap: 4651.19M | ETA: 124.6m
  Step   9200/13350 | ELBO Loss:  11.92 | CE: 5.596 | LR: 9.20e-05 |   0.6 st/s |    73,136 tok/s | Metal Unified GPU: 0.69GB (Peak: 4.45GB) | Swap: 4651.19M | ETA: 124.0m
  Step   9250/13350 | ELBO Loss:  12.73 | CE: 5.993 | LR: 9.06e-05 |   0.6 st/s |    72,668 tok/s | Metal Unified GPU: 0.69GB (Peak: 4.45GB) | Swap: 4651.19M | ETA: 123.3m
  Step   9300/13350 | ELBO Loss:  12.13 | CE: 5.718 | LR: 8.92e-05 |   0.6 st/s |    72,212 tok/s | Metal Unified GPU: 0.69GB (Peak: 4.45GB) | Swap: 4643.19M | ETA: 122.5m
  Step   9350/13350 | ELBO Loss:  12.47 | CE: 5.854 | LR: 8.79e-05 |   0.5 st/s |    71,766 tok/s | Metal Unified GPU: 0.69GB (Peak: 4.45GB) | Swap: 4643.19M | ETA: 121.8m
  Step   9400/13350 | ELBO Loss:  12.18 | CE: 5.739 | LR: 8.66e-05 |   0.5 st/s |    71,330 tok/s | Metal Unified GPU: 0.69GB (Peak: 4.45GB) | Swap: 4643.19M | ETA: 121.0m
  Step   9450/13350 | ELBO Loss:  12.26 | CE: 5.762 | LR: 8.53e-05 |   0.5 st/s |    70,904 tok/s | Metal Unified GPU: 0.69GB (Peak: 4.45GB) | Swap: 4643.19M | ETA: 120.2m
  Step   9500/13350 | ELBO Loss:  12.33 | CE: 5.749 | LR: 8.39e-05 |   0.5 st/s |    70,487 tok/s | Metal Unified GPU: 0.69GB (Peak: 4.45GB) | Swap: 4643.19M | ETA: 119.3m
  Step   9550/13350 | ELBO Loss:  12.35 | CE: 5.789 | LR: 8.27e-05 |   0.5 st/s |    70,078 tok/s | Metal Unified GPU: 0.69GB (Peak: 4.45GB) | Swap: 4635.19M | ETA: 118.5m
  Step   9600/13350 | ELBO Loss:  12.35 | CE: 5.750 | LR: 8.14e-05 |   0.5 st/s |    69,679 tok/s | Metal Unified GPU: 0.69GB (Peak: 4.45GB) | Swap: 4635.19M | ETA: 117.6m
  Step   9650/13350 | ELBO Loss:  12.24 | CE: 5.781 | LR: 8.01e-05 |   0.5 st/s |    69,287 tok/s | Metal Unified GPU: 0.69GB (Peak: 4.45GB) | Swap: 4635.19M | ETA: 116.7m
  Step   9700/13350 | ELBO Loss:  12.18 | CE: 5.696 | LR: 7.88e-05 |   0.5 st/s |    68,904 tok/s | Metal Unified GPU: 0.69GB (Peak: 4.45GB) | Swap: 4635.19M | ETA: 115.7m
  Step   9750/13350 | ELBO Loss:  12.25 | CE: 5.739 | LR: 7.76e-05 |   0.5 st/s |    68,528 tok/s | Metal Unified GPU: 0.69GB (Peak: 4.45GB) | Swap: 4635.19M | ETA: 114.8m
  Step   9800/13350 | ELBO Loss:  12.23 | CE: 5.758 | LR: 7.64e-05 |   0.5 st/s |    68,160 tok/s | Metal Unified GPU: 0.69GB (Peak: 4.45GB) | Swap: 4635.19M | ETA: 113.8m
  Step   9850/13350 | ELBO Loss:  12.08 | CE: 5.650 | LR: 7.52e-05 |   0.5 st/s |    67,800 tok/s | Metal Unified GPU: 0.69GB (Peak: 4.45GB) | Swap: 4635.19M | ETA: 112.8m
  Step   9900/13350 | ELBO Loss:  12.15 | CE: 5.733 | LR: 7.39e-05 |   0.5 st/s |    67,446 tok/s | Metal Unified GPU: 0.69GB (Peak: 4.45GB) | Swap: 4635.19M | ETA: 111.7m
  Step   9950/13350 | ELBO Loss:  12.23 | CE: 5.755 | LR: 7.28e-05 |   0.5 st/s |    67,100 tok/s | Metal Unified GPU: 0.69GB (Peak: 4.45GB) | Swap: 4635.19M | ETA: 110.7m
  Step  10000/13350 | ELBO Loss:  12.66 | CE: 5.952 | LR: 7.16e-05 |   0.5 st/s |    66,762 tok/s | Metal Unified GPU: 0.69GB (Peak: 4.45GB) | Swap: 4627.19M | ETA: 109.6m
  Step  10050/13350 | ELBO Loss:  12.34 | CE: 5.794 | LR: 7.04e-05 |   0.5 st/s |    66,432 tok/s | Metal Unified GPU: 0.69GB (Peak: 4.45GB) | Swap: 4619.19M | ETA: 108.5m
  Step  10100/13350 | ELBO Loss:  12.21 | CE: 5.795 | LR: 6.93e-05 |   0.5 st/s |    66,108 tok/s | Metal Unified GPU: 0.69GB (Peak: 4.45GB) | Swap: 4619.19M | ETA: 107.4m
  Step  10050/13350 | ELBO Loss:  28.03 | CE: 5.942 | LR: 7.04e-05 |  35.9 st/s | 4,705,934 tok/s | Metal Unified GPU: 0.69GB (Peak: 4.39GB) | Swap: 2582.50M | ETA:  1.5m
  Step  10100/13350 | ELBO Loss:  27.14 | CE: 5.888 | LR: 6.93e-05 |  17.5 st/s | 2,294,890 tok/s | Metal Unified GPU: 0.69GB (Peak: 4.41GB) | Swap: 2566.50M | ETA:  3.1m
  Step  10150/13350 | ELBO Loss:  26.30 | CE: 5.687 | LR: 6.81e-05 |  12.9 st/s | 1,689,601 tok/s | Metal Unified GPU: 0.69GB (Peak: 4.41GB) | Swap: 2558.50M | ETA:  4.1m
  Step  10200/13350 | ELBO Loss:  27.29 | CE: 5.897 | LR: 6.70e-05 |  10.3 st/s | 1,352,428 tok/s | Metal Unified GPU: 0.69GB (Peak: 4.41GB) | Swap: 2518.50M | ETA:  5.1m
  Step  10250/13350 | ELBO Loss:  26.86 | CE: 5.796 | LR: 6.59e-05 |   8.5 st/s | 1,118,890 tok/s | Metal Unified GPU: 0.69GB (Peak: 4.41GB) | Swap: 2518.50M | ETA:  6.1m
  Step  10300/13350 | ELBO Loss:  26.04 | CE: 5.637 | LR: 6.48e-05 |   7.3 st/s |   962,655 tok/s | Metal Unified GPU: 0.69GB (Peak: 4.41GB) | Swap: 2494.50M | ETA:  6.9m
  Step  10350/13350 | ELBO Loss:  26.08 | CE: 5.734 | LR: 6.37e-05 |   6.4 st/s |   845,163 tok/s | Metal Unified GPU: 0.69GB (Peak: 4.41GB) | Swap: 2494.50M | ETA:  7.8m
  Step  10400/13350 | ELBO Loss:  26.27 | CE: 5.752 | LR: 6.26e-05 |   5.7 st/s |   752,090 tok/s | Metal Unified GPU: 0.69GB (Peak: 4.41GB) | Swap: 2494.50M | ETA:  8.6m
  Step  10450/13350 | ELBO Loss:  25.76 | CE: 5.545 | LR: 6.16e-05 |   5.2 st/s |   679,840 tok/s | Metal Unified GPU: 0.69GB (Peak: 4.41GB) | Swap: 2486.50M | ETA:  9.3m
  Step  10500/13350 | ELBO Loss:  26.81 | CE: 5.736 | LR: 6.05e-05 |   4.7 st/s |   621,120 tok/s | Metal Unified GPU: 0.69GB (Peak: 4.45GB) | Swap: 2486.50M | ETA: 10.0m
  Step  10550/13350 | ELBO Loss:  26.38 | CE: 5.736 | LR: 5.95e-05 |   4.4 st/s |   572,296 tok/s | Metal Unified GPU: 0.69GB (Peak: 4.45GB) | Swap: 2486.50M | ETA: 10.7m
  Step  10600/13350 | ELBO Loss:  27.37 | CE: 5.809 | LR: 5.85e-05 |   4.1 st/s |   531,022 tok/s | Metal Unified GPU: 0.69GB (Peak: 4.45GB) | Swap: 2486.50M | ETA: 11.3m
  Step  10650/13350 | ELBO Loss:  27.25 | CE: 5.848 | LR: 5.75e-05 |   3.8 st/s |   495,617 tok/s | Metal Unified GPU: 0.69GB (Peak: 4.45GB) | Swap: 2486.50M | ETA: 11.9m
  Step  10700/13350 | ELBO Loss:  26.41 | CE: 5.713 | LR: 5.66e-05 |   3.5 st/s |   464,977 tok/s | Metal Unified GPU: 0.69GB (Peak: 4.45GB) | Swap: 2486.50M | ETA: 12.5m
  Step  10750/13350 | ELBO Loss:  27.49 | CE: 5.830 | LR: 5.56e-05 |   3.3 st/s |   438,193 tok/s | Metal Unified GPU: 0.69GB (Peak: 4.45GB) | Swap: 2486.50M | ETA: 13.0m
  Step  10800/13350 | ELBO Loss:  26.97 | CE: 5.827 | LR: 5.46e-05 |   3.2 st/s |   414,336 tok/s | Metal Unified GPU: 0.69GB (Peak: 4.45GB) | Swap: 2478.50M | ETA: 13.4m
  Step  10850/13350 | ELBO Loss:  25.39 | CE: 5.613 | LR: 5.37e-05 |   3.0 st/s |   393,304 tok/s | Metal Unified GPU: 0.69GB (Peak: 4.45GB) | Swap: 2478.50M | ETA: 13.9m
  Step  10900/13350 | ELBO Loss:  27.01 | CE: 5.827 | LR: 5.28e-05 |   2.9 st/s |   374,481 tok/s | Metal Unified GPU: 0.69GB (Peak: 4.45GB) | Swap: 2478.50M | ETA: 14.3m
  Step  10950/13350 | ELBO Loss:  27.19 | CE: 5.837 | LR: 5.19e-05 |   2.7 st/s |   357,525 tok/s | Metal Unified GPU: 0.69GB (Peak: 4.45GB) | Swap: 2478.50M | ETA: 14.7m
  Step  11000/13350 | ELBO Loss:  27.66 | CE: 5.889 | LR: 5.10e-05 |   2.6 st/s |   342,208 tok/s | Metal Unified GPU: 0.69GB (Peak: 4.45GB) | Swap: 2478.50M | ETA: 15.0m
  Step  11050/13350 | ELBO Loss:  25.00 | CE: 5.701 | LR: 5.02e-05 |   2.5 st/s |   328,257 tok/s | Metal Unified GPU: 0.69GB (Peak: 4.45GB) | Swap: 2470.50M | ETA: 15.3m
  Step  11100/13350 | ELBO Loss:  25.33 | CE: 5.626 | LR: 4.93e-05 |   2.4 st/s |   315,525 tok/s | Metal Unified GPU: 0.69GB (Peak: 4.45GB) | Swap: 2470.50M | ETA: 15.6m
  Step  11150/13350 | ELBO Loss:  26.27 | CE: 5.737 | LR: 4.85e-05 |   2.3 st/s |   303,838 tok/s | Metal Unified GPU: 0.69GB (Peak: 4.45GB) | Swap: 2470.50M | ETA: 15.8m
  Step  11200/13350 | ELBO Loss:  26.17 | CE: 5.745 | LR: 4.77e-05 |   2.2 st/s |   293,091 tok/s | Metal Unified GPU: 0.69GB (Peak: 4.45GB) | Swap: 2470.50M | ETA: 16.0m
  Step  11250/13350 | ELBO Loss:  26.59 | CE: 5.763 | LR: 4.69e-05 |   2.2 st/s |   283,149 tok/s | Metal Unified GPU: 0.69GB (Peak: 4.45GB) | Swap: 2462.50M | ETA: 16.2m
  Step  11300/13350 | ELBO Loss:  27.12 | CE: 5.792 | LR: 4.61e-05 |   2.1 st/s |   273,928 tok/s | Metal Unified GPU: 0.69GB (Peak: 4.45GB) | Swap: 2462.50M | ETA: 16.3m
  Step  11350/13350 | ELBO Loss:  26.57 | CE: 5.796 | LR: 4.53e-05 |   2.0 st/s |   265,372 tok/s | Metal Unified GPU: 0.69GB (Peak: 4.45GB) | Swap: 2462.50M | ETA: 16.5m
  Step  11400/13350 | ELBO Loss:  26.51 | CE: 5.762 | LR: 4.46e-05 |   2.0 st/s |   257,414 tok/s | Metal Unified GPU: 0.69GB (Peak: 4.45GB) | Swap: 2462.50M | ETA: 16.5m
  Step  11450/13350 | ELBO Loss:  26.31 | CE: 5.883 | LR: 4.39e-05 |   1.9 st/s |   249,984 tok/s | Metal Unified GPU: 0.69GB (Peak: 4.45GB) | Swap: 2462.50M | ETA: 16.6m
  Step  11500/13350 | ELBO Loss:  25.69 | CE: 5.657 | LR: 4.32e-05 |   1.9 st/s |   243,028 tok/s | Metal Unified GPU: 0.69GB (Peak: 4.45GB) | Swap: 2462.50M | ETA: 16.6m
  Step  11550/13350 | ELBO Loss:  26.17 | CE: 5.652 | LR: 4.25e-05 |   1.8 st/s |   236,499 tok/s | Metal Unified GPU: 0.69GB (Peak: 4.45GB) | Swap: 2454.50M | ETA: 16.6m
  Step  11600/13350 | ELBO Loss:  26.36 | CE: 5.719 | LR: 4.18e-05 |   1.8 st/s |   230,372 tok/s | Metal Unified GPU: 0.69GB (Peak: 4.45GB) | Swap: 2454.50M | ETA: 16.6m
  Step  11650/13350 | ELBO Loss:  27.52 | CE: 5.985 | LR: 4.11e-05 |   1.7 st/s |   224,602 tok/s | Metal Unified GPU: 0.69GB (Peak: 4.45GB) | Swap: 2454.50M | ETA: 16.5m
  Step  11700/13350 | ELBO Loss:  26.17 | CE: 5.713 | LR: 4.05e-05 |   1.7 st/s |   219,150 tok/s | Metal Unified GPU: 0.69GB (Peak: 4.45GB) | Swap: 2454.50M | ETA: 16.4m
  Step  11750/13350 | ELBO Loss:  27.01 | CE: 5.827 | LR: 3.99e-05 |   1.6 st/s |   214,010 tok/s | Metal Unified GPU: 0.69GB (Peak: 4.45GB) | Swap: 2454.50M | ETA: 16.3m
  Step  11800/13350 | ELBO Loss:  27.35 | CE: 5.869 | LR: 3.93e-05 |   1.6 st/s |   209,146 tok/s | Metal Unified GPU: 0.69GB (Peak: 4.45GB) | Swap: 2454.50M | ETA: 16.2m
  Step  11850/13350 | ELBO Loss:  26.46 | CE: 5.762 | LR: 3.87e-05 |   1.6 st/s |   204,537 tok/s | Metal Unified GPU: 0.69GB (Peak: 4.45GB) | Swap: 2454.50M | ETA: 16.0m
  Step  11900/13350 | ELBO Loss:  25.75 | CE: 5.663 | LR: 3.81e-05 |   1.5 st/s |   200,164 tok/s | Metal Unified GPU: 0.69GB (Peak: 4.45GB) | Swap: 2454.50M | ETA: 15.8m
  Step  11950/13350 | ELBO Loss:  26.84 | CE: 5.779 | LR: 3.76e-05 |   1.5 st/s |   196,014 tok/s | Metal Unified GPU: 0.69GB (Peak: 4.45GB) | Swap: 2454.50M | ETA: 15.6m
  Step  12000/13350 | ELBO Loss:  26.38 | CE: 5.705 | LR: 3.71e-05 |   1.5 st/s |   192,062 tok/s | Metal Unified GPU: 0.69GB (Peak: 4.45GB) | Swap: 2454.50M | ETA: 15.4m
  Step  12050/13350 | ELBO Loss:  26.89 | CE: 5.852 | LR: 3.66e-05 |   1.4 st/s |   188,294 tok/s | Metal Unified GPU: 0.69GB (Peak: 4.45GB) | Swap: 2454.50M | ETA: 15.1m
  Step  12100/13350 | ELBO Loss:  26.45 | CE: 5.716 | LR: 3.61e-05 |   1.4 st/s |   184,700 tok/s | Metal Unified GPU: 0.69GB (Peak: 4.45GB) | Swap: 2454.50M | ETA: 14.8m
  Step  12150/13350 | ELBO Loss:  26.78 | CE: 5.743 | LR: 3.56e-05 |   1.4 st/s |   181,270 tok/s | Metal Unified GPU: 0.69GB (Peak: 4.45GB) | Swap: 2454.50M | ETA: 14.5m
  Step  12200/13350 | ELBO Loss:  26.13 | CE: 5.680 | LR: 3.51e-05 |   1.4 st/s |   177,990 tok/s | Metal Unified GPU: 0.69GB (Peak: 4.45GB) | Swap: 2454.50M | ETA: 14.1m
  Step  12250/13350 | ELBO Loss:  25.73 | CE: 5.682 | LR: 3.47e-05 |   1.3 st/s |   174,852 tok/s | Metal Unified GPU: 0.69GB (Peak: 4.45GB) | Swap: 2454.50M | ETA: 13.7m
  Step  12300/13350 | ELBO Loss:  27.57 | CE: 5.920 | LR: 3.43e-05 |   1.3 st/s |   171,846 tok/s | Metal Unified GPU: 0.69GB (Peak: 4.45GB) | Swap: 2454.50M | ETA: 13.3m
  Step  12350/13350 | ELBO Loss:  26.91 | CE: 5.806 | LR: 3.39e-05 |   1.3 st/s |   168,967 tok/s | Metal Unified GPU: 0.69GB (Peak: 4.45GB) | Swap: 2454.50M | ETA: 12.9m
  Step  12400/13350 | ELBO Loss:  26.63 | CE: 5.698 | LR: 3.35e-05 |   1.3 st/s |   166,203 tok/s | Metal Unified GPU: 0.69GB (Peak: 4.45GB) | Swap: 2454.50M | ETA: 12.5m
  Step  12450/13350 | ELBO Loss:  27.87 | CE: 5.964 | LR: 3.32e-05 |   1.2 st/s |   163,549 tok/s | Metal Unified GPU: 0.69GB (Peak: 4.45GB) | Swap: 2454.50M | ETA: 12.0m
  Step  12500/13350 | ELBO Loss:  27.14 | CE: 5.828 | LR: 3.28e-05 |   1.2 st/s |   161,006 tok/s | Metal Unified GPU: 0.69GB (Peak: 4.45GB) | Swap: 2454.50M | ETA: 11.5m
  Step  12550/13350 | ELBO Loss:  26.01 | CE: 5.791 | LR: 3.25e-05 |   1.2 st/s |   158,557 tok/s | Metal Unified GPU: 0.69GB (Peak: 4.45GB) | Swap: 2454.50M | ETA: 11.0m
  Step  12600/13350 | ELBO Loss:  26.20 | CE: 5.718 | LR: 3.22e-05 |   1.2 st/s |   156,203 tok/s | Metal Unified GPU: 0.69GB (Peak: 4.45GB) | Swap: 2454.50M | ETA: 10.5m
  Step  12650/13350 | ELBO Loss:  27.16 | CE: 5.881 | LR: 3.19e-05 |   1.2 st/s |   153,935 tok/s | Metal Unified GPU: 0.69GB (Peak: 4.45GB) | Swap: 2454.50M | ETA:  9.9m
  Step  12700/13350 | ELBO Loss:  25.89 | CE: 5.653 | LR: 3.16e-05 |   1.2 st/s |   151,745 tok/s | Metal Unified GPU: 0.69GB (Peak: 4.45GB) | Swap: 2454.50M | ETA:  9.4m
  Step  12750/13350 | ELBO Loss:  26.73 | CE: 5.761 | LR: 3.14e-05 |   1.1 st/s |   149,634 tok/s | Metal Unified GPU: 0.69GB (Peak: 4.45GB) | Swap: 2454.50M | ETA:  8.8m
  Step  12800/13350 | ELBO Loss:  26.00 | CE: 5.675 | LR: 3.12e-05 |   1.1 st/s |   147,604 tok/s | Metal Unified GPU: 0.69GB (Peak: 4.45GB) | Swap: 2454.50M | ETA:  8.1m
  Step  12850/13350 | ELBO Loss:  26.05 | CE: 5.699 | LR: 3.10e-05 |   1.1 st/s |   145,640 tok/s | Metal Unified GPU: 0.69GB (Peak: 4.45GB) | Swap: 2454.50M | ETA:  7.5m
  Step  12900/13350 | ELBO Loss:  26.37 | CE: 5.733 | LR: 3.08e-05 |   1.1 st/s |   143,740 tok/s | Metal Unified GPU: 0.69GB (Peak: 4.45GB) | Swap: 2454.50M | ETA:  6.8m
  Step  12950/13350 | ELBO Loss:  27.14 | CE: 5.813 | LR: 3.06e-05 |   1.1 st/s |   141,904 tok/s | Metal Unified GPU: 0.69GB (Peak: 4.45GB) | Swap: 2454.50M | ETA:  6.2m
  Step  13000/13350 | ELBO Loss:  25.62 | CE: 5.678 | LR: 3.05e-05 |   1.1 st/s |   140,129 tok/s | Metal Unified GPU: 0.69GB (Peak: 4.45GB) | Swap: 2454.50M | ETA:  5.5m
  Step  13050/13350 | ELBO Loss:  27.03 | CE: 5.920 | LR: 3.04e-05 |   1.1 st/s |   138,406 tok/s | Metal Unified GPU: 0.69GB (Peak: 4.45GB) | Swap: 2454.50M | ETA:  4.7m
  Step  13100/13350 | ELBO Loss:  26.13 | CE: 5.683 | LR: 3.02e-05 |   1.0 st/s |   136,741 tok/s | Metal Unified GPU: 0.69GB (Peak: 4.45GB) | Swap: 2454.50M | ETA:  4.0m
  Step  13150/13350 | ELBO Loss:  26.79 | CE: 5.812 | LR: 3.02e-05 |   1.0 st/s |   135,126 tok/s | Metal Unified GPU: 0.69GB (Peak: 4.45GB) | Swap: 2454.50M | ETA:  3.2m
  Step  13200/13350 | ELBO Loss:  26.91 | CE: 5.748 | LR: 3.01e-05 |   1.0 st/s |   133,560 tok/s | Metal Unified GPU: 0.69GB (Peak: 4.45GB) | Swap: 2454.50M | ETA:  2.5m
  Step  13250/13350 | ELBO Loss:  25.76 | CE: 5.684 | LR: 3.00e-05 |   1.0 st/s |   132,043 tok/s | Metal Unified GPU: 0.69GB (Peak: 4.45GB) | Swap: 2454.50M | ETA:  1.7m
  Step  13300/13350 | ELBO Loss:  26.84 | CE: 5.761 | LR: 3.00e-05 |   1.0 st/s |   130,572 tok/s | Metal Unified GPU: 0.69GB (Peak: 4.45GB) | Swap: 2454.50M | ETA:  0.8m
  Step  13350/13350 | ELBO Loss:  26.08 | CE: 5.686 | LR: 3.00e-05 |   1.0 st/s |   129,144 tok/s | Metal Unified GPU: 0.69GB (Peak: 4.45GB) | Swap: 2454.50M | ETA:  0.0m
  Step      1/5722 | ELBO Loss:  21.04 | CE: 9.162 | LR: 2.40e-06 |   0.4 st/s |    55,015 tok/s | Metal Unified GPU: 0.34GB (Peak: 4.45GB) | Swap: 2193.69M | ETA: 227.2m
  Step     50/5722 | ELBO Loss:  14.89 | CE: 6.463 | LR: 6.12e-05 |   0.5 st/s |    59,651 tok/s | Metal Unified GPU: 0.34GB (Peak: 4.45GB) | Swap: 2193.69M | ETA: 207.7m
  Step    100/5722 | ELBO Loss:  15.23 | CE: 6.633 | LR: 1.21e-04 |   0.5 st/s |    60,066 tok/s | Metal Unified GPU: 0.34GB (Peak: 4.45GB) | Swap: 2193.69M | ETA: 204.5m
  Step    150/5722 | ELBO Loss:  14.84 | CE: 6.494 | LR: 1.81e-04 |   0.5 st/s |    60,191 tok/s | Metal Unified GPU: 0.34GB (Peak: 4.45GB) | Swap: 2193.69M | ETA: 202.2m
  Step    200/5722 | ELBO Loss:  14.66 | CE: 6.403 | LR: 2.41e-04 |   0.5 st/s |    60,225 tok/s | Metal Unified GPU: 0.34GB (Peak: 4.45GB) | Swap: 2193.69M | ETA: 200.3m
  Step    250/5722 | ELBO Loss:  14.53 | CE: 6.352 | LR: 3.00e-04 |   0.5 st/s |    60,193 tok/s | Metal Unified GPU: 0.34GB (Peak: 4.45GB) | Swap: 2193.69M | ETA: 198.6m
  Step    300/5722 | ELBO Loss:  14.46 | CE: 6.351 | LR: 3.00e-04 |   0.5 st/s |    60,121 tok/s | Metal Unified GPU: 0.34GB (Peak: 4.45GB) | Swap: 2193.69M | ETA: 197.0m
  Step    350/5722 | ELBO Loss:  14.55 | CE: 6.348 | LR: 3.00e-04 |   0.5 st/s |    60,075 tok/s | Metal Unified GPU: 0.34GB (Peak: 4.45GB) | Swap: 2193.69M | ETA: 195.3m
  Step    400/5722 | ELBO Loss:  14.09 | CE: 6.167 | LR: 2.99e-04 |   0.5 st/s |    60,020 tok/s | Metal Unified GPU: 0.34GB (Peak: 4.45GB) | Swap: 2193.69M | ETA: 193.7m
  Step    450/5722 | ELBO Loss:  14.03 | CE: 6.188 | LR: 2.99e-04 |   0.5 st/s |    59,944 tok/s | Metal Unified GPU: 0.34GB (Peak: 4.45GB) | Swap: 2193.69M | ETA: 192.1m
  Step    500/5722 | ELBO Loss:  14.38 | CE: 6.247 | LR: 2.99e-04 |   0.5 st/s |    59,870 tok/s | Metal Unified GPU: 0.34GB (Peak: 4.45GB) | Swap: 2193.69M | ETA: 190.5m
  Step    550/5722 | ELBO Loss:  14.05 | CE: 6.145 | LR: 2.98e-04 |   0.5 st/s |    59,798 tok/s | Metal Unified GPU: 0.34GB (Peak: 4.45GB) | Swap: 2193.69M | ETA: 188.9m
  Step    600/5722 | ELBO Loss:  13.79 | CE: 6.030 | LR: 2.97e-04 |   0.5 st/s |    59,727 tok/s | Metal Unified GPU: 0.34GB (Peak: 4.45GB) | Swap: 2193.69M | ETA: 187.3m
  Step    650/5722 | ELBO Loss:  14.18 | CE: 6.183 | LR: 2.96e-04 |   0.5 st/s |    59,664 tok/s | Metal Unified GPU: 0.34GB (Peak: 4.45GB) | Swap: 2193.69M | ETA: 185.7m
  Step    700/5722 | ELBO Loss:  13.96 | CE: 6.127 | LR: 2.96e-04 |   0.5 st/s |    59,603 tok/s | Metal Unified GPU: 0.34GB (Peak: 4.45GB) | Swap: 2193.69M | ETA: 184.1m
  Step    750/5722 | ELBO Loss:  14.21 | CE: 6.231 | LR: 2.94e-04 |   0.5 st/s |    59,551 tok/s | Metal Unified GPU: 0.34GB (Peak: 4.45GB) | Swap: 2193.69M | ETA: 182.4m
  Step    800/5722 | ELBO Loss:  14.17 | CE: 6.206 | LR: 2.93e-04 |   0.5 st/s |    59,499 tok/s | Metal Unified GPU: 0.34GB (Peak: 4.45GB) | Swap: 2193.69M | ETA: 180.7m
  Step    850/5722 | ELBO Loss:  13.90 | CE: 6.095 | LR: 2.92e-04 |   0.5 st/s |    59,456 tok/s | Metal Unified GPU: 0.34GB (Peak: 4.45GB) | Swap: 2193.69M | ETA: 179.0m
  Step    900/5722 | ELBO Loss:  13.54 | CE: 5.922 | LR: 2.91e-04 |   0.5 st/s |    59,413 tok/s | Metal Unified GPU: 0.34GB (Peak: 4.45GB) | Swap: 2193.69M | ETA: 177.3m
  Step    950/5722 | ELBO Loss:  13.77 | CE: 6.040 | LR: 2.89e-04 |   0.5 st/s |    59,377 tok/s | Metal Unified GPU: 0.34GB (Peak: 4.45GB) | Swap: 2193.69M | ETA: 175.6m
  Step   1000/5722 | ELBO Loss:  13.86 | CE: 6.049 | LR: 2.88e-04 |   0.5 st/s |    59,347 tok/s | Metal Unified GPU: 0.34GB (Peak: 4.45GB) | Swap: 2193.69M | ETA: 173.8m
  Step   1050/5722 | ELBO Loss:  13.98 | CE: 6.136 | LR: 2.86e-04 |   0.5 st/s |    59,316 tok/s | Metal Unified GPU: 0.34GB (Peak: 4.45GB) | Swap: 2193.69M | ETA: 172.1m
  Step   1100/5722 | ELBO Loss:  13.27 | CE: 5.850 | LR: 2.84e-04 |   0.5 st/s |    59,284 tok/s | Metal Unified GPU: 0.34GB (Peak: 4.45GB) | Swap: 2193.69M | ETA: 170.3m
  Step   1150/5722 | ELBO Loss:  13.60 | CE: 5.972 | LR: 2.82e-04 |   0.5 st/s |    59,257 tok/s | Metal Unified GPU: 0.34GB (Peak: 4.45GB) | Swap: 2193.69M | ETA: 168.5m
  Step   1200/5722 | ELBO Loss:  13.42 | CE: 5.835 | LR: 2.80e-04 |   0.5 st/s |    59,230 tok/s | Metal Unified GPU: 0.34GB (Peak: 4.45GB) | Swap: 2193.69M | ETA: 166.8m
  Step   1250/5722 | ELBO Loss:  13.26 | CE: 5.812 | LR: 2.78e-04 |   0.5 st/s |    59,206 tok/s | Metal Unified GPU: 0.34GB (Peak: 4.45GB) | Swap: 2193.69M | ETA: 165.0m
  Step   1300/5722 | ELBO Loss:  13.57 | CE: 5.956 | LR: 2.76e-04 |   0.5 st/s |    59,179 tok/s | Metal Unified GPU: 0.34GB (Peak: 4.45GB) | Swap: 2193.69M | ETA: 163.2m
  Step   1350/5722 | ELBO Loss:  13.58 | CE: 5.969 | LR: 2.74e-04 |   0.5 st/s |    59,156 tok/s | Metal Unified GPU: 0.34GB (Peak: 4.45GB) | Swap: 2193.69M | ETA: 161.4m
  Step   1400/5722 | ELBO Loss:  12.90 | CE: 5.753 | LR: 2.72e-04 |   0.5 st/s |    59,135 tok/s | Metal Unified GPU: 0.34GB (Peak: 4.45GB) | Swap: 2193.69M | ETA: 159.7m
  Step   1450/5722 | ELBO Loss:  13.51 | CE: 5.914 | LR: 2.69e-04 |   0.5 st/s |    59,115 tok/s | Metal Unified GPU: 0.34GB (Peak: 4.45GB) | Swap: 2193.69M | ETA: 157.9m
  Step   1500/5722 | ELBO Loss:  13.70 | CE: 6.009 | LR: 2.67e-04 |   0.5 st/s |    59,096 tok/s | Metal Unified GPU: 0.34GB (Peak: 4.45GB) | Swap: 2193.69M | ETA: 156.1m
  Step   1550/5722 | ELBO Loss:  13.84 | CE: 6.083 | LR: 2.64e-04 |   0.5 st/s |    59,077 tok/s | Metal Unified GPU: 0.34GB (Peak: 4.45GB) | Swap: 2193.69M | ETA: 154.3m
  Step   1600/5722 | ELBO Loss:  13.40 | CE: 5.852 | LR: 2.61e-04 |   0.5 st/s |    59,058 tok/s | Metal Unified GPU: 0.34GB (Peak: 4.45GB) | Swap: 2193.69M | ETA: 152.5m
  Step   1650/5722 | ELBO Loss:  13.62 | CE: 6.005 | LR: 2.59e-04 |   0.5 st/s |    59,041 tok/s | Metal Unified GPU: 0.34GB (Peak: 4.45GB) | Swap: 2185.69M | ETA: 150.7m
  Step   1700/5722 | ELBO Loss:  13.26 | CE: 5.851 | LR: 2.56e-04 |   0.5 st/s |    59,024 tok/s | Metal Unified GPU: 0.34GB (Peak: 4.45GB) | Swap: 2185.69M | ETA: 148.9m
  Step   1750/5722 | ELBO Loss:  13.47 | CE: 5.905 | LR: 2.53e-04 |   0.5 st/s |    59,009 tok/s | Metal Unified GPU: 0.34GB (Peak: 4.45GB) | Swap: 2185.69M | ETA: 147.0m
  Step   1800/5722 | ELBO Loss:  13.42 | CE: 5.868 | LR: 2.50e-04 |   0.5 st/s |    58,995 tok/s | Metal Unified GPU: 0.34GB (Peak: 4.45GB) | Swap: 2185.69M | ETA: 145.2m
  Step   1850/5722 | ELBO Loss:  12.91 | CE: 5.703 | LR: 2.47e-04 |   0.5 st/s |    58,982 tok/s | Metal Unified GPU: 0.34GB (Peak: 4.45GB) | Swap: 2185.69M | ETA: 143.4m
  Step   1900/5722 | ELBO Loss:  13.72 | CE: 5.987 | LR: 2.44e-04 |   0.4 st/s |    58,970 tok/s | Metal Unified GPU: 0.34GB (Peak: 4.45GB) | Swap: 2185.69M | ETA: 141.6m
  Step   1950/5722 | ELBO Loss:  13.40 | CE: 5.911 | LR: 2.41e-04 |   0.4 st/s |    58,957 tok/s | Metal Unified GPU: 0.34GB (Peak: 4.45GB) | Swap: 2185.69M | ETA: 139.8m
  Step   2000/5722 | ELBO Loss:  12.94 | CE: 5.684 | LR: 2.37e-04 |   0.4 st/s |    58,945 tok/s | Metal Unified GPU: 0.34GB (Peak: 4.45GB) | Swap: 2185.69M | ETA: 137.9m
  Step   2050/5722 | ELBO Loss:  13.12 | CE: 5.775 | LR: 2.34e-04 |   0.4 st/s |    58,933 tok/s | Metal Unified GPU: 0.34GB (Peak: 4.45GB) | Swap: 2185.69M | ETA: 136.1m
  Step   2100/5722 | ELBO Loss:  13.26 | CE: 5.833 | LR: 2.31e-04 |   0.4 st/s |    58,922 tok/s | Metal Unified GPU: 0.34GB (Peak: 4.45GB) | Swap: 2185.69M | ETA: 134.3m
  Step   2150/5722 | ELBO Loss:  13.43 | CE: 5.874 | LR: 2.27e-04 |   0.4 st/s |    58,913 tok/s | Metal Unified GPU: 0.34GB (Peak: 4.45GB) | Swap: 2185.69M | ETA: 132.5m
  Step   2200/5722 | ELBO Loss:  13.59 | CE: 5.970 | LR: 2.24e-04 |   0.4 st/s |    58,904 tok/s | Metal Unified GPU: 0.34GB (Peak: 4.45GB) | Swap: 2185.69M | ETA: 130.6m
  Step   2250/5722 | ELBO Loss:  12.46 | CE: 5.475 | LR: 2.20e-04 |   0.4 st/s |    58,894 tok/s | Metal Unified GPU: 0.34GB (Peak: 4.45GB) | Swap: 2185.69M | ETA: 128.8m
  Step   2300/5722 | ELBO Loss:  13.57 | CE: 5.932 | LR: 2.17e-04 |   0.4 st/s |    58,884 tok/s | Metal Unified GPU: 0.34GB (Peak: 4.45GB) | Swap: 2185.69M | ETA: 127.0m
  Step   2350/5722 | ELBO Loss:  13.20 | CE: 5.797 | LR: 2.13e-04 |   0.4 st/s |    58,877 tok/s | Metal Unified GPU: 0.34GB (Peak: 4.45GB) | Swap: 2185.69M | ETA: 125.1m
  Step   2400/5722 | ELBO Loss:  13.12 | CE: 5.759 | LR: 2.10e-04 |   0.4 st/s |    58,869 tok/s | Metal Unified GPU: 0.34GB (Peak: 4.45GB) | Swap: 2185.69M | ETA: 123.3m
  Step   2450/5722 | ELBO Loss:  13.23 | CE: 5.879 | LR: 2.06e-04 |   0.4 st/s |    58,860 tok/s | Metal Unified GPU: 0.34GB (Peak: 4.45GB) | Swap: 2185.69M | ETA: 121.4m
  Step   2500/5722 | ELBO Loss:  13.37 | CE: 5.865 | LR: 2.02e-04 |   0.4 st/s |    58,853 tok/s | Metal Unified GPU: 0.34GB (Peak: 4.45GB) | Swap: 2185.69M | ETA: 119.6m
  Step   2550/5722 | ELBO Loss:  14.02 | CE: 6.123 | LR: 1.98e-04 |   0.4 st/s |    58,844 tok/s | Metal Unified GPU: 0.34GB (Peak: 4.45GB) | Swap: 2185.69M | ETA: 117.8m
  Step   2600/5722 | ELBO Loss:  13.21 | CE: 5.767 | LR: 1.95e-04 |   0.4 st/s |    58,836 tok/s | Metal Unified GPU: 0.34GB (Peak: 4.45GB) | Swap: 2185.69M | ETA: 115.9m
  Step   2650/5722 | ELBO Loss:  13.65 | CE: 5.994 | LR: 1.91e-04 |   0.4 st/s |    58,829 tok/s | Metal Unified GPU: 0.34GB (Peak: 4.45GB) | Swap: 2185.69M | ETA: 114.1m
  Step   2700/5722 | ELBO Loss:  13.07 | CE: 5.743 | LR: 1.87e-04 |   0.4 st/s |    58,822 tok/s | Metal Unified GPU: 0.34GB (Peak: 4.45GB) | Swap: 2185.69M | ETA: 112.2m
  Step   2750/5722 | ELBO Loss:  13.30 | CE: 5.874 | LR: 1.83e-04 |   0.4 st/s |    58,815 tok/s | Metal Unified GPU: 0.34GB (Peak: 4.45GB) | Swap: 2185.69M | ETA: 110.4m
  Step   2800/5722 | ELBO Loss:  13.19 | CE: 5.820 | LR: 1.79e-04 |   0.4 st/s |    58,808 tok/s | Metal Unified GPU: 0.34GB (Peak: 4.45GB) | Swap: 2185.69M | ETA: 108.5m
  Step   2850/5722 | ELBO Loss:  13.19 | CE: 5.862 | LR: 1.76e-04 |   0.4 st/s |    58,801 tok/s | Metal Unified GPU: 0.34GB (Peak: 4.45GB) | Swap: 2185.69M | ETA: 106.7m
  Step   2900/5722 | ELBO Loss:  13.35 | CE: 5.850 | LR: 1.72e-04 |   0.4 st/s |    58,794 tok/s | Metal Unified GPU: 0.34GB (Peak: 4.45GB) | Swap: 2185.69M | ETA: 104.9m
  Step   2950/5722 | ELBO Loss:  13.21 | CE: 5.756 | LR: 1.68e-04 |   0.4 st/s |    58,787 tok/s | Metal Unified GPU: 0.34GB (Peak: 4.45GB) | Swap: 2185.69M | ETA: 103.0m
  Step   3000/5722 | ELBO Loss:  12.79 | CE: 5.666 | LR: 1.64e-04 |   0.4 st/s |    58,782 tok/s | Metal Unified GPU: 0.34GB (Peak: 4.45GB) | Swap: 2185.69M | ETA: 101.2m
  Step   3050/5722 | ELBO Loss:  13.21 | CE: 5.820 | LR: 1.60e-04 |   0.4 st/s |    58,776 tok/s | Metal Unified GPU: 0.34GB (Peak: 4.45GB) | Swap: 2185.69M | ETA: 99.3m
  Step   3100/5722 | ELBO Loss:  13.57 | CE: 5.939 | LR: 1.56e-04 |   0.4 st/s |    58,770 tok/s | Metal Unified GPU: 0.34GB (Peak: 4.45GB) | Swap: 2185.69M | ETA: 97.5m
  Step   3150/5722 | ELBO Loss:  13.43 | CE: 5.885 | LR: 1.52e-04 |   0.4 st/s |    58,763 tok/s | Metal Unified GPU: 0.34GB (Peak: 4.45GB) | Swap: 2185.69M | ETA: 95.6m
  Step   3200/5722 | ELBO Loss:  13.64 | CE: 5.973 | LR: 1.48e-04 |   0.4 st/s |    58,758 tok/s | Metal Unified GPU: 0.34GB (Peak: 4.45GB) | Swap: 2185.69M | ETA: 93.8m
  Step   3250/5722 | ELBO Loss:  13.17 | CE: 5.758 | LR: 1.45e-04 |   0.4 st/s |    58,752 tok/s | Metal Unified GPU: 0.34GB (Peak: 4.45GB) | Swap: 2185.69M | ETA: 91.9m
  Step   3300/5722 | ELBO Loss:  13.06 | CE: 5.751 | LR: 1.41e-04 |   0.4 st/s |    58,742 tok/s | Metal Unified GPU: 0.34GB (Peak: 4.45GB) | Swap: 2185.69M | ETA: 90.1m
  Step   3350/5722 | ELBO Loss:  13.31 | CE: 5.824 | LR: 1.37e-04 |   0.4 st/s |    58,731 tok/s | Metal Unified GPU: 0.34GB (Peak: 4.45GB) | Swap: 2185.69M | ETA: 88.2m
  Step   3400/5722 | ELBO Loss:  12.98 | CE: 5.729 | LR: 1.33e-04 |   0.4 st/s |    58,720 tok/s | Metal Unified GPU: 0.34GB (Peak: 4.45GB) | Swap: 2185.69M | ETA: 86.4m
  Step   3450/5722 | ELBO Loss:  13.27 | CE: 5.838 | LR: 1.29e-04 |   0.4 st/s |    58,709 tok/s | Metal Unified GPU: 0.34GB (Peak: 4.45GB) | Swap: 2185.69M | ETA: 84.5m
  Step   3500/5722 | ELBO Loss:  12.88 | CE: 5.664 | LR: 1.26e-04 |   0.4 st/s |    58,699 tok/s | Metal Unified GPU: 0.34GB (Peak: 4.45GB) | Swap: 2185.69M | ETA: 82.7m
  Step   3550/5722 | ELBO Loss:  13.11 | CE: 5.762 | LR: 1.22e-04 |   0.4 st/s |    58,691 tok/s | Metal Unified GPU: 0.34GB (Peak: 4.45GB) | Swap: 2185.69M | ETA: 80.8m
  Step   3600/5722 | ELBO Loss:  13.26 | CE: 5.835 | LR: 1.18e-04 |   0.4 st/s |    58,686 tok/s | Metal Unified GPU: 0.34GB (Peak: 4.45GB) | Swap: 2185.69M | ETA: 79.0m
  Step   3650/5722 | ELBO Loss:  13.12 | CE: 5.807 | LR: 1.15e-04 |   0.4 st/s |    58,684 tok/s | Metal Unified GPU: 0.34GB (Peak: 4.45GB) | Swap: 2185.69M | ETA: 77.1m
  Step   3700/5722 | ELBO Loss:  12.59 | CE: 5.600 | LR: 1.11e-04 |   0.4 st/s |    58,681 tok/s | Metal Unified GPU: 0.34GB (Peak: 4.45GB) | Swap: 2185.69M | ETA: 75.3m
  Step   3750/5722 | ELBO Loss:  13.20 | CE: 5.826 | LR: 1.08e-04 |   0.4 st/s |    58,679 tok/s | Metal Unified GPU: 0.34GB (Peak: 4.45GB) | Swap: 2185.69M | ETA: 73.4m
  Step   3800/5722 | ELBO Loss:  13.05 | CE: 5.715 | LR: 1.04e-04 |   0.4 st/s |    58,677 tok/s | Metal Unified GPU: 0.34GB (Peak: 4.45GB) | Swap: 2185.69M | ETA: 71.6m
  Step   3850/5722 | ELBO Loss:  13.92 | CE: 6.105 | LR: 1.01e-04 |   0.4 st/s |    58,674 tok/s | Metal Unified GPU: 0.34GB (Peak: 4.45GB) | Swap: 2185.69M | ETA: 69.7m
  Step   3900/5722 | ELBO Loss:  13.33 | CE: 5.864 | LR: 9.74e-05 |   0.4 st/s |    58,673 tok/s | Metal Unified GPU: 0.34GB (Peak: 4.45GB) | Swap: 2185.69M | ETA: 67.8m
  Step   3950/5722 | ELBO Loss:  13.11 | CE: 5.771 | LR: 9.40e-05 |   0.4 st/s |    58,671 tok/s | Metal Unified GPU: 0.34GB (Peak: 4.45GB) | Swap: 2185.69M | ETA: 66.0m
  Step   4000/5722 | ELBO Loss:  12.82 | CE: 5.641 | LR: 9.08e-05 |   0.4 st/s |    58,668 tok/s | Metal Unified GPU: 0.34GB (Peak: 4.45GB) | Swap: 2185.69M | ETA: 64.1m
  Step   4050/5722 | ELBO Loss:  13.55 | CE: 5.921 | LR: 8.76e-05 |   0.4 st/s |    58,665 tok/s | Metal Unified GPU: 0.34GB (Peak: 4.45GB) | Swap: 2185.69M | ETA: 62.3m
  Step   4100/5722 | ELBO Loss:  13.30 | CE: 5.857 | LR: 8.44e-05 |   0.4 st/s |    58,661 tok/s | Metal Unified GPU: 0.34GB (Peak: 4.45GB) | Swap: 2185.69M | ETA: 60.4m
  Step   4150/5722 | ELBO Loss:  13.24 | CE: 5.808 | LR: 8.13e-05 |   0.4 st/s |    58,658 tok/s | Metal Unified GPU: 0.34GB (Peak: 4.45GB) | Swap: 2185.69M | ETA: 58.5m
  Step   4200/5722 | ELBO Loss:  12.54 | CE: 5.595 | LR: 7.83e-05 |   0.4 st/s |    58,656 tok/s | Metal Unified GPU: 0.34GB (Peak: 4.45GB) | Swap: 2185.69M | ETA: 56.7m
  Step   4250/5722 | ELBO Loss:  13.14 | CE: 5.790 | LR: 7.54e-05 |   0.4 st/s |    58,652 tok/s | Metal Unified GPU: 0.34GB (Peak: 4.45GB) | Swap: 2185.69M | ETA: 54.8m
  Step   4300/5722 | ELBO Loss:  13.48 | CE: 5.917 | LR: 7.25e-05 |   0.4 st/s |    58,650 tok/s | Metal Unified GPU: 0.34GB (Peak: 4.45GB) | Swap: 2185.69M | ETA: 53.0m
  Step   4350/5722 | ELBO Loss:  13.22 | CE: 5.820 | LR: 6.98e-05 |   0.4 st/s |    58,647 tok/s | Metal Unified GPU: 0.34GB (Peak: 4.45GB) | Swap: 2185.69M | ETA: 51.1m
  Step   4400/5722 | ELBO Loss:  13.11 | CE: 5.767 | LR: 6.71e-05 |   0.4 st/s |    58,644 tok/s | Metal Unified GPU: 0.34GB (Peak: 4.45GB) | Swap: 2185.69M | ETA: 49.2m
  Step   4450/5722 | ELBO Loss:  13.24 | CE: 5.834 | LR: 6.44e-05 |   0.4 st/s |    58,642 tok/s | Metal Unified GPU: 0.34GB (Peak: 4.45GB) | Swap: 2185.69M | ETA: 47.4m
  Step   4500/5722 | ELBO Loss:  13.24 | CE: 5.844 | LR: 6.19e-05 |   0.4 st/s |    58,638 tok/s | Metal Unified GPU: 0.34GB (Peak: 4.45GB) | Swap: 2185.69M | ETA: 45.5m
  Step   4550/5722 | ELBO Loss:  12.86 | CE: 5.640 | LR: 5.94e-05 |   0.4 st/s |    58,635 tok/s | Metal Unified GPU: 0.34GB (Peak: 4.45GB) | Swap: 2185.69M | ETA: 43.7m
  Step   4600/5722 | ELBO Loss:  12.40 | CE: 5.511 | LR: 5.71e-05 |   0.4 st/s |    58,632 tok/s | Metal Unified GPU: 0.34GB (Peak: 4.45GB) | Swap: 2185.69M | ETA: 41.8m
  Step   4650/5722 | ELBO Loss:  13.32 | CE: 5.855 | LR: 5.48e-05 |   0.4 st/s |    58,630 tok/s | Metal Unified GPU: 0.34GB (Peak: 4.45GB) | Swap: 2185.69M | ETA: 39.9m
  Step   4700/5722 | ELBO Loss:  13.13 | CE: 5.794 | LR: 5.26e-05 |   0.4 st/s |    58,628 tok/s | Metal Unified GPU: 0.34GB (Peak: 4.45GB) | Swap: 2185.69M | ETA: 38.1m
  Step   4750/5722 | ELBO Loss:  12.95 | CE: 5.711 | LR: 5.05e-05 |   0.4 st/s |    58,626 tok/s | Metal Unified GPU: 0.34GB (Peak: 4.45GB) | Swap: 2185.69M | ETA: 36.2m
  Step   4800/5722 | ELBO Loss:  13.35 | CE: 5.867 | LR: 4.85e-05 |   0.4 st/s |    58,624 tok/s | Metal Unified GPU: 0.34GB (Peak: 4.45GB) | Swap: 2185.69M | ETA: 34.4m
  Step   4850/5722 | ELBO Loss:  12.83 | CE: 5.664 | LR: 4.66e-05 |   0.4 st/s |    58,623 tok/s | Metal Unified GPU: 0.34GB (Peak: 4.45GB) | Swap: 2185.69M | ETA: 32.5m
  Step   4900/5722 | ELBO Loss:  13.37 | CE: 5.897 | LR: 4.48e-05 |   0.4 st/s |    58,620 tok/s | Metal Unified GPU: 0.34GB (Peak: 4.45GB) | Swap: 2185.69M | ETA: 30.6m
  Step   4950/5722 | ELBO Loss:  13.22 | CE: 5.805 | LR: 4.30e-05 |   0.4 st/s |    58,618 tok/s | Metal Unified GPU: 0.34GB (Peak: 4.45GB) | Swap: 2185.69M | ETA: 28.8m
  Step   5000/5722 | ELBO Loss:  13.34 | CE: 5.838 | LR: 4.14e-05 |   0.4 st/s |    58,616 tok/s | Metal Unified GPU: 0.34GB (Peak: 4.45GB) | Swap: 2185.69M | ETA: 26.9m
  Step   5050/5722 | ELBO Loss:  13.07 | CE: 5.742 | LR: 3.99e-05 |   0.4 st/s |    58,614 tok/s | Metal Unified GPU: 0.34GB (Peak: 4.45GB) | Swap: 2185.69M | ETA: 25.0m
  Step   5100/5722 | ELBO Loss:  13.05 | CE: 5.757 | LR: 3.85e-05 |   0.4 st/s |    58,612 tok/s | Metal Unified GPU: 0.34GB (Peak: 4.45GB) | Swap: 2185.69M | ETA: 23.2m
  Step   5150/5722 | ELBO Loss:  13.30 | CE: 5.839 | LR: 3.72e-05 |   0.4 st/s |    58,609 tok/s | Metal Unified GPU: 0.34GB (Peak: 4.45GB) | Swap: 2185.69M | ETA: 21.3m
  Step   5200/5722 | ELBO Loss:  13.42 | CE: 5.908 | LR: 3.60e-05 |   0.4 st/s |    58,606 tok/s | Metal Unified GPU: 0.34GB (Peak: 4.45GB) | Swap: 2185.69M | ETA: 19.5m
  Step   5250/5722 | ELBO Loss:  13.95 | CE: 6.129 | LR: 3.49e-05 |   0.4 st/s |    58,604 tok/s | Metal Unified GPU: 0.34GB (Peak: 4.45GB) | Swap: 2185.69M | ETA: 17.6m
  Step   5300/5722 | ELBO Loss:  13.23 | CE: 5.834 | LR: 3.39e-05 |   0.4 st/s |    58,601 tok/s | Metal Unified GPU: 0.34GB (Peak: 4.45GB) | Swap: 2185.69M | ETA: 15.7m
  Step   5350/5722 | ELBO Loss:  13.29 | CE: 5.795 | LR: 3.31e-05 |   0.4 st/s |    58,599 tok/s | Metal Unified GPU: 0.34GB (Peak: 4.45GB) | Swap: 2185.69M | ETA: 13.9m
  Step   5400/5722 | ELBO Loss:  12.96 | CE: 5.766 | LR: 3.23e-05 |   0.4 st/s |    58,596 tok/s | Metal Unified GPU: 0.34GB (Peak: 4.45GB) | Swap: 2185.69M | ETA: 12.0m
  Step   5450/5722 | ELBO Loss:  12.90 | CE: 5.708 | LR: 3.16e-05 |   0.4 st/s |    58,593 tok/s | Metal Unified GPU: 0.34GB (Peak: 4.45GB) | Swap: 2185.69M | ETA: 10.1m
  Step   5500/5722 | ELBO Loss:  13.12 | CE: 5.756 | LR: 3.11e-05 |   0.4 st/s |    58,590 tok/s | Metal Unified GPU: 0.34GB (Peak: 4.45GB) | Swap: 2185.69M | ETA:  8.3m
  Step   5550/5722 | ELBO Loss:  12.89 | CE: 5.658 | LR: 3.07e-05 |   0.4 st/s |    58,586 tok/s | Metal Unified GPU: 0.34GB (Peak: 4.45GB) | Swap: 2185.69M | ETA:  6.4m
  Step   5600/5722 | ELBO Loss:  13.16 | CE: 5.766 | LR: 3.03e-05 |   0.4 st/s |    58,583 tok/s | Metal Unified GPU: 0.34GB (Peak: 4.45GB) | Swap: 2185.69M | ETA:  4.5m
  Step   5650/5722 | ELBO Loss:  13.29 | CE: 5.870 | LR: 3.01e-05 |   0.4 st/s |    58,579 tok/s | Metal Unified GPU: 0.34GB (Peak: 4.45GB) | Swap: 2185.69M | ETA:  2.7m
  Step   5700/5722 | ELBO Loss:  13.39 | CE: 5.857 | LR: 3.00e-05 |   0.4 st/s |    58,576 tok/s | Metal Unified GPU: 0.34GB (Peak: 4.45GB) | Swap: 2185.69M | ETA:  0.8m
  Step   5722/5722 | ELBO Loss:  12.98 | CE: 5.684 | LR: 3.00e-05 |   0.4 st/s |    58,574 tok/s | Metal Unified GPU: 0.34GB (Peak: 4.45GB) | Swap: 2185.69M | ETA:  0.0m
  Step      1/15257 | ELBO Loss:  22.62 | CE: 9.131 | LR: 2.00e-06 |   0.3 st/s |    34,324 tok/s | Metal Unified GPU: 0.69GB (Peak: 4.45GB) | Swap: 2137.69M | ETA: 971.0m
  Step     50/15257 | ELBO Loss:  16.07 | CE: 6.492 | LR: 5.10e-05 |   0.1 st/s |    16,227 tok/s | Metal Unified GPU: 0.69GB (Peak: 4.45GB) | Swap: 2129.69M | ETA: 2047.2m
  Step    100/15257 | ELBO Loss:  16.58 | CE: 6.661 | LR: 1.01e-04 |   0.1 st/s |    16,459 tok/s | Metal Unified GPU: 0.69GB (Peak: 4.45GB) | Swap: 2129.69M | ETA: 2011.7m
  Step    150/15257 | ELBO Loss:  16.24 | CE: 6.508 | LR: 1.51e-04 |   0.1 st/s |    17,159 tok/s | Metal Unified GPU: 0.69GB (Peak: 4.45GB) | Swap: 2129.69M | ETA: 1923.3m
  Step    200/15257 | ELBO Loss:  15.83 | CE: 6.407 | LR: 2.01e-04 |   0.1 st/s |    17,455 tok/s | Metal Unified GPU: 0.69GB (Peak: 4.45GB) | Swap: 2129.69M | ETA: 1884.4m
  Step    250/15257 | ELBO Loss:  15.71 | CE: 6.351 | LR: 2.51e-04 |   0.1 st/s |    17,706 tok/s | Metal Unified GPU: 0.69GB (Peak: 4.45GB) | Swap: 2129.69M | ETA: 1851.6m
  Step    300/15257 | ELBO Loss:  15.86 | CE: 6.395 | LR: 3.00e-04 |   0.1 st/s |    17,710 tok/s | Metal Unified GPU: 0.69GB (Peak: 4.45GB) | Swap: 2001.69M | ETA: 1845.0m
  Step    350/15257 | ELBO Loss:  15.99 | CE: 6.446 | LR: 3.00e-04 |   0.1 st/s |    18,388 tok/s | Metal Unified GPU: 0.69GB (Peak: 4.45GB) | Swap: 1993.69M | ETA: 1771.0m
  Step    400/15257 | ELBO Loss:  15.40 | CE: 6.218 | LR: 3.00e-04 |   0.1 st/s |    19,026 tok/s | Metal Unified GPU: 0.69GB (Peak: 4.45GB) | Swap: 1993.69M | ETA: 1705.9m
  Step    450/15257 | ELBO Loss:  15.63 | CE: 6.289 | LR: 3.00e-04 |   0.1 st/s |    18,949 tok/s | Metal Unified GPU: 0.69GB (Peak: 4.45GB) | Swap: 1993.69M | ETA: 1707.0m
  Step    500/15257 | ELBO Loss:  15.87 | CE: 6.363 | LR: 3.00e-04 |   0.1 st/s |    18,863 tok/s | Metal Unified GPU: 0.69GB (Peak: 4.45GB) | Swap: 1993.69M | ETA: 1709.0m
  Step    550/15257 | ELBO Loss:  15.34 | CE: 6.238 | LR: 3.00e-04 |   0.1 st/s |    18,780 tok/s | Metal Unified GPU: 0.69GB (Peak: 4.45GB) | Swap: 1993.69M | ETA: 1710.7m
  Step    600/15257 | ELBO Loss:  14.99 | CE: 6.075 | LR: 3.00e-04 |   0.1 st/s |    18,749 tok/s | Metal Unified GPU: 0.69GB (Peak: 4.45GB) | Swap: 1993.69M | ETA: 1707.8m
  Step    650/15257 | ELBO Loss:  15.35 | CE: 6.234 | LR: 3.00e-04 |   0.1 st/s |    18,761 tok/s | Metal Unified GPU: 0.69GB (Peak: 4.45GB) | Swap: 1985.69M | ETA: 1700.9m
  Step    700/15257 | ELBO Loss:  15.39 | CE: 6.205 | LR: 3.00e-04 |   0.1 st/s |    18,746 tok/s | Metal Unified GPU: 0.69GB (Peak: 4.45GB) | Swap: 1985.69M | ETA: 1696.4m
  Step    750/15257 | ELBO Loss:  15.68 | CE: 6.321 | LR: 2.99e-04 |   0.1 st/s |    18,724 tok/s | Metal Unified GPU: 0.69GB (Peak: 4.45GB) | Swap: 1985.69M | ETA: 1692.5m
  Step    800/15257 | ELBO Loss:  15.33 | CE: 6.232 | LR: 2.99e-04 |   0.1 st/s |    18,759 tok/s | Metal Unified GPU: 0.69GB (Peak: 4.45GB) | Swap: 1985.69M | ETA: 1683.6m
  Step    850/15257 | ELBO Loss:  15.15 | CE: 6.129 | LR: 2.99e-04 |   0.1 st/s |    18,831 tok/s | Metal Unified GPU: 0.69GB (Peak: 4.45GB) | Swap: 1985.69M | ETA: 1671.3m
  Step    900/15257 | ELBO Loss:  14.90 | CE: 5.963 | LR: 2.99e-04 |   0.1 st/s |    18,867 tok/s | Metal Unified GPU: 0.69GB (Peak: 4.45GB) | Swap: 1985.69M | ETA: 1662.3m
  Step    950/15257 | ELBO Loss:  15.09 | CE: 6.090 | LR: 2.99e-04 |   0.1 st/s |    18,805 tok/s | Metal Unified GPU: 0.69GB (Peak: 4.45GB) | Swap: 1985.69M | ETA: 1662.0m
  Step   1000/15257 | ELBO Loss:  15.23 | CE: 6.119 | LR: 2.99e-04 |   0.1 st/s |    18,794 tok/s | Metal Unified GPU: 0.69GB (Peak: 4.45GB) | Swap: 1985.69M | ETA: 1657.2m
  Step   1050/15257 | ELBO Loss:  15.44 | CE: 6.217 | LR: 2.98e-04 |   0.1 st/s |    19,051 tok/s | Metal Unified GPU: 0.69GB (Peak: 4.45GB) | Swap: 1977.69M | ETA: 1629.1m
  Step   1100/15257 | ELBO Loss:  14.55 | CE: 5.910 | LR: 2.98e-04 |   0.1 st/s |    19,359 tok/s | Metal Unified GPU: 0.69GB (Peak: 4.45GB) | Swap: 1977.69M | ETA: 1597.6m
  Step   1150/15257 | ELBO Loss:  14.91 | CE: 6.042 | LR: 2.98e-04 |   0.1 st/s |    19,641 tok/s | Metal Unified GPU: 0.69GB (Peak: 4.45GB) | Swap: 1977.69M | ETA: 1569.0m
  Step   1200/15257 | ELBO Loss:  14.31 | CE: 5.889 | LR: 2.98e-04 |   0.2 st/s |    19,925 tok/s | Metal Unified GPU: 0.69GB (Peak: 4.45GB) | Swap: 1977.69M | ETA: 1541.2m
  Step   1250/15257 | ELBO Loss:  14.52 | CE: 5.912 | LR: 2.97e-04 |   0.2 st/s |    20,243 tok/s | Metal Unified GPU: 0.69GB (Peak: 4.45GB) | Swap: 1977.69M | ETA: 1511.6m
  Step   1300/15257 | ELBO Loss:  14.50 | CE: 5.974 | LR: 2.97e-04 |   0.2 st/s |    20,547 tok/s | Metal Unified GPU: 0.69GB (Peak: 4.45GB) | Swap: 1977.69M | ETA: 1483.9m
  Step   1350/15257 | ELBO Loss:  14.94 | CE: 6.030 | LR: 2.97e-04 |   0.2 st/s |    20,831 tok/s | Metal Unified GPU: 0.69GB (Peak: 4.45GB) | Swap: 1977.69M | ETA: 1458.4m
  Step   1400/15257 | ELBO Loss:  14.20 | CE: 5.715 | LR: 2.96e-04 |   0.2 st/s |    21,098 tok/s | Metal Unified GPU: 0.69GB (Peak: 4.45GB) | Swap: 1977.69M | ETA: 1434.8m
  Step   1450/15257 | ELBO Loss:  14.82 | CE: 5.990 | LR: 2.96e-04 |   0.2 st/s |    21,354 tok/s | Metal Unified GPU: 0.69GB (Peak: 4.45GB) | Swap: 1977.69M | ETA: 1412.5m
  Step   1500/15257 | ELBO Loss:  15.32 | CE: 6.131 | LR: 2.96e-04 |   0.2 st/s |    21,597 tok/s | Metal Unified GPU: 0.69GB (Peak: 4.45GB) | Swap: 1977.69M | ETA: 1391.5m
  Step   1550/15257 | ELBO Loss:  15.17 | CE: 6.132 | LR: 2.95e-04 |   0.2 st/s |    21,830 tok/s | Metal Unified GPU: 0.69GB (Peak: 4.45GB) | Swap: 1977.69M | ETA: 1371.7m
  Step   1600/15257 | ELBO Loss:  14.45 | CE: 5.863 | LR: 2.95e-04 |   0.2 st/s |    22,060 tok/s | Metal Unified GPU: 0.69GB (Peak: 4.45GB) | Swap: 1977.69M | ETA: 1352.4m
  Step   1650/15257 | ELBO Loss:  15.24 | CE: 6.084 | LR: 2.95e-04 |   0.2 st/s |    22,280 tok/s | Metal Unified GPU: 0.69GB (Peak: 4.45GB) | Swap: 1977.69M | ETA: 1334.2m
  Step   1700/15257 | ELBO Loss:  14.72 | CE: 5.932 | LR: 2.94e-04 |   0.2 st/s |    22,493 tok/s | Metal Unified GPU: 0.69GB (Peak: 4.45GB) | Swap: 1977.69M | ETA: 1316.7m
  Step   1750/15257 | ELBO Loss:  14.41 | CE: 5.927 | LR: 2.94e-04 |   0.2 st/s |    22,698 tok/s | Metal Unified GPU: 0.69GB (Peak: 4.45GB) | Swap: 1977.69M | ETA: 1300.0m
  Step   1800/15257 | ELBO Loss:  14.51 | CE: 5.906 | LR: 2.93e-04 |   0.2 st/s |    22,896 tok/s | Metal Unified GPU: 0.69GB (Peak: 4.45GB) | Swap: 1969.69M | ETA: 1284.0m
  Step   1850/15257 | ELBO Loss:  14.20 | CE: 5.790 | LR: 2.93e-04 |   0.2 st/s |    23,086 tok/s | Metal Unified GPU: 0.69GB (Peak: 4.45GB) | Swap: 1969.69M | ETA: 1268.6m
  Step   1900/15257 | ELBO Loss:  15.08 | CE: 6.059 | LR: 2.92e-04 |   0.2 st/s |    23,270 tok/s | Metal Unified GPU: 0.69GB (Peak: 4.45GB) | Swap: 1969.69M | ETA: 1253.9m
  Step   1950/15257 | ELBO Loss:  14.75 | CE: 5.965 | LR: 2.92e-04 |   0.2 st/s |    23,447 tok/s | Metal Unified GPU: 0.69GB (Peak: 4.45GB) | Swap: 1969.69M | ETA: 1239.8m
  Step   2000/15257 | ELBO Loss:  14.11 | CE: 5.744 | LR: 2.91e-04 |   0.2 st/s |    23,618 tok/s | Metal Unified GPU: 0.69GB (Peak: 4.45GB) | Swap: 1969.69M | ETA: 1226.2m
  Step   2050/15257 | ELBO Loss:  14.20 | CE: 5.799 | LR: 2.91e-04 |   0.2 st/s |    23,782 tok/s | Metal Unified GPU: 0.69GB (Peak: 4.45GB) | Swap: 1969.69M | ETA: 1213.2m
  Step   2100/15257 | ELBO Loss:  14.61 | CE: 5.880 | LR: 2.90e-04 |   0.2 st/s |    23,941 tok/s | Metal Unified GPU: 0.69GB (Peak: 4.45GB) | Swap: 1969.69M | ETA: 1200.5m
  Step   2150/15257 | ELBO Loss:  14.88 | CE: 5.979 | LR: 2.90e-04 |   0.2 st/s |    24,095 tok/s | Metal Unified GPU: 0.69GB (Peak: 4.45GB) | Swap: 1969.69M | ETA: 1188.3m
  Step   2200/15257 | ELBO Loss:  14.94 | CE: 6.060 | LR: 2.89e-04 |   0.2 st/s |    24,244 tok/s | Metal Unified GPU: 0.69GB (Peak: 4.45GB) | Swap: 1969.69M | ETA: 1176.5m
  Step   2250/15257 | ELBO Loss:  13.70 | CE: 5.562 | LR: 2.89e-04 |   0.2 st/s |    24,388 tok/s | Metal Unified GPU: 0.69GB (Peak: 4.45GB) | Swap: 1969.69M | ETA: 1165.1m
  Step   2300/15257 | ELBO Loss:  14.88 | CE: 6.031 | LR: 2.88e-04 |   0.2 st/s |    24,528 tok/s | Metal Unified GPU: 0.69GB (Peak: 4.45GB) | Swap: 1969.69M | ETA: 1154.0m
  Step   2350/15257 | ELBO Loss:  14.42 | CE: 5.869 | LR: 2.88e-04 |   0.2 st/s |    24,663 tok/s | Metal Unified GPU: 0.69GB (Peak: 4.45GB) | Swap: 1969.69M | ETA: 1143.3m
  Step   2400/15257 | ELBO Loss:  14.51 | CE: 5.828 | LR: 2.87e-04 |   0.2 st/s |    24,794 tok/s | Metal Unified GPU: 0.69GB (Peak: 4.45GB) | Swap: 1969.69M | ETA: 1132.8m
  Step   2450/15257 | ELBO Loss:  14.82 | CE: 5.957 | LR: 2.86e-04 |   0.2 st/s |    24,921 tok/s | Metal Unified GPU: 0.69GB (Peak: 4.45GB) | Swap: 1969.69M | ETA: 1122.7m
  Step   2500/15257 | ELBO Loss:  14.50 | CE: 5.886 | LR: 2.86e-04 |   0.2 st/s |    25,043 tok/s | Metal Unified GPU: 0.69GB (Peak: 4.45GB) | Swap: 1969.69M | ETA: 1112.8m
  Step   2550/15257 | ELBO Loss:  15.31 | CE: 6.208 | LR: 2.85e-04 |   0.2 st/s |    25,162 tok/s | Metal Unified GPU: 0.69GB (Peak: 4.45GB) | Swap: 1969.69M | ETA: 1103.2m
  Step   2600/15257 | ELBO Loss:  14.33 | CE: 5.828 | LR: 2.85e-04 |   0.2 st/s |    25,278 tok/s | Metal Unified GPU: 0.69GB (Peak: 4.45GB) | Swap: 1969.69M | ETA: 1093.8m
  Step   2650/15257 | ELBO Loss:  14.87 | CE: 6.053 | LR: 2.84e-04 |   0.2 st/s |    25,391 tok/s | Metal Unified GPU: 0.69GB (Peak: 4.45GB) | Swap: 1969.69M | ETA: 1084.6m
  Step   2700/15257 | ELBO Loss:  14.42 | CE: 5.781 | LR: 2.83e-04 |   0.2 st/s |    25,500 tok/s | Metal Unified GPU: 0.69GB (Peak: 4.45GB) | Swap: 1969.69M | ETA: 1075.7m
  Step   2750/15257 | ELBO Loss:  14.84 | CE: 5.982 | LR: 2.83e-04 |   0.2 st/s |    25,606 tok/s | Metal Unified GPU: 0.69GB (Peak: 4.45GB) | Swap: 1969.69M | ETA: 1067.0m
  Step   2800/15257 | ELBO Loss:  14.26 | CE: 5.841 | LR: 2.82e-04 |   0.2 st/s |    25,709 tok/s | Metal Unified GPU: 0.69GB (Peak: 4.45GB) | Swap: 1969.69M | ETA: 1058.5m
  Step   2850/15257 | ELBO Loss:  14.67 | CE: 5.942 | LR: 2.81e-04 |   0.2 st/s |    25,809 tok/s | Metal Unified GPU: 0.69GB (Peak: 4.45GB) | Swap: 1969.69M | ETA: 1050.2m
  Step   2900/15257 | ELBO Loss:  14.50 | CE: 5.910 | LR: 2.80e-04 |   0.2 st/s |    25,907 tok/s | Metal Unified GPU: 0.69GB (Peak: 4.45GB) | Swap: 1969.69M | ETA: 1042.0m
  Step   2950/15257 | ELBO Loss:  14.31 | CE: 5.807 | LR: 2.80e-04 |   0.2 st/s |    26,002 tok/s | Metal Unified GPU: 0.69GB (Peak: 4.45GB) | Swap: 1969.69M | ETA: 1034.0m
  Step   3000/15257 | ELBO Loss:  14.52 | CE: 5.819 | LR: 2.79e-04 |   0.2 st/s |    26,093 tok/s | Metal Unified GPU: 0.69GB (Peak: 4.45GB) | Swap: 1969.69M | ETA: 1026.2m
  Step   3050/15257 | ELBO Loss:  14.51 | CE: 5.854 | LR: 2.78e-04 |   0.2 st/s |    26,183 tok/s | Metal Unified GPU: 0.69GB (Peak: 4.45GB) | Swap: 1969.69M | ETA: 1018.5m
  Step   3100/15257 | ELBO Loss:  14.78 | CE: 5.964 | LR: 2.77e-04 |   0.2 st/s |    26,270 tok/s | Metal Unified GPU: 0.69GB (Peak: 4.45GB) | Swap: 1969.69M | ETA: 1010.9m
  Step   3150/15257 | ELBO Loss:  14.72 | CE: 5.959 | LR: 2.77e-04 |   0.2 st/s |    26,354 tok/s | Metal Unified GPU: 0.69GB (Peak: 4.45GB) | Swap: 1969.69M | ETA: 1003.6m
  Step   3200/15257 | ELBO Loss:  14.87 | CE: 6.019 | LR: 2.76e-04 |   0.2 st/s |    26,437 tok/s | Metal Unified GPU: 0.69GB (Peak: 4.45GB) | Swap: 1969.69M | ETA: 996.3m
  Step   3250/15257 | ELBO Loss:  14.55 | CE: 5.869 | LR: 2.75e-04 |   0.2 st/s |    26,464 tok/s | Metal Unified GPU: 0.69GB (Peak: 4.45GB) | Swap: 1969.69M | ETA: 991.2m
  Step   3300/15257 | ELBO Loss:  14.37 | CE: 5.827 | LR: 2.74e-04 |   0.2 st/s |    26,356 tok/s | Metal Unified GPU: 0.69GB (Peak: 4.45GB) | Swap: 1969.69M | ETA: 991.0m
  Step   3350/15257 | ELBO Loss:  14.10 | CE: 5.809 | LR: 2.73e-04 |   0.2 st/s |    26,198 tok/s | Metal Unified GPU: 0.69GB (Peak: 4.45GB) | Swap: 1969.69M | ETA: 992.9m
  Step   3400/15257 | ELBO Loss:  14.12 | CE: 5.762 | LR: 2.72e-04 |   0.2 st/s |    26,037 tok/s | Metal Unified GPU: 0.69GB (Peak: 4.45GB) | Swap: 1969.69M | ETA: 994.8m
  Step   3450/15257 | ELBO Loss:  14.48 | CE: 5.878 | LR: 2.72e-04 |   0.2 st/s |    25,890 tok/s | Metal Unified GPU: 0.69GB (Peak: 4.45GB) | Swap: 1969.69M | ETA: 996.3m
  Step   3500/15257 | ELBO Loss:  14.17 | CE: 5.716 | LR: 2.71e-04 |   0.2 st/s |    25,734 tok/s | Metal Unified GPU: 0.69GB (Peak: 4.45GB) | Swap: 1969.69M | ETA: 998.1m
  Step   3550/15257 | ELBO Loss:  14.21 | CE: 5.778 | LR: 2.70e-04 |   0.2 st/s |    25,591 tok/s | Metal Unified GPU: 0.69GB (Peak: 4.45GB) | Swap: 1969.69M | ETA: 999.3m
  Step   3600/15257 | ELBO Loss:  14.42 | CE: 5.875 | LR: 2.69e-04 |   0.2 st/s |    25,453 tok/s | Metal Unified GPU: 0.69GB (Peak: 4.45GB) | Swap: 1969.69M | ETA: 1000.5m
  Step   3650/15257 | ELBO Loss:  14.30 | CE: 5.828 | LR: 2.68e-04 |   0.2 st/s |    25,385 tok/s | Metal Unified GPU: 0.69GB (Peak: 4.45GB) | Swap: 1969.69M | ETA: 998.9m
  Step   3700/15257 | ELBO Loss:  13.67 | CE: 5.565 | LR: 2.67e-04 |   0.2 st/s |    25,258 tok/s | Metal Unified GPU: 0.69GB (Peak: 4.45GB) | Swap: 1969.69M | ETA: 999.5m
  Step   3750/15257 | ELBO Loss:  14.17 | CE: 5.810 | LR: 2.66e-04 |   0.2 st/s |    25,135 tok/s | Metal Unified GPU: 0.69GB (Peak: 4.45GB) | Swap: 1961.69M | ETA: 1000.1m
  Step   3800/15257 | ELBO Loss:  14.10 | CE: 5.711 | LR: 2.65e-04 |   0.2 st/s |    25,010 tok/s | Metal Unified GPU: 0.69GB (Peak: 4.45GB) | Swap: 1961.69M | ETA: 1000.7m
  Step   3850/15257 | ELBO Loss:  15.05 | CE: 6.107 | LR: 2.64e-04 |   0.2 st/s |    24,887 tok/s | Metal Unified GPU: 0.69GB (Peak: 4.45GB) | Swap: 1961.69M | ETA: 1001.3m
  Step   3900/15257 | ELBO Loss:  14.67 | CE: 5.929 | LR: 2.63e-04 |   0.2 st/s |    24,789 tok/s | Metal Unified GPU: 0.69GB (Peak: 4.45GB) | Swap: 1961.69M | ETA: 1000.8m
  Step   3950/15257 | ELBO Loss:  14.31 | CE: 5.819 | LR: 2.62e-04 |   0.2 st/s |    24,684 tok/s | Metal Unified GPU: 0.69GB (Peak: 4.45GB) | Swap: 1961.69M | ETA: 1000.7m
  Step   4000/15257 | ELBO Loss:  13.63 | CE: 5.611 | LR: 2.61e-04 |   0.2 st/s |    24,593 tok/s | Metal Unified GPU: 0.69GB (Peak: 4.45GB) | Swap: 1961.69M | ETA: 999.9m
  Step   4050/15257 | ELBO Loss:  14.51 | CE: 5.905 | LR: 2.60e-04 |   0.2 st/s |    24,496 tok/s | Metal Unified GPU: 0.69GB (Peak: 4.45GB) | Swap: 1961.69M | ETA: 999.4m
  Step   4100/15257 | ELBO Loss:  14.70 | CE: 5.907 | LR: 2.59e-04 |   0.2 st/s |    24,398 tok/s | Metal Unified GPU: 0.69GB (Peak: 4.45GB) | Swap: 1961.69M | ETA: 999.0m
  Step   4150/15257 | ELBO Loss:  14.28 | CE: 5.785 | LR: 2.58e-04 |   0.2 st/s |    24,291 tok/s | Metal Unified GPU: 0.69GB (Peak: 4.45GB) | Swap: 1961.69M | ETA: 998.9m
  Step   4200/15257 | ELBO Loss:  13.63 | CE: 5.586 | LR: 2.57e-04 |   0.2 st/s |    24,210 tok/s | Metal Unified GPU: 0.69GB (Peak: 4.45GB) | Swap: 1961.69M | ETA: 997.7m
  Step   4250/15257 | ELBO Loss:  14.36 | CE: 5.818 | LR: 2.56e-04 |   0.2 st/s |    24,108 tok/s | Metal Unified GPU: 0.69GB (Peak: 4.45GB) | Swap: 1961.69M | ETA: 997.4m
  Step   4300/15257 | ELBO Loss:  14.55 | CE: 5.921 | LR: 2.55e-04 |   0.2 st/s |    24,025 tok/s | Metal Unified GPU: 0.69GB (Peak: 4.45GB) | Swap: 1961.69M | ETA: 996.3m
  Step   4350/15257 | ELBO Loss:  14.34 | CE: 5.804 | LR: 2.54e-04 |   0.2 st/s |    23,924 tok/s | Metal Unified GPU: 0.69GB (Peak: 4.45GB) | Swap: 1961.69M | ETA: 995.9m
  Step   4400/15257 | ELBO Loss:  14.13 | CE: 5.785 | LR: 2.53e-04 |   0.2 st/s |    23,821 tok/s | Metal Unified GPU: 0.69GB (Peak: 4.45GB) | Swap: 1961.69M | ETA: 995.7m
  Step   4450/15257 | ELBO Loss:  14.45 | CE: 5.843 | LR: 2.52e-04 |   0.2 st/s |    23,701 tok/s | Metal Unified GPU: 0.69GB (Peak: 4.45GB) | Swap: 1961.69M | ETA: 996.1m
  Step   4500/15257 | ELBO Loss:  14.68 | CE: 5.902 | LR: 2.51e-04 |   0.2 st/s |    23,570 tok/s | Metal Unified GPU: 0.69GB (Peak: 4.45GB) | Swap: 1961.69M | ETA: 997.0m
  Step   4550/15257 | ELBO Loss:  13.82 | CE: 5.639 | LR: 2.50e-04 |   0.2 st/s |    23,463 tok/s | Metal Unified GPU: 0.69GB (Peak: 4.45GB) | Swap: 1961.69M | ETA: 996.9m
  Step   4600/15257 | ELBO Loss:  13.58 | CE: 5.607 | LR: 2.49e-04 |   0.2 st/s |    23,407 tok/s | Metal Unified GPU: 0.69GB (Peak: 4.45GB) | Swap: 1961.69M | ETA: 994.6m
  Step   4650/15257 | ELBO Loss:  14.45 | CE: 5.878 | LR: 2.47e-04 |   0.2 st/s |    23,369 tok/s | Metal Unified GPU: 0.69GB (Peak: 4.45GB) | Swap: 1961.69M | ETA: 991.6m
  Step   4700/15257 | ELBO Loss:  14.49 | CE: 5.855 | LR: 2.46e-04 |   0.2 st/s |    23,323 tok/s | Metal Unified GPU: 0.69GB (Peak: 4.45GB) | Swap: 1961.69M | ETA: 988.8m
  Step   4750/15257 | ELBO Loss:  13.91 | CE: 5.656 | LR: 2.45e-04 |   0.2 st/s |    23,246 tok/s | Metal Unified GPU: 0.69GB (Peak: 4.45GB) | Swap: 1953.69M | ETA: 987.4m
  Step   4800/15257 | ELBO Loss:  14.32 | CE: 5.822 | LR: 2.44e-04 |   0.2 st/s |    23,161 tok/s | Metal Unified GPU: 0.69GB (Peak: 4.45GB) | Swap: 1953.69M | ETA: 986.3m
  Step   4850/15257 | ELBO Loss:  13.80 | CE: 5.653 | LR: 2.43e-04 |   0.2 st/s |    23,086 tok/s | Metal Unified GPU: 0.69GB (Peak: 4.45GB) | Swap: 1953.69M | ETA: 984.8m
  Step   4900/15257 | ELBO Loss:  14.63 | CE: 5.935 | LR: 2.42e-04 |   0.2 st/s |    23,049 tok/s | Metal Unified GPU: 0.69GB (Peak: 4.45GB) | Swap: 1953.69M | ETA: 981.6m
  Step   4950/15257 | ELBO Loss:  14.21 | CE: 5.781 | LR: 2.41e-04 |   0.2 st/s |    23,095 tok/s | Metal Unified GPU: 0.69GB (Peak: 4.45GB) | Swap: 1929.69M | ETA: 974.9m
  Step   5000/15257 | ELBO Loss:  14.41 | CE: 5.830 | LR: 2.39e-04 |   0.2 st/s |    23,142 tok/s | Metal Unified GPU: 0.69GB (Peak: 4.45GB) | Swap: 1929.69M | ETA: 968.2m
  Step   5050/15257 | ELBO Loss:  14.04 | CE: 5.718 | LR: 2.38e-04 |   0.2 st/s |    23,163 tok/s | Metal Unified GPU: 0.69GB (Peak: 4.45GB) | Swap: 1929.69M | ETA: 962.6m
  Step   5050/15257 | ELBO Loss:  15.72 | CE: 6.107 | LR: 2.38e-04 |   0.2 st/s |    24,430 tok/s | Metal Unified GPU: 0.69GB (Peak: 4.39GB) | Swap: 6864.88M | ETA: 912.7m
  Step   5100/15257 | ELBO Loss:  15.65 | CE: 6.143 | LR: 2.37e-04 |   0.2 st/s |    24,032 tok/s | Metal Unified GPU: 0.69GB (Peak: 4.39GB) | Swap: 6728.88M | ETA: 923.3m
  Step   5150/15257 | ELBO Loss:  16.16 | CE: 6.282 | LR: 2.36e-04 |   0.2 st/s |    24,836 tok/s | Metal Unified GPU: 0.69GB (Peak: 4.39GB) | Swap: 6712.88M | ETA: 889.0m
  Step   5200/15257 | ELBO Loss:  15.78 | CE: 6.144 | LR: 2.35e-04 |   0.2 st/s |    25,391 tok/s | Metal Unified GPU: 0.69GB (Peak: 4.39GB) | Swap: 6696.88M | ETA: 865.2m
  Step   5250/15257 | ELBO Loss:  16.44 | CE: 6.378 | LR: 2.33e-04 |   0.2 st/s |    25,877 tok/s | Metal Unified GPU: 0.69GB (Peak: 4.39GB) | Swap: 6163.69M | ETA: 844.8m
  Step   5300/15257 | ELBO Loss:  15.51 | CE: 6.069 | LR: 2.32e-04 |   0.2 st/s |    26,181 tok/s | Metal Unified GPU: 0.69GB (Peak: 4.39GB) | Swap: 6035.69M | ETA: 830.8m
  Step   5350/15257 | ELBO Loss:  15.55 | CE: 6.058 | LR: 2.31e-04 |   0.2 st/s |    26,615 tok/s | Metal Unified GPU: 0.69GB (Peak: 4.39GB) | Swap: 6035.69M | ETA: 813.2m
  Step   5400/15257 | ELBO Loss:  14.77 | CE: 5.990 | LR: 2.30e-04 |   0.2 st/s |    27,078 tok/s | Metal Unified GPU: 0.69GB (Peak: 4.39GB) | Swap: 6035.69M | ETA: 795.2m
  Step   5450/15257 | ELBO Loss:  15.23 | CE: 5.997 | LR: 2.28e-04 |   0.2 st/s |    27,226 tok/s | Metal Unified GPU: 0.69GB (Peak: 4.39GB) | Swap: 6027.69M | ETA: 786.9m
  Step   5500/15257 | ELBO Loss:  15.14 | CE: 5.951 | LR: 2.27e-04 |   0.2 st/s |    27,304 tok/s | Metal Unified GPU: 0.69GB (Peak: 4.39GB) | Swap: 5915.69M | ETA: 780.6m
  Step   5550/15257 | ELBO Loss:  14.82 | CE: 5.844 | LR: 2.26e-04 |   0.2 st/s |    27,481 tok/s | Metal Unified GPU: 0.69GB (Peak: 4.40GB) | Swap: 5899.69M | ETA: 771.6m
  Step   5600/15257 | ELBO Loss:  14.46 | CE: 5.863 | LR: 2.25e-04 |   0.2 st/s |    27,497 tok/s | Metal Unified GPU: 0.69GB (Peak: 4.40GB) | Swap: 5835.56M | ETA: 767.2m
  Step   5650/15257 | ELBO Loss:  15.40 | CE: 6.043 | LR: 2.23e-04 |   0.2 st/s |    27,553 tok/s | Metal Unified GPU: 0.69GB (Peak: 4.40GB) | Swap: 5803.56M | ETA: 761.7m
  Step   5700/15257 | ELBO Loss:  15.21 | CE: 5.990 | LR: 2.22e-04 |   0.2 st/s |    27,475 tok/s | Metal Unified GPU: 0.69GB (Peak: 4.40GB) | Swap: 5779.50M | ETA: 759.9m
  Step   5750/15257 | ELBO Loss:  14.80 | CE: 5.871 | LR: 2.21e-04 |   0.2 st/s |    27,404 tok/s | Metal Unified GPU: 0.69GB (Peak: 4.40GB) | Swap: 5747.50M | ETA: 757.9m
  Step   5800/15257 | ELBO Loss:  15.11 | CE: 5.894 | LR: 2.20e-04 |   0.2 st/s |    27,461 tok/s | Metal Unified GPU: 0.69GB (Peak: 4.43GB) | Swap: 5747.50M | ETA: 752.3m
  Step   5850/15257 | ELBO Loss:  15.32 | CE: 5.993 | LR: 2.18e-04 |   0.2 st/s |    27,439 tok/s | Metal Unified GPU: 0.69GB (Peak: 4.43GB) | Swap: 5731.50M | ETA: 748.9m
  Step   5900/15257 | ELBO Loss:  15.11 | CE: 5.871 | LR: 2.17e-04 |   0.2 st/s |    27,462 tok/s | Metal Unified GPU: 0.69GB (Peak: 4.43GB) | Swap: 5731.50M | ETA: 744.3m
  Step   5950/15257 | ELBO Loss:  15.03 | CE: 5.880 | LR: 2.16e-04 |   0.2 st/s |    27,556 tok/s | Metal Unified GPU: 0.69GB (Peak: 4.43GB) | Swap: 5219.25M | ETA: 737.8m
  Step   6000/15257 | ELBO Loss:  15.22 | CE: 5.961 | LR: 2.14e-04 |   0.2 st/s |    27,742 tok/s | Metal Unified GPU: 0.69GB (Peak: 4.43GB) | Swap: 5219.25M | ETA: 729.0m
  Step   6050/15257 | ELBO Loss:  14.73 | CE: 5.850 | LR: 2.13e-04 |   0.2 st/s |    27,884 tok/s | Metal Unified GPU: 0.69GB (Peak: 4.43GB) | Swap: 5219.25M | ETA: 721.3m
  Step   6100/15257 | ELBO Loss:  15.05 | CE: 5.903 | LR: 2.12e-04 |   0.2 st/s |    28,011 tok/s | Metal Unified GPU: 0.69GB (Peak: 4.43GB) | Swap: 5219.25M | ETA: 714.1m
  Step   6150/15257 | ELBO Loss:  15.03 | CE: 5.851 | LR: 2.10e-04 |   0.2 st/s |    28,124 tok/s | Metal Unified GPU: 0.69GB (Peak: 4.44GB) | Swap: 5219.25M | ETA: 707.4m
  Step   6200/15257 | ELBO Loss:  14.92 | CE: 5.839 | LR: 2.09e-04 |   0.2 st/s |    28,176 tok/s | Metal Unified GPU: 0.69GB (Peak: 4.44GB) | Swap: 5131.25M | ETA: 702.2m
  Step   6250/15257 | ELBO Loss:  15.39 | CE: 5.984 | LR: 2.08e-04 |   0.2 st/s |    28,292 tok/s | Metal Unified GPU: 0.69GB (Peak: 4.44GB) | Swap: 5131.25M | ETA: 695.5m
  Step   6300/15257 | ELBO Loss:  14.64 | CE: 5.792 | LR: 2.06e-04 |   0.2 st/s |    28,393 tok/s | Metal Unified GPU: 0.69GB (Peak: 4.44GB) | Swap: 5131.25M | ETA: 689.1m
  Step   6350/15257 | ELBO Loss:  15.46 | CE: 6.047 | LR: 2.05e-04 |   0.2 st/s |    28,479 tok/s | Metal Unified GPU: 0.69GB (Peak: 4.44GB) | Swap: 5131.25M | ETA: 683.2m
  Step   6400/15257 | ELBO Loss:  14.85 | CE: 5.837 | LR: 2.04e-04 |   0.2 st/s |    28,562 tok/s | Metal Unified GPU: 0.69GB (Peak: 4.44GB) | Swap: 5131.25M | ETA: 677.4m
  Step   6450/15257 | ELBO Loss:  14.96 | CE: 5.894 | LR: 2.02e-04 |   0.2 st/s |    28,639 tok/s | Metal Unified GPU: 0.69GB (Peak: 4.44GB) | Swap: 5131.25M | ETA: 671.8m
  Step   6500/15257 | ELBO Loss:  14.95 | CE: 5.801 | LR: 2.01e-04 |   0.2 st/s |    28,710 tok/s | Metal Unified GPU: 0.69GB (Peak: 4.44GB) | Swap: 5123.25M | ETA: 666.3m
  Step   6550/15257 | ELBO Loss:  14.46 | CE: 5.708 | LR: 1.99e-04 |   0.2 st/s |    28,767 tok/s | Metal Unified GPU: 0.69GB (Peak: 4.44GB) | Swap: 5123.25M | ETA: 661.2m
  Step   6600/15257 | ELBO Loss:  14.64 | CE: 5.790 | LR: 1.98e-04 |   0.2 st/s |    28,821 tok/s | Metal Unified GPU: 0.69GB (Peak: 4.44GB) | Swap: 5123.25M | ETA: 656.2m
  Step   6650/15257 | ELBO Loss:  14.83 | CE: 5.820 | LR: 1.97e-04 |   0.2 st/s |    28,884 tok/s | Metal Unified GPU: 0.69GB (Peak: 4.44GB) | Swap: 5123.25M | ETA: 650.9m
  Step   6700/15257 | ELBO Loss:  14.84 | CE: 5.816 | LR: 1.95e-04 |   0.2 st/s |    28,943 tok/s | Metal Unified GPU: 0.69GB (Peak: 4.44GB) | Swap: 5115.25M | ETA: 645.9m
  Step   6750/15257 | ELBO Loss:  14.73 | CE: 5.734 | LR: 1.94e-04 |   0.2 st/s |    28,997 tok/s | Metal Unified GPU: 0.69GB (Peak: 4.44GB) | Swap: 5115.25M | ETA: 640.9m
  Step   6800/15257 | ELBO Loss:  14.32 | CE: 5.643 | LR: 1.93e-04 |   0.2 st/s |    29,050 tok/s | Metal Unified GPU: 0.69GB (Peak: 4.44GB) | Swap: 5107.25M | ETA: 636.0m
  Step   6850/15257 | ELBO Loss:  14.47 | CE: 5.737 | LR: 1.91e-04 |   0.2 st/s |    29,095 tok/s | Metal Unified GPU: 0.69GB (Peak: 4.44GB) | Swap: 5107.25M | ETA: 631.2m
  Step   6900/15257 | ELBO Loss:  14.56 | CE: 5.771 | LR: 1.90e-04 |   0.2 st/s |    29,137 tok/s | Metal Unified GPU: 0.69GB (Peak: 4.44GB) | Swap: 4923.25M | ETA: 626.6m
  Step   6950/15257 | ELBO Loss:  15.23 | CE: 5.935 | LR: 1.88e-04 |   0.2 st/s |    29,177 tok/s | Metal Unified GPU: 0.69GB (Peak: 4.44GB) | Swap: 4923.25M | ETA: 622.0m
  Step   7000/15257 | ELBO Loss:  14.21 | CE: 5.638 | LR: 1.87e-04 |   0.2 st/s |    29,214 tok/s | Metal Unified GPU: 0.69GB (Peak: 4.44GB) | Swap: 4875.25M | ETA: 617.4m
  Step   7050/15257 | ELBO Loss:  14.55 | CE: 5.693 | LR: 1.86e-04 |   0.2 st/s |    29,250 tok/s | Metal Unified GPU: 0.69GB (Peak: 4.44GB) | Swap: 4875.25M | ETA: 612.9m
  Step   7100/15257 | ELBO Loss:  14.99 | CE: 5.840 | LR: 1.84e-04 |   0.2 st/s |    29,285 tok/s | Metal Unified GPU: 0.69GB (Peak: 4.44GB) | Swap: 4875.25M | ETA: 608.5m
  Step   7150/15257 | ELBO Loss:  14.90 | CE: 5.830 | LR: 1.83e-04 |   0.2 st/s |    29,317 tok/s | Metal Unified GPU: 0.69GB (Peak: 4.44GB) | Swap: 4875.25M | ETA: 604.1m
  Step   7200/15257 | ELBO Loss:  14.02 | CE: 5.569 | LR: 1.81e-04 |   0.2 st/s |    29,342 tok/s | Metal Unified GPU: 0.69GB (Peak: 4.44GB) | Swap: 4875.25M | ETA: 599.9m
  Step   7250/15257 | ELBO Loss:  14.51 | CE: 5.743 | LR: 1.80e-04 |   0.2 st/s |    29,372 tok/s | Metal Unified GPU: 0.69GB (Peak: 4.44GB) | Swap: 4867.25M | ETA: 595.5m
  Step   7300/15257 | ELBO Loss:  14.65 | CE: 5.819 | LR: 1.79e-04 |   0.2 st/s |    29,404 tok/s | Metal Unified GPU: 0.69GB (Peak: 4.44GB) | Swap: 4867.25M | ETA: 591.2m
  Step   7350/15257 | ELBO Loss:  14.39 | CE: 5.759 | LR: 1.77e-04 |   0.2 st/s |    29,434 tok/s | Metal Unified GPU: 0.69GB (Peak: 4.44GB) | Swap: 4867.25M | ETA: 586.8m
  Step   7400/15257 | ELBO Loss:  14.95 | CE: 5.800 | LR: 1.76e-04 |   0.2 st/s |    29,462 tok/s | Metal Unified GPU: 0.69GB (Peak: 4.44GB) | Swap: 4867.25M | ETA: 582.6m
  Step   7450/15257 | ELBO Loss:  14.47 | CE: 5.751 | LR: 1.74e-04 |   0.2 st/s |    29,487 tok/s | Metal Unified GPU: 0.69GB (Peak: 4.44GB) | Swap: 4867.25M | ETA: 578.4m
  Step   7500/15257 | ELBO Loss:  15.01 | CE: 5.888 | LR: 1.73e-04 |   0.2 st/s |    29,513 tok/s | Metal Unified GPU: 0.69GB (Peak: 4.44GB) | Swap: 4867.25M | ETA: 574.2m
  Step   7550/15257 | ELBO Loss:  14.61 | CE: 5.776 | LR: 1.71e-04 |   0.2 st/s |    29,538 tok/s | Metal Unified GPU: 0.69GB (Peak: 4.44GB) | Swap: 4867.25M | ETA: 570.0m
  Step   7600/15257 | ELBO Loss:  14.94 | CE: 5.851 | LR: 1.70e-04 |   0.2 st/s |    29,560 tok/s | Metal Unified GPU: 0.69GB (Peak: 4.44GB) | Swap: 4859.25M | ETA: 565.9m
  Step   7650/15257 | ELBO Loss:  14.91 | CE: 5.815 | LR: 1.69e-04 |   0.2 st/s |    29,584 tok/s | Metal Unified GPU: 0.69GB (Peak: 4.44GB) | Swap: 4859.25M | ETA: 561.7m
  Step   7700/15257 | ELBO Loss:  14.89 | CE: 5.820 | LR: 1.67e-04 |   0.2 st/s |    29,603 tok/s | Metal Unified GPU: 0.69GB (Peak: 4.44GB) | Swap: 4859.25M | ETA: 557.7m
  Step   7750/15257 | ELBO Loss:  14.79 | CE: 5.834 | LR: 1.66e-04 |   0.2 st/s |    29,624 tok/s | Metal Unified GPU: 0.69GB (Peak: 4.44GB) | Swap: 4859.25M | ETA: 553.6m
  Step   7800/15257 | ELBO Loss:  14.85 | CE: 5.743 | LR: 1.64e-04 |   0.2 st/s |    29,646 tok/s | Metal Unified GPU: 0.69GB (Peak: 4.44GB) | Swap: 4859.25M | ETA: 549.5m
  Step   7850/15257 | ELBO Loss:  14.59 | CE: 5.756 | LR: 1.63e-04 |   0.2 st/s |    29,667 tok/s | Metal Unified GPU: 0.69GB (Peak: 4.44GB) | Swap: 4859.25M | ETA: 545.4m
  Step   7900/15257 | ELBO Loss:  14.63 | CE: 5.750 | LR: 1.62e-04 |   0.2 st/s |    29,682 tok/s | Metal Unified GPU: 0.69GB (Peak: 4.44GB) | Swap: 4859.25M | ETA: 541.5m
  Step   7950/15257 | ELBO Loss:  14.29 | CE: 5.698 | LR: 1.60e-04 |   0.2 st/s |    29,700 tok/s | Metal Unified GPU: 0.69GB (Peak: 4.44GB) | Swap: 4859.25M | ETA: 537.4m
  Step   8000/15257 | ELBO Loss:  14.69 | CE: 5.787 | LR: 1.59e-04 |   0.2 st/s |    29,718 tok/s | Metal Unified GPU: 0.69GB (Peak: 4.44GB) | Swap: 4859.25M | ETA: 533.5m
  Step   8050/15257 | ELBO Loss:  14.39 | CE: 5.667 | LR: 1.57e-04 |   0.2 st/s |    29,734 tok/s | Metal Unified GPU: 0.69GB (Peak: 4.44GB) | Swap: 4859.25M | ETA: 529.5m
  Step   8100/15257 | ELBO Loss:  14.80 | CE: 5.933 | LR: 1.56e-04 |   0.2 st/s |    29,752 tok/s | Metal Unified GPU: 0.69GB (Peak: 4.44GB) | Swap: 4859.25M | ETA: 525.5m
  Step   8150/15257 | ELBO Loss:  14.57 | CE: 5.775 | LR: 1.54e-04 |   0.2 st/s |    29,769 tok/s | Metal Unified GPU: 0.69GB (Peak: 4.44GB) | Swap: 4859.25M | ETA: 521.5m
  Step   8200/15257 | ELBO Loss:  14.69 | CE: 5.702 | LR: 1.53e-04 |   0.2 st/s |    29,785 tok/s | Metal Unified GPU: 0.69GB (Peak: 4.44GB) | Swap: 4859.25M | ETA: 517.6m
  Step   8250/15257 | ELBO Loss:  14.52 | CE: 5.761 | LR: 1.52e-04 |   0.2 st/s |    29,799 tok/s | Metal Unified GPU: 0.69GB (Peak: 4.44GB) | Swap: 4859.25M | ETA: 513.7m
  Step   8300/15257 | ELBO Loss:  14.61 | CE: 5.794 | LR: 1.50e-04 |   0.2 st/s |    29,814 tok/s | Metal Unified GPU: 0.69GB (Peak: 4.44GB) | Swap: 4859.25M | ETA: 509.8m
  Step   8350/15257 | ELBO Loss:  15.18 | CE: 5.908 | LR: 1.49e-04 |   0.2 st/s |    29,828 tok/s | Metal Unified GPU: 0.69GB (Peak: 4.44GB) | Swap: 4859.25M | ETA: 505.9m
  Step   8400/15257 | ELBO Loss:  14.90 | CE: 5.809 | LR: 1.47e-04 |   0.2 st/s |    29,843 tok/s | Metal Unified GPU: 0.69GB (Peak: 4.44GB) | Swap: 4851.25M | ETA: 501.9m
  Step   8450/15257 | ELBO Loss:  14.55 | CE: 5.730 | LR: 1.46e-04 |   0.2 st/s |    29,856 tok/s | Metal Unified GPU: 0.69GB (Peak: 4.44GB) | Swap: 4851.25M | ETA: 498.1m
  Step   8500/15257 | ELBO Loss:  14.69 | CE: 5.718 | LR: 1.45e-04 |   0.2 st/s |    29,871 tok/s | Metal Unified GPU: 0.69GB (Peak: 4.44GB) | Swap: 4843.25M | ETA: 494.2m
  Step   8550/15257 | ELBO Loss:  14.55 | CE: 5.687 | LR: 1.43e-04 |   0.2 st/s |    29,884 tok/s | Metal Unified GPU: 0.69GB (Peak: 4.44GB) | Swap: 4843.25M | ETA: 490.3m
  Step   8600/15257 | ELBO Loss:  14.26 | CE: 5.708 | LR: 1.42e-04 |   0.2 st/s |    29,895 tok/s | Metal Unified GPU: 0.69GB (Peak: 4.44GB) | Swap: 4843.25M | ETA: 486.4m
  Step   8650/15257 | ELBO Loss:  14.74 | CE: 5.805 | LR: 1.40e-04 |   0.2 st/s |    29,908 tok/s | Metal Unified GPU: 0.69GB (Peak: 4.44GB) | Swap: 4843.25M | ETA: 482.6m
  Step   8700/15257 | ELBO Loss:  15.14 | CE: 5.958 | LR: 1.39e-04 |   0.2 st/s |    29,919 tok/s | Metal Unified GPU: 0.69GB (Peak: 4.44GB) | Swap: 4835.25M | ETA: 478.8m
  Step   8750/15257 | ELBO Loss:  14.48 | CE: 5.631 | LR: 1.38e-04 |   0.2 st/s |    29,930 tok/s | Metal Unified GPU: 0.69GB (Peak: 4.44GB) | Swap: 4835.25M | ETA: 474.9m
  Step   8800/15257 | ELBO Loss:  15.22 | CE: 5.850 | LR: 1.36e-04 |   0.2 st/s |    29,937 tok/s | Metal Unified GPU: 0.69GB (Peak: 4.44GB) | Swap: 4827.25M | ETA: 471.2m
  Step   8850/15257 | ELBO Loss:  13.96 | CE: 5.524 | LR: 1.35e-04 |   0.2 st/s |    29,938 tok/s | Metal Unified GPU: 0.69GB (Peak: 4.45GB) | Swap: 4827.25M | ETA: 467.5m
  Step   8900/15257 | ELBO Loss:  14.65 | CE: 5.754 | LR: 1.33e-04 |   0.2 st/s |    29,942 tok/s | Metal Unified GPU: 0.69GB (Peak: 4.45GB) | Swap: 4827.25M | ETA: 463.8m
  Step   8950/15257 | ELBO Loss:  14.42 | CE: 5.672 | LR: 1.32e-04 |   0.2 st/s |    29,947 tok/s | Metal Unified GPU: 0.69GB (Peak: 4.45GB) | Swap: 4827.25M | ETA: 460.1m
  Step   9000/15257 | ELBO Loss:  14.86 | CE: 5.695 | LR: 1.31e-04 |   0.2 st/s |    29,959 tok/s | Metal Unified GPU: 0.69GB (Peak: 4.45GB) | Swap: 4811.19M | ETA: 456.2m
  Step   9050/15257 | ELBO Loss:  14.36 | CE: 5.742 | LR: 1.29e-04 |   0.2 st/s |    29,971 tok/s | Metal Unified GPU: 0.69GB (Peak: 4.45GB) | Swap: 4811.19M | ETA: 452.4m
  Step   9100/15257 | ELBO Loss:  14.78 | CE: 5.803 | LR: 1.28e-04 |   0.2 st/s |    29,979 tok/s | Metal Unified GPU: 0.69GB (Peak: 4.45GB) | Swap: 4811.19M | ETA: 448.7m
  Step   9150/15257 | ELBO Loss:  14.40 | CE: 5.692 | LR: 1.27e-04 |   0.2 st/s |    29,991 tok/s | Metal Unified GPU: 0.69GB (Peak: 4.45GB) | Swap: 4811.19M | ETA: 444.8m
  Step   9200/15257 | ELBO Loss:  13.78 | CE: 5.492 | LR: 1.25e-04 |   0.2 st/s |    30,001 tok/s | Metal Unified GPU: 0.69GB (Peak: 4.45GB) | Swap: 4811.19M | ETA: 441.0m
  Step   9250/15257 | ELBO Loss:  15.13 | CE: 5.946 | LR: 1.24e-04 |   0.2 st/s |    30,011 tok/s | Metal Unified GPU: 0.69GB (Peak: 4.45GB) | Swap: 4811.19M | ETA: 437.3m
  Step   9300/15257 | ELBO Loss:  14.54 | CE: 5.696 | LR: 1.23e-04 |   0.2 st/s |    30,017 tok/s | Metal Unified GPU: 0.69GB (Peak: 4.45GB) | Swap: 4811.19M | ETA: 433.5m
  Step   9350/15257 | ELBO Loss:  14.55 | CE: 5.795 | LR: 1.21e-04 |   0.2 st/s |    30,025 tok/s | Metal Unified GPU: 0.69GB (Peak: 4.45GB) | Swap: 4811.19M | ETA: 429.8m
  Step   9400/15257 | ELBO Loss:  14.56 | CE: 5.712 | LR: 1.20e-04 |   0.2 st/s |    30,030 tok/s | Metal Unified GPU: 0.69GB (Peak: 4.45GB) | Swap: 4811.19M | ETA: 426.1m
  Step   9450/15257 | ELBO Loss:  14.12 | CE: 5.732 | LR: 1.19e-04 |   0.2 st/s |    30,036 tok/s | Metal Unified GPU: 0.69GB (Peak: 4.45GB) | Swap: 4811.19M | ETA: 422.3m
  Step   9500/15257 | ELBO Loss:  14.45 | CE: 5.695 | LR: 1.17e-04 |   0.2 st/s |    30,043 tok/s | Metal Unified GPU: 0.69GB (Peak: 4.45GB) | Swap: 4811.19M | ETA: 418.6m
  Step   9550/15257 | ELBO Loss:  14.79 | CE: 5.827 | LR: 1.16e-04 |   0.2 st/s |    30,053 tok/s | Metal Unified GPU: 0.69GB (Peak: 4.45GB) | Swap: 4811.19M | ETA: 414.8m
  Step   9600/15257 | ELBO Loss:  14.57 | CE: 5.710 | LR: 1.15e-04 |   0.2 st/s |    30,060 tok/s | Metal Unified GPU: 0.69GB (Peak: 4.45GB) | Swap: 4811.19M | ETA: 411.1m
  Step   9650/15257 | ELBO Loss:  14.53 | CE: 5.780 | LR: 1.13e-04 |   0.2 st/s |    30,066 tok/s | Metal Unified GPU: 0.69GB (Peak: 4.45GB) | Swap: 4803.19M | ETA: 407.4m
  Step   9700/15257 | ELBO Loss:  14.26 | CE: 5.694 | LR: 1.12e-04 |   0.2 st/s |    30,069 tok/s | Metal Unified GPU: 0.69GB (Peak: 4.45GB) | Swap: 4803.19M | ETA: 403.7m
  Step   9750/15257 | ELBO Loss:  14.36 | CE: 5.693 | LR: 1.11e-04 |   0.2 st/s |    30,076 tok/s | Metal Unified GPU: 0.69GB (Peak: 4.45GB) | Swap: 4803.19M | ETA: 400.0m
  Step   9800/15257 | ELBO Loss:  14.31 | CE: 5.722 | LR: 1.09e-04 |   0.2 st/s |    30,083 tok/s | Metal Unified GPU: 0.69GB (Peak: 4.45GB) | Swap: 4795.19M | ETA: 396.3m
  Step   9850/15257 | ELBO Loss:  13.95 | CE: 5.629 | LR: 1.08e-04 |   0.2 st/s |    30,090 tok/s | Metal Unified GPU: 0.69GB (Peak: 4.45GB) | Swap: 4795.19M | ETA: 392.6m
  Step   9900/15257 | ELBO Loss:  14.09 | CE: 5.676 | LR: 1.07e-04 |   0.2 st/s |    30,096 tok/s | Metal Unified GPU: 0.69GB (Peak: 4.45GB) | Swap: 4795.19M | ETA: 388.8m
  Step   9950/15257 | ELBO Loss:  14.38 | CE: 5.708 | LR: 1.06e-04 |   0.2 st/s |    30,104 tok/s | Metal Unified GPU: 0.69GB (Peak: 4.45GB) | Swap: 4795.19M | ETA: 385.1m
  Step  10000/15257 | ELBO Loss:  14.68 | CE: 5.892 | LR: 1.04e-04 |   0.2 st/s |    30,110 tok/s | Metal Unified GPU: 0.69GB (Peak: 4.45GB) | Swap: 4795.19M | ETA: 381.4m
  Step  10050/15257 | ELBO Loss:  14.83 | CE: 5.796 | LR: 1.03e-04 |   0.2 st/s |    30,116 tok/s | Metal Unified GPU: 0.69GB (Peak: 4.45GB) | Swap: 4795.19M | ETA: 377.7m
  Step  10100/15257 | ELBO Loss:  15.32 | CE: 5.860 | LR: 1.02e-04 |   0.2 st/s |    30,123 tok/s | Metal Unified GPU: 0.69GB (Peak: 4.45GB) | Swap: 4795.19M | ETA: 374.0m
  Step  10150/15257 | ELBO Loss:  14.25 | CE: 5.616 | LR: 1.01e-04 |   0.2 st/s |    30,128 tok/s | Metal Unified GPU: 0.69GB (Peak: 4.45GB) | Swap: 4795.19M | ETA: 370.3m
  Step  10200/15257 | ELBO Loss:  14.93 | CE: 5.808 | LR: 9.93e-05 |   0.2 st/s |    30,134 tok/s | Metal Unified GPU: 0.69GB (Peak: 4.45GB) | Swap: 4795.19M | ETA: 366.6m
  Step  10250/15257 | ELBO Loss:  14.73 | CE: 5.762 | LR: 9.80e-05 |   0.2 st/s |    30,139 tok/s | Metal Unified GPU: 0.69GB (Peak: 4.45GB) | Swap: 4795.19M | ETA: 362.9m
  Step  10300/15257 | ELBO Loss:  13.75 | CE: 5.503 | LR: 9.68e-05 |   0.2 st/s |    30,146 tok/s | Metal Unified GPU: 0.69GB (Peak: 4.45GB) | Swap: 4795.19M | ETA: 359.2m
  Step  10350/15257 | ELBO Loss:  14.38 | CE: 5.715 | LR: 9.56e-05 |   0.2 st/s |    30,152 tok/s | Metal Unified GPU: 0.69GB (Peak: 4.45GB) | Swap: 4795.19M | ETA: 355.5m
  Step  10400/15257 | ELBO Loss:  14.54 | CE: 5.686 | LR: 9.44e-05 |   0.2 st/s |    30,157 tok/s | Metal Unified GPU: 0.69GB (Peak: 4.45GB) | Swap: 4795.19M | ETA: 351.8m
  Step  10450/15257 | ELBO Loss:  13.73 | CE: 5.460 | LR: 9.32e-05 |   0.2 st/s |    30,163 tok/s | Metal Unified GPU: 0.69GB (Peak: 4.45GB) | Swap: 4795.19M | ETA: 348.1m
  Step  10500/15257 | ELBO Loss:  14.19 | CE: 5.656 | LR: 9.20e-05 |   0.2 st/s |    30,168 tok/s | Metal Unified GPU: 0.69GB (Peak: 4.45GB) | Swap: 4795.19M | ETA: 344.5m
  Step  10550/15257 | ELBO Loss:  14.66 | CE: 5.722 | LR: 9.08e-05 |   0.2 st/s |    30,174 tok/s | Metal Unified GPU: 0.69GB (Peak: 4.45GB) | Swap: 4795.19M | ETA: 340.8m
  Step  10600/15257 | ELBO Loss:  14.50 | CE: 5.752 | LR: 8.96e-05 |   0.2 st/s |    30,178 tok/s | Metal Unified GPU: 0.69GB (Peak: 4.45GB) | Swap: 4795.19M | ETA: 337.1m
  Step  10650/15257 | ELBO Loss:  14.82 | CE: 5.823 | LR: 8.84e-05 |   0.2 st/s |    30,183 tok/s | Metal Unified GPU: 0.69GB (Peak: 4.45GB) | Swap: 4795.19M | ETA: 333.4m
  Step  10700/15257 | ELBO Loss:  14.26 | CE: 5.659 | LR: 8.73e-05 |   0.2 st/s |    30,186 tok/s | Metal Unified GPU: 0.69GB (Peak: 4.45GB) | Swap: 4795.19M | ETA: 329.8m
  Step  10750/15257 | ELBO Loss:  14.58 | CE: 5.815 | LR: 8.61e-05 |   0.2 st/s |    30,191 tok/s | Metal Unified GPU: 0.69GB (Peak: 4.45GB) | Swap: 4795.19M | ETA: 326.1m
  Step  10800/15257 | ELBO Loss:  14.56 | CE: 5.752 | LR: 8.50e-05 |   0.2 st/s |    30,195 tok/s | Metal Unified GPU: 0.69GB (Peak: 4.45GB) | Swap: 4795.19M | ETA: 322.5m
  Step  10850/15257 | ELBO Loss:  13.81 | CE: 5.586 | LR: 8.38e-05 |   0.2 st/s |    30,201 tok/s | Metal Unified GPU: 0.69GB (Peak: 4.45GB) | Swap: 4795.19M | ETA: 318.8m
  Step  10900/15257 | ELBO Loss:  14.22 | CE: 5.743 | LR: 8.27e-05 |   0.2 st/s |    30,206 tok/s | Metal Unified GPU: 0.69GB (Peak: 4.45GB) | Swap: 4795.19M | ETA: 315.1m
  Step  10950/15257 | ELBO Loss:  14.29 | CE: 5.733 | LR: 8.16e-05 |   0.2 st/s |    30,211 tok/s | Metal Unified GPU: 0.69GB (Peak: 4.45GB) | Swap: 4795.19M | ETA: 311.4m
  Step  11000/15257 | ELBO Loss:  14.48 | CE: 5.782 | LR: 8.05e-05 |   0.2 st/s |    30,215 tok/s | Metal Unified GPU: 0.69GB (Peak: 4.45GB) | Swap: 4795.19M | ETA: 307.8m
  Step  11050/15257 | ELBO Loss:  14.33 | CE: 5.601 | LR: 7.94e-05 |   0.2 st/s |    30,221 tok/s | Metal Unified GPU: 0.69GB (Peak: 4.45GB) | Swap: 4795.19M | ETA: 304.1m
  Step  11100/15257 | ELBO Loss:  14.11 | CE: 5.629 | LR: 7.83e-05 |   0.2 st/s |    30,224 tok/s | Metal Unified GPU: 0.69GB (Peak: 4.45GB) | Swap: 4795.19M | ETA: 300.5m
  Step  11150/15257 | ELBO Loss:  14.36 | CE: 5.691 | LR: 7.72e-05 |   0.2 st/s |    30,229 tok/s | Metal Unified GPU: 0.69GB (Peak: 4.45GB) | Swap: 4795.19M | ETA: 296.8m
  Step  11200/15257 | ELBO Loss:  14.74 | CE: 5.752 | LR: 7.61e-05 |   0.2 st/s |    30,233 tok/s | Metal Unified GPU: 0.69GB (Peak: 4.45GB) | Swap: 4795.19M | ETA: 293.1m
  Step  11250/15257 | ELBO Loss:  14.37 | CE: 5.654 | LR: 7.51e-05 |   0.2 st/s |    30,238 tok/s | Metal Unified GPU: 0.69GB (Peak: 4.45GB) | Swap: 4795.19M | ETA: 289.5m
  Step  11300/15257 | ELBO Loss:  14.51 | CE: 5.697 | LR: 7.40e-05 |   0.2 st/s |    30,243 tok/s | Metal Unified GPU: 0.69GB (Peak: 4.45GB) | Swap: 4787.19M | ETA: 285.8m
  Step  11350/15257 | ELBO Loss:  14.34 | CE: 5.735 | LR: 7.30e-05 |   0.2 st/s |    30,248 tok/s | Metal Unified GPU: 0.69GB (Peak: 4.45GB) | Swap: 4787.19M | ETA: 282.2m
  Step  11400/15257 | ELBO Loss:  14.62 | CE: 5.703 | LR: 7.19e-05 |   0.2 st/s |    30,252 tok/s | Metal Unified GPU: 0.69GB (Peak: 4.45GB) | Swap: 4787.19M | ETA: 278.5m
  Step  11450/15257 | ELBO Loss:  15.17 | CE: 5.940 | LR: 7.09e-05 |   0.2 st/s |    30,256 tok/s | Metal Unified GPU: 0.69GB (Peak: 4.45GB) | Swap: 4787.19M | ETA: 274.9m
  Step  11500/15257 | ELBO Loss:  14.18 | CE: 5.674 | LR: 6.99e-05 |   0.2 st/s |    30,259 tok/s | Metal Unified GPU: 0.69GB (Peak: 4.45GB) | Swap: 4771.19M | ETA: 271.2m
  Step  11550/15257 | ELBO Loss:  14.18 | CE: 5.608 | LR: 6.89e-05 |   0.2 st/s |    30,263 tok/s | Metal Unified GPU: 0.69GB (Peak: 4.45GB) | Swap: 4771.19M | ETA: 267.6m
  Step  11600/15257 | ELBO Loss:  14.30 | CE: 5.654 | LR: 6.79e-05 |   0.2 st/s |    30,267 tok/s | Metal Unified GPU: 0.69GB (Peak: 4.45GB) | Swap: 4771.19M | ETA: 263.9m
  Step  11650/15257 | ELBO Loss:  14.99 | CE: 5.922 | LR: 6.69e-05 |   0.2 st/s |    30,271 tok/s | Metal Unified GPU: 0.69GB (Peak: 4.45GB) | Swap: 4771.19M | ETA: 260.3m
  Step  11700/15257 | ELBO Loss:  14.46 | CE: 5.710 | LR: 6.60e-05 |   0.2 st/s |    30,274 tok/s | Metal Unified GPU: 0.69GB (Peak: 4.45GB) | Swap: 4771.19M | ETA: 256.7m
  Step  11750/15257 | ELBO Loss:  14.90 | CE: 5.792 | LR: 6.50e-05 |   0.2 st/s |    30,276 tok/s | Metal Unified GPU: 0.69GB (Peak: 4.45GB) | Swap: 4771.19M | ETA: 253.0m
  Step  11800/15257 | ELBO Loss:  14.60 | CE: 5.824 | LR: 6.41e-05 |   0.2 st/s |    30,280 tok/s | Metal Unified GPU: 0.69GB (Peak: 4.45GB) | Swap: 4771.19M | ETA: 249.4m
  Step  11850/15257 | ELBO Loss:  14.46 | CE: 5.750 | LR: 6.31e-05 |   0.2 st/s |    30,283 tok/s | Metal Unified GPU: 0.69GB (Peak: 4.45GB) | Swap: 4771.19M | ETA: 245.8m
  Step  11900/15257 | ELBO Loss:  14.36 | CE: 5.678 | LR: 6.22e-05 |   0.2 st/s |    30,286 tok/s | Metal Unified GPU: 0.69GB (Peak: 4.45GB) | Swap: 4771.19M | ETA: 242.1m
  Step  11950/15257 | ELBO Loss:  14.50 | CE: 5.700 | LR: 6.13e-05 |   0.2 st/s |    30,289 tok/s | Metal Unified GPU: 0.69GB (Peak: 4.45GB) | Swap: 4771.19M | ETA: 238.5m
  Step  12000/15257 | ELBO Loss:  14.42 | CE: 5.685 | LR: 6.04e-05 |   0.2 st/s |    30,294 tok/s | Metal Unified GPU: 0.69GB (Peak: 4.45GB) | Swap: 4763.19M | ETA: 234.9m
  Step  12050/15257 | ELBO Loss:  14.93 | CE: 5.792 | LR: 5.95e-05 |   0.2 st/s |    30,299 tok/s | Metal Unified GPU: 0.69GB (Peak: 4.45GB) | Swap: 4763.19M | ETA: 231.2m
  Step  12100/15257 | ELBO Loss:  14.45 | CE: 5.670 | LR: 5.86e-05 |   0.2 st/s |    30,304 tok/s | Metal Unified GPU: 0.69GB (Peak: 4.45GB) | Swap: 4763.19M | ETA: 227.6m
  Step  12150/15257 | ELBO Loss:  13.90 | CE: 5.605 | LR: 5.77e-05 |   0.2 st/s |    30,309 tok/s | Metal Unified GPU: 0.69GB (Peak: 4.45GB) | Swap: 4763.19M | ETA: 223.9m
  Step  12200/15257 | ELBO Loss:  14.38 | CE: 5.645 | LR: 5.69e-05 |   0.2 st/s |    30,314 tok/s | Metal Unified GPU: 0.69GB (Peak: 4.45GB) | Swap: 4763.19M | ETA: 220.3m
  Step  12250/15257 | ELBO Loss:  14.05 | CE: 5.649 | LR: 5.60e-05 |   0.2 st/s |    30,319 tok/s | Metal Unified GPU: 0.69GB (Peak: 4.45GB) | Swap: 4763.19M | ETA: 216.7m
  Step  12300/15257 | ELBO Loss:  14.88 | CE: 5.850 | LR: 5.52e-05 |   0.2 st/s |    30,324 tok/s | Metal Unified GPU: 0.69GB (Peak: 4.45GB) | Swap: 4763.19M | ETA: 213.0m
  Step  12350/15257 | ELBO Loss:  14.53 | CE: 5.767 | LR: 5.44e-05 |   0.2 st/s |    30,328 tok/s | Metal Unified GPU: 0.69GB (Peak: 4.45GB) | Swap: 4763.19M | ETA: 209.4m
  Step  12400/15257 | ELBO Loss:  14.33 | CE: 5.680 | LR: 5.36e-05 |   0.2 st/s |    30,335 tok/s | Metal Unified GPU: 0.69GB (Peak: 4.45GB) | Swap: 4763.19M | ETA: 205.7m
  Step  12450/15257 | ELBO Loss:  14.47 | CE: 5.869 | LR: 5.28e-05 |   0.2 st/s |    30,346 tok/s | Metal Unified GPU: 0.69GB (Peak: 4.45GB) | Swap: 4763.19M | ETA: 202.1m
  Step  12500/15257 | ELBO Loss:  14.72 | CE: 5.812 | LR: 5.20e-05 |   0.2 st/s |    30,357 tok/s | Metal Unified GPU: 0.69GB (Peak: 4.45GB) | Swap: 4763.19M | ETA: 198.4m
  Step  12550/15257 | ELBO Loss:  14.81 | CE: 5.797 | LR: 5.12e-05 |   0.2 st/s |    30,368 tok/s | Metal Unified GPU: 0.69GB (Peak: 4.45GB) | Swap: 4763.19M | ETA: 194.7m
  Step  12600/15257 | ELBO Loss:  14.77 | CE: 5.748 | LR: 5.05e-05 |   0.2 st/s |    30,378 tok/s | Metal Unified GPU: 0.69GB (Peak: 4.45GB) | Swap: 4763.19M | ETA: 191.1m
  Step  12650/15257 | ELBO Loss:  14.81 | CE: 5.870 | LR: 4.97e-05 |   0.2 st/s |    30,389 tok/s | Metal Unified GPU: 0.69GB (Peak: 4.45GB) | Swap: 4763.19M | ETA: 187.4m
  Step  12700/15257 | ELBO Loss:  14.11 | CE: 5.629 | LR: 4.90e-05 |   0.2 st/s |    30,400 tok/s | Metal Unified GPU: 0.69GB (Peak: 4.45GB) | Swap: 4763.19M | ETA: 183.7m
  Step  12750/15257 | ELBO Loss:  14.55 | CE: 5.763 | LR: 4.83e-05 |   0.2 st/s |    30,410 tok/s | Metal Unified GPU: 0.69GB (Peak: 4.45GB) | Swap: 4763.19M | ETA: 180.1m
  Step  12800/15257 | ELBO Loss:  14.04 | CE: 5.640 | LR: 4.76e-05 |   0.2 st/s |    30,420 tok/s | Metal Unified GPU: 0.69GB (Peak: 4.45GB) | Swap: 4763.19M | ETA: 176.4m
  Step  12850/15257 | ELBO Loss:  13.70 | CE: 5.614 | LR: 4.69e-05 |   0.2 st/s |    30,429 tok/s | Metal Unified GPU: 0.69GB (Peak: 4.45GB) | Swap: 4763.19M | ETA: 172.8m
  Step  12900/15257 | ELBO Loss:  14.33 | CE: 5.762 | LR: 4.62e-05 |   0.2 st/s |    30,439 tok/s | Metal Unified GPU: 0.69GB (Peak: 4.45GB) | Swap: 4763.19M | ETA: 169.2m
  Step  12950/15257 | ELBO Loss:  14.63 | CE: 5.757 | LR: 4.55e-05 |   0.2 st/s |    30,448 tok/s | Metal Unified GPU: 0.69GB (Peak: 4.45GB) | Swap: 4763.19M | ETA: 165.5m
  Step  13000/15257 | ELBO Loss:  14.32 | CE: 5.676 | LR: 4.49e-05 |   0.2 st/s |    30,458 tok/s | Metal Unified GPU: 0.69GB (Peak: 4.45GB) | Swap: 4763.19M | ETA: 161.9m
  Step  13050/15257 | ELBO Loss:  14.83 | CE: 5.903 | LR: 4.42e-05 |   0.2 st/s |    30,468 tok/s | Metal Unified GPU: 0.69GB (Peak: 4.45GB) | Swap: 4763.19M | ETA: 158.2m
  Step  13100/15257 | ELBO Loss:  14.39 | CE: 5.664 | LR: 4.36e-05 |   0.2 st/s |    30,477 tok/s | Metal Unified GPU: 0.69GB (Peak: 4.45GB) | Swap: 4763.19M | ETA: 154.6m
  Step  13150/15257 | ELBO Loss:  14.85 | CE: 5.779 | LR: 4.30e-05 |   0.2 st/s |    30,486 tok/s | Metal Unified GPU: 0.69GB (Peak: 4.45GB) | Swap: 4763.19M | ETA: 151.0m
  Step  13200/15257 | ELBO Loss:  14.27 | CE: 5.691 | LR: 4.24e-05 |   0.2 st/s |    30,496 tok/s | Metal Unified GPU: 0.69GB (Peak: 4.45GB) | Swap: 4763.19M | ETA: 147.3m
  Step  13250/15257 | ELBO Loss:  14.25 | CE: 5.645 | LR: 4.18e-05 |   0.2 st/s |    30,506 tok/s | Metal Unified GPU: 0.69GB (Peak: 4.45GB) | Swap: 4763.19M | ETA: 143.7m
  Step  13300/15257 | ELBO Loss:  14.35 | CE: 5.716 | LR: 4.12e-05 |   0.2 st/s |    30,516 tok/s | Metal Unified GPU: 0.69GB (Peak: 4.45GB) | Swap: 4763.19M | ETA: 140.1m
  Step  13350/15257 | ELBO Loss:  14.41 | CE: 5.709 | LR: 4.07e-05 |   0.2 st/s |    30,525 tok/s | Metal Unified GPU: 0.69GB (Peak: 4.45GB) | Swap: 4763.19M | ETA: 136.5m
  Step  13400/15257 | ELBO Loss:  14.25 | CE: 5.679 | LR: 4.01e-05 |   0.2 st/s |    30,535 tok/s | Metal Unified GPU: 0.69GB (Peak: 4.45GB) | Swap: 4763.19M | ETA: 132.9m
  Step  13450/15257 | ELBO Loss:  15.13 | CE: 5.832 | LR: 3.96e-05 |   0.2 st/s |    30,544 tok/s | Metal Unified GPU: 0.69GB (Peak: 4.45GB) | Swap: 4755.19M | ETA: 129.2m
  Step  13500/15257 | ELBO Loss:  14.34 | CE: 5.798 | LR: 3.91e-05 |   0.2 st/s |    30,550 tok/s | Metal Unified GPU: 0.69GB (Peak: 4.45GB) | Swap: 4755.19M | ETA: 125.6m
  Step  13550/15257 | ELBO Loss:  15.26 | CE: 5.982 | LR: 3.86e-05 |   0.2 st/s |    30,562 tok/s | Metal Unified GPU: 0.69GB (Peak: 4.45GB) | Swap: 4747.19M | ETA: 122.0m
  Step  13600/15257 | ELBO Loss:  14.64 | CE: 5.866 | LR: 3.81e-05 |   0.2 st/s |    30,576 tok/s | Metal Unified GPU: 0.69GB (Peak: 4.45GB) | Swap: 4747.19M | ETA: 118.4m
  Step  13650/15257 | ELBO Loss:  13.68 | CE: 5.502 | LR: 3.76e-05 |   0.2 st/s |    30,590 tok/s | Metal Unified GPU: 0.69GB (Peak: 4.45GB) | Swap: 4739.19M | ETA: 114.8m
  Step  13700/15257 | ELBO Loss:  14.58 | CE: 5.761 | LR: 3.72e-05 |   0.2 st/s |    30,604 tok/s | Metal Unified GPU: 0.69GB (Peak: 4.45GB) | Swap: 4739.19M | ETA: 111.1m
  Step  13750/15257 | ELBO Loss:  14.16 | CE: 5.699 | LR: 3.67e-05 |   0.2 st/s |    30,618 tok/s | Metal Unified GPU: 0.69GB (Peak: 4.45GB) | Swap: 4739.19M | ETA: 107.5m
  Step  13800/15257 | ELBO Loss:  13.94 | CE: 5.549 | LR: 3.63e-05 |   0.2 st/s |    30,632 tok/s | Metal Unified GPU: 0.69GB (Peak: 4.45GB) | Swap: 4739.19M | ETA: 103.9m
  Step  13850/15257 | ELBO Loss:  14.76 | CE: 5.823 | LR: 3.59e-05 |   0.2 st/s |    30,646 tok/s | Metal Unified GPU: 0.69GB (Peak: 4.45GB) | Swap: 4739.19M | ETA: 100.3m
  Step  13900/15257 | ELBO Loss:  14.31 | CE: 5.601 | LR: 3.54e-05 |   0.2 st/s |    30,660 tok/s | Metal Unified GPU: 0.69GB (Peak: 4.45GB) | Swap: 4739.19M | ETA: 96.7m
  Step  13950/15257 | ELBO Loss:  14.11 | CE: 5.607 | LR: 3.51e-05 |   0.2 st/s |    30,674 tok/s | Metal Unified GPU: 0.69GB (Peak: 4.45GB) | Swap: 4739.19M | ETA: 93.1m
  Step  14000/15257 | ELBO Loss:  14.54 | CE: 5.756 | LR: 3.47e-05 |   0.2 st/s |    30,687 tok/s | Metal Unified GPU: 0.69GB (Peak: 4.45GB) | Swap: 4739.19M | ETA: 89.5m
  Step  14050/15257 | ELBO Loss:  13.90 | CE: 5.635 | LR: 3.43e-05 |   0.2 st/s |    30,700 tok/s | Metal Unified GPU: 0.69GB (Peak: 4.45GB) | Swap: 4739.19M | ETA: 85.9m
  Step  14100/15257 | ELBO Loss:  14.36 | CE: 5.609 | LR: 3.40e-05 |   0.2 st/s |    30,713 tok/s | Metal Unified GPU: 0.69GB (Peak: 4.45GB) | Swap: 4739.19M | ETA: 82.3m
  Step  14150/15257 | ELBO Loss:  14.49 | CE: 5.676 | LR: 3.36e-05 |   0.2 st/s |    30,726 tok/s | Metal Unified GPU: 0.69GB (Peak: 4.45GB) | Swap: 4739.19M | ETA: 78.7m
  Step  14200/15257 | ELBO Loss:  13.49 | CE: 5.459 | LR: 3.33e-05 |   0.2 st/s |    30,739 tok/s | Metal Unified GPU: 0.69GB (Peak: 4.45GB) | Swap: 4739.19M | ETA: 75.1m
  Step  14250/15257 | ELBO Loss:  14.45 | CE: 5.661 | LR: 3.30e-05 |   0.2 st/s |    30,751 tok/s | Metal Unified GPU: 0.69GB (Peak: 4.45GB) | Swap: 4739.19M | ETA: 71.5m
  Step  14300/15257 | ELBO Loss:  14.90 | CE: 5.769 | LR: 3.27e-05 |   0.2 st/s |    30,764 tok/s | Metal Unified GPU: 0.69GB (Peak: 4.45GB) | Swap: 4739.19M | ETA: 68.0m
  Step  14350/15257 | ELBO Loss:  14.54 | CE: 5.732 | LR: 3.24e-05 |   0.2 st/s |    30,776 tok/s | Metal Unified GPU: 0.69GB (Peak: 4.45GB) | Swap: 4739.19M | ETA: 64.4m
  Step  14400/15257 | ELBO Loss:  14.62 | CE: 5.772 | LR: 3.22e-05 |   0.2 st/s |    30,788 tok/s | Metal Unified GPU: 0.69GB (Peak: 4.45GB) | Swap: 4739.19M | ETA: 60.8m
  Step  14450/15257 | ELBO Loss:  14.88 | CE: 5.846 | LR: 3.19e-05 |   0.2 st/s |    30,800 tok/s | Metal Unified GPU: 0.69GB (Peak: 4.45GB) | Swap: 4739.19M | ETA: 57.2m
  Step  14500/15257 | ELBO Loss:  14.13 | CE: 5.598 | LR: 3.17e-05 |   0.2 st/s |    30,812 tok/s | Metal Unified GPU: 0.69GB (Peak: 4.45GB) | Swap: 4739.19M | ETA: 53.7m
  Step  14550/15257 | ELBO Loss:  14.61 | CE: 5.707 | LR: 3.15e-05 |   0.2 st/s |    30,822 tok/s | Metal Unified GPU: 0.69GB (Peak: 4.45GB) | Swap: 4739.19M | ETA: 50.1m
  Step  14600/15257 | ELBO Loss:  14.83 | CE: 5.889 | LR: 3.13e-05 |   0.2 st/s |    30,828 tok/s | Metal Unified GPU: 0.69GB (Peak: 4.45GB) | Swap: 4731.19M | ETA: 46.6m
  Step  14650/15257 | ELBO Loss:  14.64 | CE: 5.747 | LR: 3.11e-05 |   0.2 st/s |    30,838 tok/s | Metal Unified GPU: 0.69GB (Peak: 4.45GB) | Swap: 4731.19M | ETA: 43.0m
  Step  14700/15257 | ELBO Loss:  14.37 | CE: 5.682 | LR: 3.09e-05 |   0.2 st/s |    30,848 tok/s | Metal Unified GPU: 0.69GB (Peak: 4.45GB) | Swap: 4731.19M | ETA: 39.4m
  Step  14750/15257 | ELBO Loss:  14.76 | CE: 5.758 | LR: 3.08e-05 |   0.2 st/s |    30,839 tok/s | Metal Unified GPU: 0.69GB (Peak: 4.45GB) | Swap: 4715.19M | ETA: 35.9m
  Step  14800/15257 | ELBO Loss:  14.62 | CE: 5.693 | LR: 3.06e-05 |   0.2 st/s |    30,829 tok/s | Metal Unified GPU: 0.69GB (Peak: 4.45GB) | Swap: 4715.19M | ETA: 32.4m
  Step  14850/15257 | ELBO Loss:  14.50 | CE: 5.753 | LR: 3.05e-05 |   0.2 st/s |    30,816 tok/s | Metal Unified GPU: 0.69GB (Peak: 4.45GB) | Swap: 4683.19M | ETA: 28.9m
